2026-04-04 19:58:57,859 [INFO] database — DB 'face_capture_db' ready.
2026-04-04 19:58:58,411 [INFO] database — Original 4 tables synced in 'face_capture_db'.
2026-04-04 19:58:58,529 [INFO] database — New 4 tables verified/created in 'face_capture_db'.
2026-04-04 19:58:58,531 [INFO] face_processor — Pre-loading DeepFace model weights…
2026-04-04 19:58:58,531 [INFO] main — Model preload started in background — server is online immediately.
2026-04-04 19:59:27,198 [WARNING] tensorflow — From C:\Siva successful projects\Face capture\PyBackend\venv310\lib\site-packages\tf_keras\src\losses.py:2976: The name tf.losses.sparse_softmax_cross_entropy is deprecated. Please use tf.compat.v1.losses.sparse_softmax_cross_entropy instead.

2026-04-04 19:59:29,066 [INFO] face_processor — DeepFace loaded (model=ArcFace)
2026-04-04 19:59:35,991 [INFO] face_processor — DeepFace pre-load OK.
2026-04-04 19:59:35,991 [INFO] main — ✅ Model ready — all uploads will now be < 200 ms.
2026-04-04 20:03:02,666 [INFO] face_processor — Compare: cos=0.1682 emb=0.584 lm=0.992 comb=0.706 matched=False
2026-04-04 20:03:02,670 [INFO] face_processor — Compare: cos=0.3007 emb=0.650 lm=0.991 comb=0.753 matched=False
2026-04-04 20:03:02,671 [INFO] face_processor — Compare: cos=0.1683 emb=0.584 lm=0.919 comb=0.684 matched=False
2026-04-04 20:03:02,671 [INFO] face_processor — Compare: cos=0.2339 emb=0.617 lm=0.997 comb=0.731 matched=False
2026-04-04 20:03:02,671 [INFO] face_processor — Compare: cos=0.3509 emb=0.675 lm=0.998 comb=0.772 matched=False
2026-04-04 20:03:02,671 [INFO] face_processor — Compare: cos=0.0560 emb=0.528 lm=0.992 comb=0.667 matched=False
2026-04-04 20:03:02,671 [INFO] face_processor — Compare: cos=0.2362 emb=0.618 lm=0.997 comb=0.732 matched=False
2026-04-04 20:03:02,671 [INFO] face_processor — Compare: cos=0.2416 emb=0.621 lm=0.993 comb=0.733 matched=False
2026-04-04 20:03:02,671 [INFO] face_processor — Compare: cos=0.0453 emb=0.523 lm=0.991 comb=0.663 matched=False
2026-04-04 20:03:02,671 [INFO] face_processor — Compare: cos=0.0956 emb=0.548 lm=0.995 comb=0.682 matched=False
2026-04-04 20:03:02,671 [INFO] face_processor — Compare: cos=0.1468 emb=0.573 lm=0.996 comb=0.700 matched=False
2026-04-04 20:03:02,671 [INFO] face_processor — Compare: cos=0.1535 emb=0.577 lm=0.991 comb=0.701 matched=False
2026-04-04 20:03:02,671 [INFO] face_processor — Compare: cos=0.1201 emb=0.560 lm=0.987 comb=0.688 matched=False
2026-04-04 20:03:02,671 [INFO] face_processor — Compare: cos=0.1806 emb=0.590 lm=0.998 comb=0.713 matched=False
2026-04-04 20:03:02,671 [INFO] face_processor — Compare: cos=0.1800 emb=0.590 lm=0.995 comb=0.711 matched=False
2026-04-04 20:03:02,671 [INFO] face_processor — Compare: cos=0.1520 emb=0.576 lm=0.999 comb=0.703 matched=False
2026-04-04 20:03:02,675 [INFO] face_processor — Compare: cos=0.3421 emb=0.671 lm=0.990 comb=0.767 matched=False
2026-04-04 20:03:02,677 [INFO] face_processor — Compare: cos=0.2702 emb=0.635 lm=0.998 comb=0.744 matched=False
2026-04-04 20:03:02,679 [INFO] face_processor — Compare: cos=0.2189 emb=0.609 lm=0.997 comb=0.726 matched=False
2026-04-04 20:03:02,679 [INFO] face_processor — Compare: cos=0.2132 emb=0.607 lm=0.983 comb=0.720 matched=False
2026-04-04 20:03:02,679 [INFO] face_processor — Compare: cos=-0.0550 emb=0.472 lm=0.998 comb=0.630 matched=False
2026-04-04 20:03:02,679 [INFO] face_processor — Compare: cos=0.3503 emb=0.675 lm=0.998 comb=0.772 matched=False
2026-04-04 20:03:02,679 [INFO] face_processor — Compare: cos=0.2509 emb=0.625 lm=0.986 comb=0.734 matched=False
2026-04-04 20:03:02,679 [INFO] face_processor — Compare: cos=0.1758 emb=0.588 lm=0.998 comb=0.711 matched=False
2026-04-04 20:03:02,679 [INFO] face_processor — Compare: cos=0.3280 emb=0.664 lm=0.997 comb=0.764 matched=False
2026-04-04 20:03:02,681 [INFO] face_processor — Compare: cos=0.3071 emb=0.654 lm=0.992 comb=0.755 matched=False
2026-04-04 20:03:02,681 [INFO] face_processor — Compare: cos=0.3753 emb=0.688 lm=0.994 comb=0.779 matched=False
2026-04-04 20:03:02,688 [INFO] face_processor — Compare: cos=0.2184 emb=0.609 lm=0.993 comb=0.724 matched=False
2026-04-04 20:03:02,688 [INFO] face_processor — Compare: cos=0.0594 emb=0.530 lm=0.993 comb=0.669 matched=False
2026-04-04 20:03:02,689 [INFO] face_processor — Compare: cos=0.1288 emb=0.564 lm=0.997 comb=0.694 matched=False
2026-04-04 20:03:02,689 [INFO] face_processor — Compare: cos=0.1650 emb=0.582 lm=0.997 comb=0.707 matched=False
2026-04-04 20:03:02,689 [INFO] face_processor — Compare: cos=0.1970 emb=0.598 lm=0.991 comb=0.716 matched=False
2026-04-04 20:03:02,689 [INFO] face_processor — Compare: cos=0.0191 emb=0.510 lm=0.995 comb=0.655 matched=False
2026-04-04 20:03:02,689 [INFO] face_processor — Compare: cos=0.0974 emb=0.549 lm=0.986 comb=0.680 matched=False
2026-04-04 20:03:02,689 [INFO] face_processor — Compare: cos=0.2310 emb=0.616 lm=0.995 comb=0.729 matched=False
2026-04-04 20:03:02,689 [INFO] face_processor — Compare: cos=0.2278 emb=0.614 lm=0.999 comb=0.730 matched=False
2026-04-04 20:03:02,689 [INFO] face_processor — Compare: cos=0.3436 emb=0.672 lm=0.988 comb=0.767 matched=False
2026-04-04 20:03:02,689 [INFO] face_processor — Compare: cos=0.1241 emb=0.562 lm=0.999 comb=0.693 matched=False
2026-04-04 20:03:02,689 [INFO] face_processor — Compare: cos=0.0834 emb=0.542 lm=0.992 comb=0.677 matched=False
2026-04-04 20:03:02,690 [INFO] face_processor — Compare: cos=0.1025 emb=0.551 lm=0.844 comb=0.639 matched=False
2026-04-04 20:03:02,690 [INFO] face_processor — Compare: cos=0.2194 emb=0.610 lm=0.980 comb=0.721 matched=False
2026-04-04 20:03:02,690 [INFO] face_processor — Compare: cos=0.1235 emb=0.562 lm=0.996 comb=0.692 matched=False
2026-04-04 20:03:02,690 [INFO] face_processor — Compare: cos=0.2646 emb=0.632 lm=0.983 comb=0.737 matched=False
2026-04-04 20:03:02,695 [INFO] face_processor — Compare: cos=0.3279 emb=0.664 lm=0.992 comb=0.762 matched=False
2026-04-04 20:03:02,697 [INFO] face_processor — Compare: cos=0.3569 emb=0.678 lm=0.990 comb=0.772 matched=False
2026-04-04 20:03:02,699 [INFO] face_processor — Compare: cos=0.2880 emb=0.644 lm=0.978 comb=0.744 matched=False
2026-04-04 20:03:02,699 [INFO] face_processor — Compare: cos=0.0377 emb=0.519 lm=0.984 comb=0.658 matched=False
2026-04-04 20:03:02,700 [INFO] face_processor — Compare: cos=0.0177 emb=0.509 lm=0.987 comb=0.652 matched=False
2026-04-04 20:03:02,700 [INFO] face_processor — Compare: cos=0.1691 emb=0.585 lm=0.992 comb=0.707 matched=False
2026-04-04 20:03:02,700 [INFO] face_processor — Compare: cos=0.2355 emb=0.618 lm=0.996 comb=0.731 matched=False
2026-04-04 20:03:02,700 [INFO] face_processor — Compare: cos=0.3037 emb=0.652 lm=0.930 comb=0.735 matched=False
2026-04-04 20:03:02,700 [INFO] face_processor — Compare: cos=0.2851 emb=0.643 lm=0.992 comb=0.747 matched=False
2026-04-04 20:03:02,703 [INFO] face_processor — Compare: cos=0.1752 emb=0.588 lm=0.997 comb=0.710 matched=False
2026-04-04 20:03:02,704 [INFO] face_processor — Compare: cos=0.2092 emb=0.605 lm=0.998 comb=0.723 matched=False
2026-04-04 20:03:02,705 [INFO] face_processor — Compare: cos=0.1751 emb=0.588 lm=0.997 comb=0.710 matched=False
2026-04-04 20:03:02,705 [INFO] face_processor — Compare: cos=0.1509 emb=0.575 lm=0.997 comb=0.702 matched=False
2026-04-04 20:03:02,705 [INFO] face_processor — Compare: cos=0.2886 emb=0.644 lm=0.996 comb=0.750 matched=False
2026-04-04 20:03:02,705 [INFO] face_processor — Compare: cos=0.3207 emb=0.660 lm=0.988 comb=0.759 matched=False
2026-04-04 20:03:02,706 [INFO] face_processor — Compare: cos=0.0140 emb=0.507 lm=0.927 comb=0.633 matched=False
2026-04-04 20:03:02,706 [INFO] face_processor — Compare: cos=0.2491 emb=0.625 lm=0.979 comb=0.731 matched=False
2026-04-04 20:03:02,706 [INFO] face_processor — Compare: cos=0.2301 emb=0.615 lm=0.991 comb=0.728 matched=False
2026-04-04 20:03:02,706 [INFO] face_processor — Compare: cos=0.2380 emb=0.619 lm=0.998 comb=0.733 matched=False
2026-04-04 20:03:02,706 [INFO] face_processor — Compare: cos=0.1597 emb=0.580 lm=0.987 comb=0.702 matched=False
2026-04-04 20:03:02,706 [INFO] face_processor — Compare: cos=0.3814 emb=0.691 lm=0.997 comb=0.783 matched=False
2026-04-04 20:03:02,713 [INFO] face_processor — Compare: cos=-0.1174 emb=0.441 lm=0.998 comb=0.608 matched=False
2026-04-04 20:03:02,713 [INFO] face_processor — Compare: cos=0.0743 emb=0.537 lm=0.997 comb=0.675 matched=False
2026-04-04 20:03:02,715 [INFO] face_processor — Compare: cos=0.1383 emb=0.569 lm=0.997 comb=0.697 matched=False
2026-04-04 20:03:02,715 [INFO] face_processor — Compare: cos=0.2116 emb=0.606 lm=0.999 comb=0.724 matched=False
2026-04-04 20:03:02,715 [INFO] face_processor — Compare: cos=0.1623 emb=0.581 lm=0.992 comb=0.704 matched=False
2026-04-04 20:03:02,716 [INFO] face_processor — Compare: cos=0.0228 emb=0.511 lm=0.993 comb=0.656 matched=False
2026-04-04 20:03:02,717 [INFO] face_processor — Compare: cos=0.0671 emb=0.534 lm=0.994 comb=0.672 matched=False
2026-04-04 20:03:02,717 [INFO] face_processor — Compare: cos=0.1028 emb=0.551 lm=0.930 comb=0.665 matched=False
2026-04-04 20:03:02,717 [INFO] face_processor — Compare: cos=0.2000 emb=0.600 lm=0.993 comb=0.718 matched=False
2026-04-04 20:03:02,717 [INFO] face_processor — Compare: cos=0.0713 emb=0.536 lm=0.992 comb=0.673 matched=False
2026-04-04 20:03:02,717 [INFO] face_processor — Compare: cos=0.2823 emb=0.641 lm=0.999 comb=0.748 matched=False
2026-04-04 20:03:02,717 [INFO] face_processor — Compare: cos=0.0953 emb=0.548 lm=0.992 comb=0.681 matched=False
2026-04-04 20:03:02,717 [INFO] face_processor — Compare: cos=0.1839 emb=0.592 lm=0.986 comb=0.710 matched=False
2026-04-04 20:03:02,717 [INFO] face_processor — Compare: cos=0.3087 emb=0.654 lm=0.994 comb=0.756 matched=False
2026-04-04 20:03:02,717 [INFO] face_processor — Compare: cos=0.0636 emb=0.532 lm=0.990 comb=0.669 matched=False
2026-04-04 20:03:02,718 [INFO] face_processor — Compare: cos=0.1679 emb=0.584 lm=0.998 comb=0.708 matched=False
2026-04-04 20:03:02,718 [INFO] face_processor — Compare: cos=0.0614 emb=0.531 lm=0.995 comb=0.670 matched=False
2026-04-04 20:03:02,718 [INFO] face_processor — Compare: cos=0.2525 emb=0.626 lm=0.993 comb=0.736 matched=False
2026-04-04 20:03:02,718 [INFO] face_processor — Compare: cos=0.1943 emb=0.597 lm=0.997 comb=0.717 matched=False
2026-04-04 20:03:02,718 [INFO] face_processor — Compare: cos=0.3321 emb=0.666 lm=0.998 comb=0.765 matched=False
2026-04-04 20:03:02,718 [INFO] face_processor — Compare: cos=0.1045 emb=0.552 lm=0.994 comb=0.685 matched=False
2026-04-04 20:03:02,718 [INFO] face_processor — Compare: cos=0.2028 emb=0.601 lm=0.985 comb=0.717 matched=False
2026-04-04 20:03:02,718 [INFO] face_processor — Compare: cos=0.1059 emb=0.553 lm=0.993 comb=0.685 matched=False
2026-04-04 20:03:02,719 [INFO] face_processor — Compare: cos=0.3878 emb=0.694 lm=0.993 comb=0.783 matched=False
2026-04-04 20:03:02,719 [INFO] face_processor — Compare: cos=0.1534 emb=0.577 lm=0.979 comb=0.697 matched=False
2026-04-04 20:03:02,719 [INFO] face_processor — Compare: cos=0.1399 emb=0.570 lm=0.932 comb=0.678 matched=False
2026-04-04 20:03:02,719 [INFO] face_processor — Compare: cos=0.2411 emb=0.621 lm=0.989 comb=0.731 matched=False
2026-04-04 20:03:02,719 [INFO] face_processor — Compare: cos=0.0912 emb=0.546 lm=0.983 comb=0.677 matched=False
2026-04-04 20:03:02,719 [INFO] face_processor — Compare: cos=0.0278 emb=0.514 lm=0.986 comb=0.656 matched=False
2026-04-04 20:03:02,719 [INFO] face_processor — Compare: cos=0.0642 emb=0.532 lm=0.988 comb=0.669 matched=False
2026-04-04 20:03:02,719 [INFO] face_processor — Compare: cos=0.2082 emb=0.604 lm=0.998 comb=0.722 matched=False
2026-04-04 20:03:02,719 [INFO] face_processor — Compare: cos=0.2631 emb=0.632 lm=0.998 comb=0.742 matched=False
2026-04-04 20:03:02,719 [INFO] face_processor — Compare: cos=0.2186 emb=0.609 lm=0.996 comb=0.725 matched=False
2026-04-04 20:03:02,719 [INFO] face_processor — Compare: cos=0.1879 emb=0.594 lm=0.994 comb=0.714 matched=False
2026-04-04 20:03:02,719 [INFO] face_processor — Compare: cos=0.2114 emb=0.606 lm=0.997 comb=0.723 matched=False
2026-04-04 20:03:02,719 [INFO] face_processor — Compare: cos=0.1407 emb=0.570 lm=0.997 comb=0.698 matched=False
2026-04-04 20:03:02,719 [INFO] face_processor — Compare: cos=0.3515 emb=0.676 lm=0.999 comb=0.773 matched=False
2026-04-04 20:03:02,719 [INFO] face_processor — Compare: cos=0.3069 emb=0.653 lm=0.996 comb=0.756 matched=False
2026-04-04 20:03:02,719 [INFO] face_processor — Compare: cos=0.1605 emb=0.580 lm=0.993 comb=0.704 matched=False
2026-04-04 20:03:02,719 [INFO] face_processor — Compare: cos=0.1571 emb=0.579 lm=0.990 comb=0.702 matched=False
2026-04-04 20:03:02,719 [INFO] face_processor — Compare: cos=-0.0321 emb=0.484 lm=0.992 comb=0.636 matched=False
2026-04-04 20:03:02,719 [INFO] face_processor — Compare: cos=0.0321 emb=0.516 lm=0.998 comb=0.661 matched=False
2026-04-04 20:03:02,719 [INFO] face_processor — Compare: cos=0.0114 emb=0.506 lm=0.977 comb=0.647 matched=False
2026-04-04 20:03:02,719 [INFO] face_processor — Compare: cos=0.2805 emb=0.640 lm=0.977 comb=0.741 matched=False
2026-04-04 20:03:02,723 [INFO] face_processor — Compare: cos=0.2304 emb=0.615 lm=0.997 comb=0.730 matched=False
2026-04-04 20:03:02,723 [INFO] face_processor — Compare: cos=0.1528 emb=0.576 lm=0.994 comb=0.702 matched=False
2026-04-04 20:03:02,723 [INFO] face_processor — Compare: cos=0.2293 emb=0.615 lm=0.996 comb=0.729 matched=False
2026-04-04 20:03:02,723 [INFO] face_processor — Compare: cos=0.3659 emb=0.683 lm=0.992 comb=0.776 matched=False
2026-04-04 20:03:02,723 [INFO] face_processor — Compare: cos=0.2670 emb=0.634 lm=0.991 comb=0.741 matched=False
2026-04-04 20:03:02,727 [INFO] face_processor — Compare: cos=0.2454 emb=0.623 lm=0.998 comb=0.735 matched=False
2026-04-04 20:03:02,729 [INFO] face_processor — Compare: cos=0.1897 emb=0.595 lm=0.995 comb=0.715 matched=False
2026-04-04 20:03:02,729 [INFO] face_processor — Compare: cos=0.1404 emb=0.570 lm=0.994 comb=0.697 matched=False
2026-04-04 20:03:02,729 [INFO] face_processor — Compare: cos=0.2171 emb=0.609 lm=0.992 comb=0.724 matched=False
2026-04-04 20:03:02,733 [INFO] face_processor — Compare: cos=0.2802 emb=0.640 lm=0.989 comb=0.745 matched=False
2026-04-04 20:03:02,733 [INFO] face_processor — Compare: cos=0.3552 emb=0.678 lm=0.998 comb=0.774 matched=False
2026-04-04 20:03:02,735 [INFO] face_processor — Compare: cos=0.3114 emb=0.656 lm=0.984 comb=0.754 matched=False
2026-04-04 20:03:02,735 [INFO] face_processor — Compare: cos=0.1616 emb=0.581 lm=0.995 comb=0.705 matched=False
2026-04-04 20:03:02,736 [INFO] face_processor — Compare: cos=0.1383 emb=0.569 lm=0.995 comb=0.697 matched=False
2026-04-04 20:03:02,738 [INFO] face_processor — Compare: cos=0.4198 emb=0.710 lm=0.995 comb=0.795 matched=False
2026-04-04 20:03:02,738 [INFO] face_processor — Compare: cos=0.1689 emb=0.584 lm=0.992 comb=0.707 matched=False
2026-04-04 20:03:02,741 [INFO] face_processor — Compare: cos=0.1386 emb=0.569 lm=0.969 comb=0.689 matched=False
2026-04-04 20:03:02,751 [INFO] face_processor — Compare: cos=0.3356 emb=0.668 lm=0.997 comb=0.766 matched=False
2026-04-04 20:03:02,752 [INFO] face_processor — Compare: cos=0.2996 emb=0.650 lm=0.993 comb=0.753 matched=False
2026-04-04 20:03:02,753 [INFO] face_processor — Compare: cos=0.1400 emb=0.570 lm=0.995 comb=0.697 matched=False
2026-04-04 20:03:02,754 [INFO] face_processor — Compare: cos=0.2389 emb=0.619 lm=0.990 comb=0.731 matched=False
2026-04-04 20:03:02,754 [INFO] face_processor — Compare: cos=0.3152 emb=0.658 lm=0.993 comb=0.758 matched=False
2026-04-04 20:03:02,754 [INFO] face_processor — Compare: cos=0.2412 emb=0.621 lm=0.986 comb=0.730 matched=False
2026-04-04 20:03:02,756 [INFO] face_processor — Compare: cos=0.0392 emb=0.520 lm=0.995 comb=0.662 matched=False
2026-04-04 20:03:02,756 [INFO] face_processor — Compare: cos=0.2079 emb=0.604 lm=0.995 comb=0.721 matched=False
2026-04-04 20:03:02,761 [INFO] face_processor — Compare: cos=0.1714 emb=0.586 lm=0.995 comb=0.708 matched=False
2026-04-04 20:03:02,763 [INFO] face_processor — Compare: cos=0.0857 emb=0.543 lm=0.989 comb=0.677 matched=False
2026-04-04 20:03:02,763 [INFO] face_processor — Compare: cos=0.3283 emb=0.664 lm=0.994 comb=0.763 matched=False
2026-04-04 20:03:02,763 [INFO] face_processor — Compare: cos=0.0962 emb=0.548 lm=0.994 comb=0.682 matched=False
2026-04-04 20:03:02,763 [INFO] face_processor — Compare: cos=0.0750 emb=0.537 lm=0.982 comb=0.671 matched=False
2026-04-04 20:03:02,764 [INFO] face_processor — Compare: cos=0.1825 emb=0.591 lm=0.999 comb=0.714 matched=False
2026-04-04 20:03:02,764 [INFO] face_processor — Compare: cos=0.2476 emb=0.624 lm=0.995 comb=0.735 matched=False
2026-04-04 20:03:02,765 [INFO] face_processor — Compare: cos=0.1824 emb=0.591 lm=0.993 comb=0.712 matched=False
2026-04-04 20:03:02,765 [INFO] face_processor — Compare: cos=0.1000 emb=0.550 lm=0.997 comb=0.684 matched=False
2026-04-04 20:03:02,765 [INFO] face_processor — Compare: cos=0.2263 emb=0.613 lm=0.999 comb=0.729 matched=False
2026-04-04 20:03:02,765 [INFO] face_processor — Compare: cos=0.3615 emb=0.681 lm=0.993 comb=0.774 matched=False
2026-04-04 20:03:02,765 [INFO] face_processor — Compare: cos=0.3054 emb=0.653 lm=0.991 comb=0.754 matched=False
2026-04-04 20:03:02,765 [INFO] face_processor — Compare: cos=0.2594 emb=0.630 lm=0.999 comb=0.740 matched=False
2026-04-04 20:03:02,765 [INFO] face_processor — Compare: cos=0.1612 emb=0.581 lm=0.996 comb=0.705 matched=False
2026-04-04 20:03:02,765 [INFO] face_processor — Compare: cos=0.1143 emb=0.557 lm=0.995 comb=0.688 matched=False
2026-04-04 20:03:02,766 [INFO] face_processor — Compare: cos=0.1151 emb=0.558 lm=0.983 comb=0.685 matched=False
2026-04-04 20:03:02,766 [INFO] face_processor — Compare: cos=0.0988 emb=0.549 lm=0.998 comb=0.684 matched=False
2026-04-04 20:03:02,766 [INFO] face_processor — Compare: cos=0.1868 emb=0.593 lm=0.996 comb=0.714 matched=False
2026-04-04 20:03:02,766 [INFO] face_processor — Compare: cos=0.0416 emb=0.521 lm=0.863 comb=0.623 matched=False
2026-04-04 20:03:02,766 [INFO] face_processor — Compare: cos=0.0881 emb=0.544 lm=0.997 comb=0.680 matched=False
2026-04-04 20:03:02,766 [INFO] face_processor — Compare: cos=0.2475 emb=0.624 lm=0.992 comb=0.734 matched=False
2026-04-04 20:03:02,766 [INFO] face_processor — Compare: cos=0.2244 emb=0.612 lm=0.997 comb=0.728 matched=False
2026-04-04 20:03:02,766 [INFO] face_processor — Compare: cos=0.2866 emb=0.643 lm=0.996 comb=0.749 matched=False
2026-04-04 20:03:02,768 [INFO] face_processor — Compare: cos=0.1766 emb=0.588 lm=0.998 comb=0.711 matched=False
2026-04-04 20:03:02,768 [INFO] face_processor — Compare: cos=0.2563 emb=0.628 lm=0.997 comb=0.739 matched=False
2026-04-04 20:03:02,768 [INFO] face_processor — Compare: cos=0.1275 emb=0.564 lm=0.992 comb=0.692 matched=False
2026-04-04 20:03:02,768 [INFO] face_processor — Compare: cos=0.1949 emb=0.597 lm=0.899 comb=0.688 matched=False
2026-04-04 20:03:02,768 [INFO] face_processor — Compare: cos=0.1942 emb=0.597 lm=0.991 comb=0.715 matched=False
2026-04-04 20:03:02,768 [INFO] face_processor — Compare: cos=0.3776 emb=0.689 lm=0.997 comb=0.781 matched=False
2026-04-04 20:03:02,768 [INFO] face_processor — Compare: cos=0.2982 emb=0.649 lm=0.994 comb=0.753 matched=False
2026-04-04 20:03:02,768 [INFO] face_processor — Compare: cos=0.2338 emb=0.617 lm=0.989 comb=0.729 matched=False
2026-04-04 20:03:02,768 [INFO] face_processor — Compare: cos=0.1894 emb=0.595 lm=0.986 comb=0.712 matched=False
2026-04-04 20:03:02,768 [INFO] face_processor — Compare: cos=0.2305 emb=0.615 lm=0.992 comb=0.728 matched=False
2026-04-04 20:03:02,768 [INFO] face_processor — Compare: cos=0.2019 emb=0.601 lm=0.865 comb=0.680 matched=False
2026-04-04 20:03:02,768 [INFO] face_processor — Compare: cos=0.1596 emb=0.580 lm=0.998 comb=0.705 matched=False
2026-04-04 20:03:02,768 [INFO] face_processor — Compare: cos=0.1576 emb=0.579 lm=0.992 comb=0.703 matched=False
2026-04-04 20:03:02,768 [INFO] face_processor — Compare: cos=0.0314 emb=0.516 lm=0.994 comb=0.659 matched=False
2026-04-04 20:03:02,768 [INFO] face_processor — Compare: cos=0.2197 emb=0.610 lm=0.998 comb=0.726 matched=False
2026-04-04 20:03:02,768 [INFO] face_processor — Compare: cos=0.2406 emb=0.620 lm=0.992 comb=0.732 matched=False
2026-04-04 20:03:02,768 [INFO] face_processor — Compare: cos=0.1271 emb=0.564 lm=0.986 comb=0.690 matched=False
2026-04-04 20:03:02,770 [INFO] face_processor — Compare: cos=0.4768 emb=0.738 lm=0.994 comb=0.815 matched=False
2026-04-04 20:03:02,770 [INFO] face_processor — Compare: cos=0.1461 emb=0.573 lm=0.989 comb=0.698 matched=False
2026-04-04 20:03:02,770 [INFO] face_processor — Compare: cos=0.2173 emb=0.609 lm=0.863 comb=0.685 matched=False
2026-04-04 20:03:02,770 [INFO] face_processor — Compare: cos=0.2371 emb=0.619 lm=0.982 comb=0.728 matched=False
2026-04-04 20:03:02,770 [INFO] face_processor — Compare: cos=0.1767 emb=0.588 lm=0.956 comb=0.699 matched=False
2026-04-04 20:03:02,770 [INFO] face_processor — Compare: cos=-0.0541 emb=0.473 lm=0.991 comb=0.628 matched=False
2026-04-04 20:03:02,770 [INFO] face_processor — Compare: cos=0.3018 emb=0.651 lm=0.928 comb=0.734 matched=False
2026-04-04 20:03:02,770 [INFO] face_processor — Compare: cos=0.2014 emb=0.601 lm=0.992 comb=0.718 matched=False
2026-04-04 20:03:02,771 [INFO] face_processor — Compare: cos=0.2747 emb=0.637 lm=0.969 comb=0.737 matched=False
2026-04-04 20:03:02,771 [INFO] face_processor — Compare: cos=0.3445 emb=0.672 lm=0.991 comb=0.768 matched=False
2026-04-04 20:03:02,771 [INFO] face_processor — Compare: cos=0.0607 emb=0.530 lm=0.992 comb=0.669 matched=False
2026-04-04 20:03:02,771 [INFO] face_processor — Compare: cos=0.2227 emb=0.611 lm=0.998 comb=0.727 matched=False
2026-04-04 20:03:02,771 [INFO] face_processor — Compare: cos=0.0958 emb=0.548 lm=0.996 comb=0.682 matched=False
2026-04-04 20:03:02,772 [INFO] face_processor — Compare: cos=0.3228 emb=0.661 lm=0.998 comb=0.762 matched=False
2026-04-04 20:03:02,772 [INFO] face_processor — Compare: cos=0.3506 emb=0.675 lm=0.995 comb=0.771 matched=False
2026-04-04 20:03:02,773 [INFO] face_processor — Compare: cos=0.1744 emb=0.587 lm=0.969 comb=0.702 matched=False
2026-04-04 20:03:02,773 [INFO] face_processor — Compare: cos=0.2810 emb=0.640 lm=0.994 comb=0.747 matched=False
2026-04-04 20:03:02,773 [INFO] face_processor — Compare: cos=0.0860 emb=0.543 lm=0.995 comb=0.679 matched=False
2026-04-04 20:03:02,777 [INFO] face_processor — Compare: cos=0.3175 emb=0.659 lm=0.999 comb=0.761 matched=False
2026-04-04 20:03:02,780 [INFO] face_processor — Compare: cos=0.1783 emb=0.589 lm=0.997 comb=0.712 matched=False
2026-04-04 20:03:02,781 [INFO] face_processor — Compare: cos=0.1915 emb=0.596 lm=0.994 comb=0.715 matched=False
2026-04-04 20:03:02,781 [INFO] face_processor — Compare: cos=0.1359 emb=0.568 lm=0.991 comb=0.695 matched=False
2026-04-04 20:03:02,783 [INFO] face_processor — Compare: cos=0.1175 emb=0.559 lm=0.991 comb=0.689 matched=False
2026-04-04 20:03:02,783 [INFO] face_processor — Compare: cos=-0.0548 emb=0.473 lm=0.993 comb=0.629 matched=False
2026-04-04 20:03:02,784 [INFO] face_processor — Compare: cos=0.1178 emb=0.559 lm=0.990 comb=0.688 matched=False
2026-04-04 20:03:02,784 [INFO] face_processor — Compare: cos=0.3412 emb=0.671 lm=0.999 comb=0.769 matched=False
2026-04-04 20:03:02,784 [INFO] face_processor — Compare: cos=0.1616 emb=0.581 lm=0.977 comb=0.700 matched=False
2026-04-04 20:03:14,930 [INFO] face_processor — Compare: cos=0.0279 emb=0.514 lm=0.992 comb=0.657 matched=False
2026-04-04 20:03:14,935 [INFO] face_processor — Compare: cos=0.3033 emb=0.652 lm=0.991 comb=0.754 matched=False
2026-04-04 20:03:14,938 [INFO] face_processor — Compare: cos=0.1240 emb=0.562 lm=0.919 comb=0.669 matched=False
2026-04-04 20:03:14,938 [INFO] face_processor — Compare: cos=0.2302 emb=0.615 lm=0.997 comb=0.730 matched=False
2026-04-04 20:03:14,938 [INFO] face_processor — Compare: cos=0.2911 emb=0.646 lm=0.999 comb=0.751 matched=False
2026-04-04 20:03:14,939 [INFO] face_processor — Compare: cos=0.1108 emb=0.555 lm=0.991 comb=0.686 matched=False
2026-04-04 20:03:14,939 [INFO] face_processor — Compare: cos=0.1865 emb=0.593 lm=0.997 comb=0.714 matched=False
2026-04-04 20:03:14,940 [INFO] face_processor — Compare: cos=0.1580 emb=0.579 lm=0.993 comb=0.703 matched=False
2026-04-04 20:03:14,940 [INFO] face_processor — Compare: cos=0.0562 emb=0.528 lm=0.992 comb=0.667 matched=False
2026-04-04 20:03:14,940 [INFO] face_processor — Compare: cos=0.0799 emb=0.540 lm=0.995 comb=0.676 matched=False
2026-04-04 20:03:14,940 [INFO] face_processor — Compare: cos=0.1011 emb=0.551 lm=0.996 comb=0.684 matched=False
2026-04-04 20:03:14,940 [INFO] face_processor — Compare: cos=0.1297 emb=0.565 lm=0.991 comb=0.693 matched=False
2026-04-04 20:03:14,940 [INFO] face_processor — Compare: cos=0.1252 emb=0.563 lm=0.987 comb=0.690 matched=False
2026-04-04 20:03:14,940 [INFO] face_processor — Compare: cos=0.1566 emb=0.578 lm=0.998 comb=0.704 matched=False
2026-04-04 20:03:14,940 [INFO] face_processor — Compare: cos=0.1957 emb=0.598 lm=0.995 comb=0.717 matched=False
2026-04-04 20:03:14,940 [INFO] face_processor — Compare: cos=0.1527 emb=0.576 lm=1.000 comb=0.703 matched=False
2026-04-04 20:03:14,940 [INFO] face_processor — Compare: cos=0.3571 emb=0.679 lm=0.990 comb=0.772 matched=False
2026-04-04 20:03:14,940 [INFO] face_processor — Compare: cos=0.2543 emb=0.627 lm=0.998 comb=0.738 matched=False
2026-04-04 20:03:14,942 [INFO] face_processor — Compare: cos=0.2313 emb=0.616 lm=0.997 comb=0.730 matched=False
2026-04-04 20:03:14,942 [INFO] face_processor — Compare: cos=0.1845 emb=0.592 lm=0.983 comb=0.710 matched=False
2026-04-04 20:03:14,942 [INFO] face_processor — Compare: cos=-0.0263 emb=0.487 lm=0.998 comb=0.640 matched=False
2026-04-04 20:03:14,942 [INFO] face_processor — Compare: cos=0.4242 emb=0.712 lm=0.998 comb=0.798 matched=False
2026-04-04 20:03:14,942 [INFO] face_processor — Compare: cos=0.2515 emb=0.626 lm=0.986 comb=0.734 matched=False
2026-04-04 20:03:14,942 [INFO] face_processor — Compare: cos=0.1724 emb=0.586 lm=0.999 comb=0.710 matched=False
2026-04-04 20:03:14,942 [INFO] face_processor — Compare: cos=0.3000 emb=0.650 lm=0.997 comb=0.754 matched=False
2026-04-04 20:03:14,942 [INFO] face_processor — Compare: cos=0.2265 emb=0.613 lm=0.991 comb=0.727 matched=False
2026-04-04 20:03:14,942 [INFO] face_processor — Compare: cos=0.3645 emb=0.682 lm=0.994 comb=0.776 matched=False
2026-04-04 20:03:14,942 [INFO] face_processor — Compare: cos=0.2695 emb=0.635 lm=0.992 comb=0.742 matched=False
2026-04-04 20:03:14,942 [INFO] face_processor — Compare: cos=0.0343 emb=0.517 lm=0.993 comb=0.660 matched=False
2026-04-04 20:03:14,944 [INFO] face_processor — Compare: cos=0.0974 emb=0.549 lm=0.997 comb=0.683 matched=False
2026-04-04 20:03:14,944 [INFO] face_processor — Compare: cos=0.0442 emb=0.522 lm=0.998 comb=0.665 matched=False
2026-04-04 20:03:14,944 [INFO] face_processor — Compare: cos=0.2121 emb=0.606 lm=0.991 comb=0.721 matched=False
2026-04-04 20:03:14,944 [INFO] face_processor — Compare: cos=0.0628 emb=0.531 lm=0.995 comb=0.670 matched=False
2026-04-04 20:03:14,944 [INFO] face_processor — Compare: cos=0.0861 emb=0.543 lm=0.985 comb=0.676 matched=False
2026-04-04 20:03:14,944 [INFO] face_processor — Compare: cos=0.1495 emb=0.575 lm=0.996 comb=0.701 matched=False
2026-04-04 20:03:14,944 [INFO] face_processor — Compare: cos=0.2074 emb=0.604 lm=0.999 comb=0.722 matched=False
2026-04-04 20:03:14,944 [INFO] face_processor — Compare: cos=0.2891 emb=0.645 lm=0.988 comb=0.748 matched=False
2026-04-04 20:03:14,944 [INFO] face_processor — Compare: cos=0.0540 emb=0.527 lm=0.999 comb=0.669 matched=False
2026-04-04 20:03:14,944 [INFO] face_processor — Compare: cos=0.1775 emb=0.589 lm=0.992 comb=0.710 matched=False
2026-04-04 20:03:14,944 [INFO] face_processor — Compare: cos=0.0300 emb=0.515 lm=0.846 comb=0.614 matched=False
2026-04-04 20:03:14,944 [INFO] face_processor — Compare: cos=0.1965 emb=0.598 lm=0.980 comb=0.713 matched=False
2026-04-04 20:03:14,946 [INFO] face_processor — Compare: cos=0.1183 emb=0.559 lm=0.996 comb=0.690 matched=False
2026-04-04 20:03:14,948 [INFO] face_processor — Compare: cos=0.2378 emb=0.619 lm=0.982 comb=0.728 matched=False
2026-04-04 20:03:14,949 [INFO] face_processor — Compare: cos=0.3242 emb=0.662 lm=0.992 comb=0.761 matched=False
2026-04-04 20:03:14,950 [INFO] face_processor — Compare: cos=0.3099 emb=0.655 lm=0.990 comb=0.755 matched=False
2026-04-04 20:03:14,950 [INFO] face_processor — Compare: cos=0.3263 emb=0.663 lm=0.978 comb=0.758 matched=False
2026-04-04 20:03:14,950 [INFO] face_processor — Compare: cos=0.0241 emb=0.512 lm=0.983 comb=0.653 matched=False
2026-04-04 20:03:14,951 [INFO] face_processor — Compare: cos=-0.0283 emb=0.486 lm=0.987 comb=0.636 matched=False
2026-04-04 20:03:14,951 [INFO] face_processor — Compare: cos=0.1594 emb=0.580 lm=0.992 comb=0.703 matched=False
2026-04-04 20:03:14,951 [INFO] face_processor — Compare: cos=0.2424 emb=0.621 lm=0.996 comb=0.734 matched=False
2026-04-04 20:03:14,951 [INFO] face_processor — Compare: cos=0.2827 emb=0.641 lm=0.930 comb=0.728 matched=False
2026-04-04 20:03:14,952 [INFO] face_processor — Compare: cos=0.3004 emb=0.650 lm=0.992 comb=0.753 matched=False
2026-04-04 20:03:14,953 [INFO] face_processor — Compare: cos=0.1821 emb=0.591 lm=0.997 comb=0.713 matched=False
2026-04-04 20:03:14,953 [INFO] face_processor — Compare: cos=0.1940 emb=0.597 lm=0.998 comb=0.717 matched=False
2026-04-04 20:03:14,954 [INFO] face_processor — Compare: cos=0.1862 emb=0.593 lm=0.997 comb=0.714 matched=False
2026-04-04 20:03:14,954 [INFO] face_processor — Compare: cos=0.0867 emb=0.543 lm=0.997 comb=0.680 matched=False
2026-04-04 20:03:14,954 [INFO] face_processor — Compare: cos=0.2789 emb=0.639 lm=0.996 comb=0.747 matched=False
2026-04-04 20:03:14,954 [INFO] face_processor — Compare: cos=0.2735 emb=0.637 lm=0.988 comb=0.742 matched=False
2026-04-04 20:03:14,954 [INFO] face_processor — Compare: cos=-0.0341 emb=0.483 lm=0.926 comb=0.616 matched=False
2026-04-04 20:03:14,955 [INFO] face_processor — Compare: cos=0.1962 emb=0.598 lm=0.979 comb=0.712 matched=False
2026-04-04 20:03:14,955 [INFO] face_processor — Compare: cos=0.3211 emb=0.661 lm=0.991 comb=0.760 matched=False
2026-04-04 20:03:14,955 [INFO] face_processor — Compare: cos=0.2495 emb=0.625 lm=0.998 comb=0.737 matched=False
2026-04-04 20:03:14,955 [INFO] face_processor — Compare: cos=0.1838 emb=0.592 lm=0.987 comb=0.710 matched=False
2026-04-04 20:03:14,955 [INFO] face_processor — Compare: cos=0.3326 emb=0.666 lm=0.997 comb=0.766 matched=False
2026-04-04 20:03:14,955 [INFO] face_processor — Compare: cos=-0.1064 emb=0.447 lm=0.998 comb=0.612 matched=False
2026-04-04 20:03:14,955 [INFO] face_processor — Compare: cos=0.0049 emb=0.502 lm=0.997 comb=0.651 matched=False
2026-04-04 20:03:14,955 [INFO] face_processor — Compare: cos=0.1610 emb=0.581 lm=0.997 comb=0.705 matched=False
2026-04-04 20:03:14,956 [INFO] face_processor — Compare: cos=0.2179 emb=0.609 lm=0.999 comb=0.726 matched=False
2026-04-04 20:03:14,956 [INFO] face_processor — Compare: cos=0.1364 emb=0.568 lm=0.992 comb=0.695 matched=False
2026-04-04 20:03:14,956 [INFO] face_processor — Compare: cos=-0.0039 emb=0.498 lm=0.993 comb=0.646 matched=False
2026-04-04 20:03:14,956 [INFO] face_processor — Compare: cos=0.0161 emb=0.508 lm=0.994 comb=0.654 matched=False
2026-04-04 20:03:14,956 [INFO] face_processor — Compare: cos=0.1324 emb=0.566 lm=0.930 comb=0.675 matched=False
2026-04-04 20:03:14,956 [INFO] face_processor — Compare: cos=0.2271 emb=0.614 lm=0.993 comb=0.727 matched=False
2026-04-04 20:03:14,956 [INFO] face_processor — Compare: cos=0.1000 emb=0.550 lm=0.992 comb=0.683 matched=False
2026-04-04 20:03:14,956 [INFO] face_processor — Compare: cos=0.2872 emb=0.644 lm=0.999 comb=0.750 matched=False
2026-04-04 20:03:14,956 [INFO] face_processor — Compare: cos=0.1075 emb=0.554 lm=0.992 comb=0.685 matched=False
2026-04-04 20:03:14,956 [INFO] face_processor — Compare: cos=0.1648 emb=0.582 lm=0.986 comb=0.704 matched=False
2026-04-04 20:03:14,956 [INFO] face_processor — Compare: cos=0.2396 emb=0.620 lm=0.994 comb=0.732 matched=False
2026-04-04 20:03:14,956 [INFO] face_processor — Compare: cos=0.0656 emb=0.533 lm=0.990 comb=0.670 matched=False
2026-04-04 20:03:14,956 [INFO] face_processor — Compare: cos=0.1813 emb=0.591 lm=0.999 comb=0.713 matched=False
2026-04-04 20:03:14,956 [INFO] face_processor — Compare: cos=0.0495 emb=0.525 lm=0.995 comb=0.666 matched=False
2026-04-04 20:03:14,956 [INFO] face_processor — Compare: cos=0.2642 emb=0.632 lm=0.993 comb=0.740 matched=False
2026-04-04 20:03:14,956 [INFO] face_processor — Compare: cos=0.2617 emb=0.631 lm=0.997 comb=0.741 matched=False
2026-04-04 20:03:14,956 [INFO] face_processor — Compare: cos=0.4126 emb=0.706 lm=0.998 comb=0.794 matched=False
2026-04-04 20:03:14,959 [INFO] face_processor — Compare: cos=0.1061 emb=0.553 lm=0.994 comb=0.685 matched=False
2026-04-04 20:03:14,959 [INFO] face_processor — Compare: cos=0.2395 emb=0.620 lm=0.985 comb=0.729 matched=False
2026-04-04 20:03:14,959 [INFO] face_processor — Compare: cos=0.0800 emb=0.540 lm=0.993 comb=0.676 matched=False
2026-04-04 20:03:14,959 [INFO] face_processor — Compare: cos=0.3775 emb=0.689 lm=0.992 comb=0.780 matched=False
2026-04-04 20:03:14,959 [INFO] face_processor — Compare: cos=0.1255 emb=0.563 lm=0.978 comb=0.687 matched=False
2026-04-04 20:03:14,959 [INFO] face_processor — Compare: cos=0.1307 emb=0.565 lm=0.931 comb=0.675 matched=False
2026-04-04 20:03:14,959 [INFO] face_processor — Compare: cos=0.2211 emb=0.611 lm=0.988 comb=0.724 matched=False
2026-04-04 20:03:14,959 [INFO] face_processor — Compare: cos=0.1583 emb=0.579 lm=0.982 comb=0.700 matched=False
2026-04-04 20:03:14,959 [INFO] face_processor — Compare: cos=0.0264 emb=0.513 lm=0.986 comb=0.655 matched=False
2026-04-04 20:03:14,960 [INFO] face_processor — Compare: cos=0.0888 emb=0.544 lm=0.988 comb=0.677 matched=False
2026-04-04 20:03:14,960 [INFO] face_processor — Compare: cos=0.1412 emb=0.571 lm=0.998 comb=0.699 matched=False
2026-04-04 20:03:14,960 [INFO] face_processor — Compare: cos=0.2089 emb=0.604 lm=0.998 comb=0.723 matched=False
2026-04-04 20:03:14,960 [INFO] face_processor — Compare: cos=0.2667 emb=0.633 lm=0.996 comb=0.742 matched=False
2026-04-04 20:03:14,961 [INFO] face_processor — Compare: cos=0.1976 emb=0.599 lm=0.994 comb=0.717 matched=False
2026-04-04 20:03:14,961 [INFO] face_processor — Compare: cos=0.2263 emb=0.613 lm=0.998 comb=0.728 matched=False
2026-04-04 20:03:14,962 [INFO] face_processor — Compare: cos=0.1730 emb=0.587 lm=0.997 comb=0.710 matched=False
2026-04-04 20:03:14,962 [INFO] face_processor — Compare: cos=0.2905 emb=0.645 lm=0.999 comb=0.751 matched=False
2026-04-04 20:03:14,962 [INFO] face_processor — Compare: cos=0.2808 emb=0.640 lm=0.996 comb=0.747 matched=False
2026-04-04 20:03:14,962 [INFO] face_processor — Compare: cos=0.1993 emb=0.600 lm=0.993 comb=0.718 matched=False
2026-04-04 20:03:14,962 [INFO] face_processor — Compare: cos=0.0852 emb=0.543 lm=0.990 comb=0.677 matched=False
2026-04-04 20:03:14,962 [INFO] face_processor — Compare: cos=-0.0558 emb=0.472 lm=0.992 comb=0.628 matched=False
2026-04-04 20:03:14,962 [INFO] face_processor — Compare: cos=0.0368 emb=0.518 lm=0.999 comb=0.662 matched=False
2026-04-04 20:03:14,964 [INFO] face_processor — Compare: cos=0.0042 emb=0.502 lm=0.977 comb=0.645 matched=False
2026-04-04 20:03:14,964 [INFO] face_processor — Compare: cos=0.2564 emb=0.628 lm=0.976 comb=0.733 matched=False
2026-04-04 20:03:14,964 [INFO] face_processor — Compare: cos=0.1580 emb=0.579 lm=0.997 comb=0.704 matched=False
2026-04-04 20:03:14,967 [INFO] face_processor — Compare: cos=0.1324 emb=0.566 lm=0.994 comb=0.695 matched=False
2026-04-04 20:03:14,968 [INFO] face_processor — Compare: cos=0.1738 emb=0.587 lm=0.996 comb=0.710 matched=False
2026-04-04 20:03:14,970 [INFO] face_processor — Compare: cos=0.3519 emb=0.676 lm=0.992 comb=0.771 matched=False
2026-04-04 20:03:14,971 [INFO] face_processor — Compare: cos=0.1921 emb=0.596 lm=0.991 comb=0.715 matched=False
2026-04-04 20:03:14,971 [INFO] face_processor — Compare: cos=0.1628 emb=0.581 lm=0.998 comb=0.706 matched=False
2026-04-04 20:03:14,971 [INFO] face_processor — Compare: cos=0.2189 emb=0.609 lm=0.994 comb=0.725 matched=False
2026-04-04 20:03:14,971 [INFO] face_processor — Compare: cos=0.1247 emb=0.562 lm=0.994 comb=0.692 matched=False
2026-04-04 20:03:14,972 [INFO] face_processor — Compare: cos=0.1523 emb=0.576 lm=0.992 comb=0.701 matched=False
2026-04-04 20:03:14,972 [INFO] face_processor — Compare: cos=0.2454 emb=0.623 lm=0.989 comb=0.733 matched=False
2026-04-04 20:03:14,973 [INFO] face_processor — Compare: cos=0.3951 emb=0.698 lm=0.998 comb=0.788 matched=False
2026-04-04 20:03:14,973 [INFO] face_processor — Compare: cos=0.2765 emb=0.638 lm=0.984 comb=0.742 matched=False
2026-04-04 20:03:14,973 [INFO] face_processor — Compare: cos=0.0932 emb=0.547 lm=0.995 comb=0.681 matched=False
2026-04-04 20:03:14,974 [INFO] face_processor — Compare: cos=0.1365 emb=0.568 lm=0.995 comb=0.696 matched=False
2026-04-04 20:03:14,974 [INFO] face_processor — Compare: cos=0.4150 emb=0.708 lm=0.995 comb=0.794 matched=False
2026-04-04 20:03:14,974 [INFO] face_processor — Compare: cos=0.1949 emb=0.597 lm=0.992 comb=0.716 matched=False
2026-04-04 20:03:14,976 [INFO] face_processor — Compare: cos=0.1272 emb=0.564 lm=0.969 comb=0.685 matched=False
2026-04-04 20:03:14,976 [INFO] face_processor — Compare: cos=0.3468 emb=0.673 lm=0.998 comb=0.771 matched=False
2026-04-04 20:03:14,977 [INFO] face_processor — Compare: cos=0.2610 emb=0.631 lm=0.993 comb=0.739 matched=False
2026-04-04 20:03:14,977 [INFO] face_processor — Compare: cos=0.1058 emb=0.553 lm=0.994 comb=0.685 matched=False
2026-04-04 20:03:14,977 [INFO] face_processor — Compare: cos=0.2727 emb=0.636 lm=0.990 comb=0.742 matched=False
2026-04-04 20:03:14,977 [INFO] face_processor — Compare: cos=0.2954 emb=0.648 lm=0.993 comb=0.751 matched=False
2026-04-04 20:03:14,978 [INFO] face_processor — Compare: cos=0.2236 emb=0.612 lm=0.986 comb=0.724 matched=False
2026-04-04 20:03:14,978 [INFO] face_processor — Compare: cos=0.0109 emb=0.505 lm=0.995 comb=0.652 matched=False
2026-04-04 20:03:14,979 [INFO] face_processor — Compare: cos=0.2296 emb=0.615 lm=0.995 comb=0.729 matched=False
2026-04-04 20:03:14,984 [INFO] face_processor — Compare: cos=0.1369 emb=0.568 lm=0.995 comb=0.696 matched=False
2026-04-04 20:03:14,988 [INFO] face_processor — Compare: cos=0.0785 emb=0.539 lm=0.989 comb=0.674 matched=False
2026-04-04 20:03:14,988 [INFO] face_processor — Compare: cos=0.2411 emb=0.621 lm=0.994 comb=0.732 matched=False
2026-04-04 20:03:14,989 [INFO] face_processor — Compare: cos=0.1518 emb=0.576 lm=0.994 comb=0.701 matched=False
2026-04-04 20:03:14,990 [INFO] face_processor — Compare: cos=0.0425 emb=0.521 lm=0.982 comb=0.659 matched=False
2026-04-04 20:03:14,990 [INFO] face_processor — Compare: cos=0.2473 emb=0.624 lm=1.000 comb=0.736 matched=False
2026-04-04 20:03:14,990 [INFO] face_processor — Compare: cos=0.2032 emb=0.602 lm=0.995 comb=0.720 matched=False
2026-04-04 20:03:14,990 [INFO] face_processor — Compare: cos=0.2058 emb=0.603 lm=0.993 comb=0.720 matched=False
2026-04-04 20:03:14,990 [INFO] face_processor — Compare: cos=0.0879 emb=0.544 lm=0.997 comb=0.680 matched=False
2026-04-04 20:03:14,992 [INFO] face_processor — Compare: cos=0.1273 emb=0.564 lm=0.999 comb=0.694 matched=False
2026-04-04 20:03:14,992 [INFO] face_processor — Compare: cos=0.3041 emb=0.652 lm=0.992 comb=0.754 matched=False
2026-04-04 20:03:14,993 [INFO] face_processor — Compare: cos=0.2727 emb=0.636 lm=0.991 comb=0.743 matched=False
2026-04-04 20:03:14,993 [INFO] face_processor — Compare: cos=0.2285 emb=0.614 lm=0.999 comb=0.730 matched=False
2026-04-04 20:03:14,993 [INFO] face_processor — Compare: cos=0.1691 emb=0.585 lm=0.997 comb=0.708 matched=False
2026-04-04 20:03:14,993 [INFO] face_processor — Compare: cos=0.0683 emb=0.534 lm=0.995 comb=0.672 matched=False
2026-04-04 20:03:14,993 [INFO] face_processor — Compare: cos=0.1790 emb=0.590 lm=0.983 comb=0.708 matched=False
2026-04-04 20:03:14,994 [INFO] face_processor — Compare: cos=0.0251 emb=0.513 lm=0.999 comb=0.658 matched=False
2026-04-04 20:03:14,994 [INFO] face_processor — Compare: cos=0.1993 emb=0.600 lm=0.996 comb=0.719 matched=False
2026-04-04 20:03:14,995 [INFO] face_processor — Compare: cos=-0.0206 emb=0.490 lm=0.865 comb=0.602 matched=False
2026-04-04 20:03:14,995 [INFO] face_processor — Compare: cos=0.0083 emb=0.504 lm=0.998 comb=0.652 matched=False
2026-04-04 20:03:14,996 [INFO] face_processor — Compare: cos=0.2430 emb=0.621 lm=0.992 comb=0.733 matched=False
2026-04-04 20:03:14,997 [INFO] face_processor — Compare: cos=0.1946 emb=0.597 lm=0.997 comb=0.717 matched=False
2026-04-04 20:03:14,999 [INFO] face_processor — Compare: cos=0.2641 emb=0.632 lm=0.997 comb=0.741 matched=False
2026-04-04 20:03:15,000 [INFO] face_processor — Compare: cos=0.1338 emb=0.567 lm=0.998 comb=0.696 matched=False
2026-04-04 20:03:15,000 [INFO] face_processor — Compare: cos=0.2029 emb=0.601 lm=0.998 comb=0.720 matched=False
2026-04-04 20:03:15,000 [INFO] face_processor — Compare: cos=0.1343 emb=0.567 lm=0.992 comb=0.694 matched=False
2026-04-04 20:03:15,000 [INFO] face_processor — Compare: cos=0.1771 emb=0.589 lm=0.898 comb=0.681 matched=False
2026-04-04 20:03:15,001 [INFO] face_processor — Compare: cos=0.1984 emb=0.599 lm=0.991 comb=0.717 matched=False
2026-04-04 20:03:15,001 [INFO] face_processor — Compare: cos=0.3610 emb=0.680 lm=0.997 comb=0.775 matched=False
2026-04-04 20:03:15,001 [INFO] face_processor — Compare: cos=0.2578 emb=0.629 lm=0.994 comb=0.739 matched=False
2026-04-04 20:03:15,002 [INFO] face_processor — Compare: cos=0.2105 emb=0.605 lm=0.989 comb=0.720 matched=False
2026-04-04 20:03:15,002 [INFO] face_processor — Compare: cos=0.2212 emb=0.611 lm=0.985 comb=0.723 matched=False
2026-04-04 20:03:15,002 [INFO] face_processor — Compare: cos=0.1867 emb=0.593 lm=0.992 comb=0.713 matched=False
2026-04-04 20:03:15,002 [INFO] face_processor — Compare: cos=0.2087 emb=0.604 lm=0.868 comb=0.683 matched=False
2026-04-04 20:03:15,003 [INFO] face_processor — Compare: cos=0.2065 emb=0.603 lm=0.998 comb=0.722 matched=False
2026-04-04 20:03:15,003 [INFO] face_processor — Compare: cos=0.1221 emb=0.561 lm=0.992 comb=0.690 matched=False
2026-04-04 20:03:15,005 [INFO] face_processor — Compare: cos=-0.0106 emb=0.495 lm=0.994 comb=0.644 matched=False
2026-04-04 20:03:15,005 [INFO] face_processor — Compare: cos=0.2089 emb=0.604 lm=0.998 comb=0.723 matched=False
2026-04-04 20:03:15,005 [INFO] face_processor — Compare: cos=0.3040 emb=0.652 lm=0.992 comb=0.754 matched=False
2026-04-04 20:03:15,005 [INFO] face_processor — Compare: cos=0.0981 emb=0.549 lm=0.986 comb=0.680 matched=False
2026-04-04 20:03:15,005 [INFO] face_processor — Compare: cos=0.4130 emb=0.706 lm=0.994 comb=0.793 matched=False
2026-04-04 20:03:15,005 [INFO] face_processor — Compare: cos=0.0975 emb=0.549 lm=0.989 comb=0.681 matched=False
2026-04-04 20:03:15,005 [INFO] face_processor — Compare: cos=0.1827 emb=0.591 lm=0.865 comb=0.674 matched=False
2026-04-04 20:03:15,005 [INFO] face_processor — Compare: cos=0.1925 emb=0.596 lm=0.982 comb=0.712 matched=False
2026-04-04 20:03:15,005 [INFO] face_processor — Compare: cos=0.1084 emb=0.554 lm=0.956 comb=0.675 matched=False
2026-04-04 20:03:15,005 [INFO] face_processor — Compare: cos=-0.0975 emb=0.451 lm=0.991 comb=0.613 matched=False
2026-04-04 20:03:15,007 [INFO] face_processor — Compare: cos=0.3072 emb=0.654 lm=0.927 comb=0.736 matched=False
2026-04-04 20:03:15,007 [INFO] face_processor — Compare: cos=0.1475 emb=0.574 lm=0.992 comb=0.699 matched=False
2026-04-04 20:03:15,007 [INFO] face_processor — Compare: cos=0.2873 emb=0.644 lm=0.968 comb=0.741 matched=False
2026-04-04 20:03:15,007 [INFO] face_processor — Compare: cos=0.3024 emb=0.651 lm=0.991 comb=0.753 matched=False
2026-04-04 20:03:15,007 [INFO] face_processor — Compare: cos=0.0535 emb=0.527 lm=0.992 comb=0.666 matched=False
2026-04-04 20:03:15,007 [INFO] face_processor — Compare: cos=0.1594 emb=0.580 lm=0.998 comb=0.705 matched=False
2026-04-04 20:03:15,008 [INFO] face_processor — Compare: cos=0.1581 emb=0.579 lm=0.996 comb=0.704 matched=False
2026-04-04 20:03:15,008 [INFO] face_processor — Compare: cos=0.3317 emb=0.666 lm=0.998 comb=0.766 matched=False
2026-04-04 20:03:15,008 [INFO] face_processor — Compare: cos=0.3174 emb=0.659 lm=0.995 comb=0.760 matched=False
2026-04-04 20:03:15,008 [INFO] face_processor — Compare: cos=0.2035 emb=0.602 lm=0.968 comb=0.712 matched=False
2026-04-04 20:03:15,008 [INFO] face_processor — Compare: cos=0.2876 emb=0.644 lm=0.995 comb=0.749 matched=False
2026-04-04 20:03:15,008 [INFO] face_processor — Compare: cos=0.0825 emb=0.541 lm=0.995 comb=0.677 matched=False
2026-04-04 20:03:15,008 [INFO] face_processor — Compare: cos=0.3055 emb=0.653 lm=0.999 comb=0.757 matched=False
2026-04-04 20:03:15,008 [INFO] face_processor — Compare: cos=0.1635 emb=0.582 lm=0.998 comb=0.707 matched=False
2026-04-04 20:03:15,008 [INFO] face_processor — Compare: cos=0.1618 emb=0.581 lm=0.994 comb=0.705 matched=False
2026-04-04 20:03:15,009 [INFO] face_processor — Compare: cos=0.1594 emb=0.580 lm=0.991 comb=0.703 matched=False
2026-04-04 20:03:15,009 [INFO] face_processor — Compare: cos=0.0317 emb=0.516 lm=0.991 comb=0.658 matched=False
2026-04-04 20:03:15,009 [INFO] face_processor — Compare: cos=-0.0995 emb=0.450 lm=0.993 comb=0.613 matched=False
2026-04-04 20:03:15,009 [INFO] face_processor — Compare: cos=0.1370 emb=0.569 lm=0.990 comb=0.695 matched=False
2026-04-04 20:03:15,009 [INFO] face_processor — Compare: cos=0.3515 emb=0.676 lm=0.999 comb=0.773 matched=False
2026-04-04 20:03:15,009 [INFO] face_processor — Compare: cos=0.1238 emb=0.562 lm=0.976 comb=0.686 matched=False
2026-04-04 20:03:20,131 [INFO] face_processor — Compare: cos=0.0478 emb=0.524 lm=0.995 comb=0.665 matched=False
2026-04-04 20:03:20,131 [INFO] face_processor — Compare: cos=0.2678 emb=0.634 lm=0.995 comb=0.742 matched=False
2026-04-04 20:03:20,131 [INFO] face_processor — Compare: cos=0.0780 emb=0.539 lm=0.922 comb=0.654 matched=False
2026-04-04 20:03:20,131 [INFO] face_processor — Compare: cos=0.2508 emb=0.625 lm=0.999 comb=0.737 matched=False
2026-04-04 20:03:20,131 [INFO] face_processor — Compare: cos=0.2689 emb=0.634 lm=0.999 comb=0.744 matched=False
2026-04-04 20:03:20,132 [INFO] face_processor — Compare: cos=0.0740 emb=0.537 lm=0.995 comb=0.674 matched=False
2026-04-04 20:03:20,132 [INFO] face_processor — Compare: cos=0.1741 emb=0.587 lm=0.999 comb=0.711 matched=False
2026-04-04 20:03:20,132 [INFO] face_processor — Compare: cos=0.1888 emb=0.594 lm=0.996 comb=0.715 matched=False
2026-04-04 20:03:20,132 [INFO] face_processor — Compare: cos=0.0482 emb=0.524 lm=0.995 comb=0.665 matched=False
2026-04-04 20:03:20,132 [INFO] face_processor — Compare: cos=0.0966 emb=0.548 lm=0.997 comb=0.683 matched=False
2026-04-04 20:03:20,132 [INFO] face_processor — Compare: cos=0.0536 emb=0.527 lm=0.998 comb=0.668 matched=False
2026-04-04 20:03:20,133 [INFO] face_processor — Compare: cos=0.0967 emb=0.548 lm=0.995 comb=0.682 matched=False
2026-04-04 20:03:20,133 [INFO] face_processor — Compare: cos=0.1233 emb=0.562 lm=0.992 comb=0.691 matched=False
2026-04-04 20:03:20,133 [INFO] face_processor — Compare: cos=0.1421 emb=0.571 lm=0.999 comb=0.700 matched=False
2026-04-04 20:03:20,133 [INFO] face_processor — Compare: cos=0.1716 emb=0.586 lm=0.997 comb=0.709 matched=False
2026-04-04 20:03:20,133 [INFO] face_processor — Compare: cos=0.1663 emb=0.583 lm=0.999 comb=0.708 matched=False
2026-04-04 20:03:20,133 [INFO] face_processor — Compare: cos=0.3578 emb=0.679 lm=0.992 comb=0.773 matched=False
2026-04-04 20:03:20,133 [INFO] face_processor — Compare: cos=0.2779 emb=0.639 lm=0.999 comb=0.747 matched=False
2026-04-04 20:03:20,133 [INFO] face_processor — Compare: cos=0.1321 emb=0.566 lm=0.999 comb=0.696 matched=False
2026-04-04 20:03:20,133 [INFO] face_processor — Compare: cos=0.1811 emb=0.591 lm=0.988 comb=0.710 matched=False
2026-04-04 20:03:20,133 [INFO] face_processor — Compare: cos=-0.0735 emb=0.463 lm=0.999 comb=0.624 matched=False
2026-04-04 20:03:20,133 [INFO] face_processor — Compare: cos=0.3636 emb=0.682 lm=0.999 comb=0.777 matched=False
2026-04-04 20:03:20,133 [INFO] face_processor — Compare: cos=0.1844 emb=0.592 lm=0.990 comb=0.712 matched=False
2026-04-04 20:03:20,135 [INFO] face_processor — Compare: cos=0.1495 emb=0.575 lm=0.999 comb=0.702 matched=False
2026-04-04 20:03:20,135 [INFO] face_processor — Compare: cos=0.2626 emb=0.631 lm=0.999 comb=0.742 matched=False
2026-04-04 20:03:20,135 [INFO] face_processor — Compare: cos=0.1847 emb=0.592 lm=0.995 comb=0.713 matched=False
2026-04-04 20:03:20,136 [INFO] face_processor — Compare: cos=0.3589 emb=0.679 lm=0.997 comb=0.775 matched=False
2026-04-04 20:03:20,136 [INFO] face_processor — Compare: cos=0.2903 emb=0.645 lm=0.996 comb=0.750 matched=False
2026-04-04 20:03:20,136 [INFO] face_processor — Compare: cos=0.0532 emb=0.527 lm=0.996 comb=0.667 matched=False
2026-04-04 20:03:20,136 [INFO] face_processor — Compare: cos=0.1081 emb=0.554 lm=0.999 comb=0.687 matched=False
2026-04-04 20:03:20,136 [INFO] face_processor — Compare: cos=0.0126 emb=0.506 lm=0.999 comb=0.654 matched=False
2026-04-04 20:03:20,137 [INFO] face_processor — Compare: cos=0.1817 emb=0.591 lm=0.995 comb=0.712 matched=False
2026-04-04 20:03:20,137 [INFO] face_processor — Compare: cos=0.0764 emb=0.538 lm=0.997 comb=0.676 matched=False
2026-04-04 20:03:20,137 [INFO] face_processor — Compare: cos=0.0780 emb=0.539 lm=0.990 comb=0.674 matched=False
2026-04-04 20:03:20,137 [INFO] face_processor — Compare: cos=0.1358 emb=0.568 lm=0.998 comb=0.697 matched=False
2026-04-04 20:03:20,137 [INFO] face_processor — Compare: cos=0.2115 emb=0.606 lm=1.000 comb=0.724 matched=False
2026-04-04 20:03:20,137 [INFO] face_processor — Compare: cos=0.2794 emb=0.640 lm=0.992 comb=0.745 matched=False
2026-04-04 20:03:20,137 [INFO] face_processor — Compare: cos=0.0532 emb=0.527 lm=0.999 comb=0.668 matched=False
2026-04-04 20:03:20,138 [INFO] face_processor — Compare: cos=0.1109 emb=0.555 lm=0.995 comb=0.687 matched=False
2026-04-04 20:03:20,138 [INFO] face_processor — Compare: cos=0.0140 emb=0.507 lm=0.853 comb=0.611 matched=False
2026-04-04 20:03:20,138 [INFO] face_processor — Compare: cos=0.1084 emb=0.554 lm=0.985 comb=0.684 matched=False
2026-04-04 20:03:20,138 [INFO] face_processor — Compare: cos=0.1116 emb=0.556 lm=0.998 comb=0.688 matched=False
2026-04-04 20:03:20,138 [INFO] face_processor — Compare: cos=0.1676 emb=0.584 lm=0.988 comb=0.705 matched=False
2026-04-04 20:03:20,138 [INFO] face_processor — Compare: cos=0.2652 emb=0.633 lm=0.995 comb=0.741 matched=False
2026-04-04 20:03:20,139 [INFO] face_processor — Compare: cos=0.2655 emb=0.633 lm=0.994 comb=0.741 matched=False
2026-04-04 20:03:20,139 [INFO] face_processor — Compare: cos=0.2765 emb=0.638 lm=0.984 comb=0.742 matched=False
2026-04-04 20:03:20,139 [INFO] face_processor — Compare: cos=-0.0120 emb=0.494 lm=0.988 comb=0.642 matched=False
2026-04-04 20:03:20,139 [INFO] face_processor — Compare: cos=-0.0269 emb=0.487 lm=0.991 comb=0.638 matched=False
2026-04-04 20:03:20,139 [INFO] face_processor — Compare: cos=0.1823 emb=0.591 lm=0.995 comb=0.712 matched=False
2026-04-04 20:03:20,139 [INFO] face_processor — Compare: cos=0.2443 emb=0.622 lm=0.998 comb=0.735 matched=False
2026-04-04 20:03:20,140 [INFO] face_processor — Compare: cos=0.2368 emb=0.618 lm=0.932 comb=0.713 matched=False
2026-04-04 20:03:20,140 [INFO] face_processor — Compare: cos=0.2784 emb=0.639 lm=0.995 comb=0.746 matched=False
2026-04-04 20:03:20,140 [INFO] face_processor — Compare: cos=0.1595 emb=0.580 lm=0.999 comb=0.705 matched=False
2026-04-04 20:03:20,140 [INFO] face_processor — Compare: cos=0.1920 emb=0.596 lm=0.999 comb=0.717 matched=False
2026-04-04 20:03:20,140 [INFO] face_processor — Compare: cos=0.1607 emb=0.580 lm=0.998 comb=0.706 matched=False
2026-04-04 20:03:20,140 [INFO] face_processor — Compare: cos=0.1001 emb=0.550 lm=0.999 comb=0.685 matched=False
2026-04-04 20:03:20,141 [INFO] face_processor — Compare: cos=0.2908 emb=0.645 lm=0.998 comb=0.751 matched=False
2026-04-04 20:03:20,146 [INFO] face_processor — Compare: cos=0.2600 emb=0.630 lm=0.992 comb=0.739 matched=False
2026-04-04 20:03:20,146 [INFO] face_processor — Compare: cos=-0.0011 emb=0.499 lm=0.929 comb=0.628 matched=False
2026-04-04 20:03:20,147 [INFO] face_processor — Compare: cos=0.2283 emb=0.614 lm=0.985 comb=0.725 matched=False
2026-04-04 20:03:20,148 [INFO] face_processor — Compare: cos=0.2860 emb=0.643 lm=0.995 comb=0.749 matched=False
2026-04-04 20:03:20,148 [INFO] face_processor — Compare: cos=0.1710 emb=0.586 lm=0.999 comb=0.710 matched=False
2026-04-04 20:03:20,149 [INFO] face_processor — Compare: cos=0.1567 emb=0.578 lm=0.991 comb=0.702 matched=False
2026-04-04 20:03:20,149 [INFO] face_processor — Compare: cos=0.3492 emb=0.675 lm=0.999 comb=0.772 matched=False
2026-04-04 20:03:20,149 [INFO] face_processor — Compare: cos=-0.1561 emb=0.422 lm=0.999 comb=0.595 matched=False
2026-04-04 20:03:20,149 [INFO] face_processor — Compare: cos=-0.0433 emb=0.478 lm=0.998 comb=0.634 matched=False
2026-04-04 20:03:20,150 [INFO] face_processor — Compare: cos=0.1537 emb=0.577 lm=0.999 comb=0.703 matched=False
2026-04-04 20:03:20,150 [INFO] face_processor — Compare: cos=0.2218 emb=0.611 lm=1.000 comb=0.728 matched=False
2026-04-04 20:03:20,150 [INFO] face_processor — Compare: cos=0.1339 emb=0.567 lm=0.995 comb=0.695 matched=False
2026-04-04 20:03:20,150 [INFO] face_processor — Compare: cos=-0.0218 emb=0.489 lm=0.996 comb=0.641 matched=False
2026-04-04 20:03:20,150 [INFO] face_processor — Compare: cos=-0.0363 emb=0.482 lm=0.996 comb=0.636 matched=False
2026-04-04 20:03:20,150 [INFO] face_processor — Compare: cos=0.1401 emb=0.570 lm=0.930 comb=0.678 matched=False
2026-04-04 20:03:20,150 [INFO] face_processor — Compare: cos=0.2703 emb=0.635 lm=0.996 comb=0.743 matched=False
2026-04-04 20:03:20,152 [INFO] face_processor — Compare: cos=0.1187 emb=0.559 lm=0.995 comb=0.690 matched=False
2026-04-04 20:03:20,152 [INFO] face_processor — Compare: cos=0.2459 emb=0.623 lm=0.999 comb=0.736 matched=False
2026-04-04 20:03:20,152 [INFO] face_processor — Compare: cos=0.0956 emb=0.548 lm=0.995 comb=0.682 matched=False
2026-04-04 20:03:20,152 [INFO] face_processor — Compare: cos=0.1722 emb=0.586 lm=0.991 comb=0.707 matched=False
2026-04-04 20:03:20,153 [INFO] face_processor — Compare: cos=0.2039 emb=0.602 lm=0.997 comb=0.720 matched=False
2026-04-04 20:03:20,153 [INFO] face_processor — Compare: cos=0.0220 emb=0.511 lm=0.994 comb=0.656 matched=False
2026-04-04 20:03:20,153 [INFO] face_processor — Compare: cos=0.1547 emb=0.577 lm=0.999 comb=0.704 matched=False
2026-04-04 20:03:20,154 [INFO] face_processor — Compare: cos=0.0631 emb=0.532 lm=0.997 comb=0.671 matched=False
2026-04-04 20:03:20,154 [INFO] face_processor — Compare: cos=0.2435 emb=0.622 lm=0.996 comb=0.734 matched=False
2026-04-04 20:03:20,154 [INFO] face_processor — Compare: cos=0.2142 emb=0.607 lm=0.998 comb=0.725 matched=False
2026-04-04 20:03:20,154 [INFO] face_processor — Compare: cos=0.3979 emb=0.699 lm=0.998 comb=0.789 matched=False
2026-04-04 20:03:20,155 [INFO] face_processor — Compare: cos=0.0883 emb=0.544 lm=0.997 comb=0.680 matched=False
2026-04-04 20:03:20,155 [INFO] face_processor — Compare: cos=0.1979 emb=0.599 lm=0.990 comb=0.716 matched=False
2026-04-04 20:03:20,155 [INFO] face_processor — Compare: cos=0.0939 emb=0.547 lm=0.996 comb=0.682 matched=False
2026-04-04 20:03:20,155 [INFO] face_processor — Compare: cos=0.3597 emb=0.680 lm=0.996 comb=0.775 matched=False
2026-04-04 20:03:20,155 [INFO] face_processor — Compare: cos=0.1506 emb=0.575 lm=0.984 comb=0.698 matched=False
2026-04-04 20:03:20,155 [INFO] face_processor — Compare: cos=0.0954 emb=0.548 lm=0.931 comb=0.663 matched=False
2026-04-04 20:03:20,155 [INFO] face_processor — Compare: cos=0.2192 emb=0.610 lm=0.992 comb=0.724 matched=False
2026-04-04 20:03:20,156 [INFO] face_processor — Compare: cos=0.0874 emb=0.544 lm=0.988 comb=0.677 matched=False
2026-04-04 20:03:20,156 [INFO] face_processor — Compare: cos=0.0316 emb=0.516 lm=0.991 comb=0.658 matched=False
2026-04-04 20:03:20,156 [INFO] face_processor — Compare: cos=0.0877 emb=0.544 lm=0.992 comb=0.678 matched=False
2026-04-04 20:03:20,156 [INFO] face_processor — Compare: cos=0.1076 emb=0.554 lm=0.999 comb=0.687 matched=False
2026-04-04 20:03:20,156 [INFO] face_processor — Compare: cos=0.1843 emb=0.592 lm=0.999 comb=0.714 matched=False
2026-04-04 20:03:20,157 [INFO] face_processor — Compare: cos=0.2570 emb=0.629 lm=0.998 comb=0.739 matched=False
2026-04-04 20:03:20,157 [INFO] face_processor — Compare: cos=0.1679 emb=0.584 lm=0.997 comb=0.708 matched=False
2026-04-04 20:03:20,159 [INFO] face_processor — Compare: cos=0.1863 emb=0.593 lm=0.999 comb=0.715 matched=False
2026-04-04 20:03:20,160 [INFO] face_processor — Compare: cos=0.1322 emb=0.566 lm=0.999 comb=0.696 matched=False
2026-04-04 20:03:20,161 [INFO] face_processor — Compare: cos=0.2876 emb=0.644 lm=0.999 comb=0.750 matched=False
2026-04-04 20:03:20,162 [INFO] face_processor — Compare: cos=0.2380 emb=0.619 lm=0.998 comb=0.733 matched=False
2026-04-04 20:03:20,162 [INFO] face_processor — Compare: cos=0.1716 emb=0.586 lm=0.996 comb=0.709 matched=False
2026-04-04 20:03:20,163 [INFO] face_processor — Compare: cos=0.0583 emb=0.529 lm=0.993 comb=0.668 matched=False
2026-04-04 20:03:20,164 [INFO] face_processor — Compare: cos=-0.0191 emb=0.490 lm=0.995 comb=0.642 matched=False
2026-04-04 20:03:20,164 [INFO] face_processor — Compare: cos=-0.0013 emb=0.499 lm=0.997 comb=0.649 matched=False
2026-04-04 20:03:20,164 [INFO] face_processor — Compare: cos=-0.0168 emb=0.492 lm=0.983 comb=0.639 matched=False
2026-04-04 20:03:20,164 [INFO] face_processor — Compare: cos=0.2598 emb=0.630 lm=0.983 comb=0.736 matched=False
2026-04-04 20:03:20,165 [INFO] face_processor — Compare: cos=0.1463 emb=0.573 lm=0.999 comb=0.701 matched=False
2026-04-04 20:03:20,165 [INFO] face_processor — Compare: cos=0.1219 emb=0.561 lm=0.997 comb=0.692 matched=False
2026-04-04 20:03:20,165 [INFO] face_processor — Compare: cos=0.1302 emb=0.565 lm=0.998 comb=0.695 matched=False
2026-04-04 20:03:20,165 [INFO] face_processor — Compare: cos=0.3152 emb=0.658 lm=0.995 comb=0.759 matched=False
2026-04-04 20:03:20,166 [INFO] face_processor — Compare: cos=0.1525 emb=0.576 lm=0.994 comb=0.702 matched=False
2026-04-04 20:03:20,166 [INFO] face_processor — Compare: cos=0.1354 emb=0.568 lm=0.999 comb=0.697 matched=False
2026-04-04 20:03:20,166 [INFO] face_processor — Compare: cos=0.1807 emb=0.590 lm=0.997 comb=0.712 matched=False
2026-04-04 20:03:20,166 [INFO] face_processor — Compare: cos=0.0541 emb=0.527 lm=0.997 comb=0.668 matched=False
2026-04-04 20:03:20,166 [INFO] face_processor — Compare: cos=0.1043 emb=0.552 lm=0.995 comb=0.685 matched=False
2026-04-04 20:03:20,167 [INFO] face_processor — Compare: cos=0.2301 emb=0.615 lm=0.993 comb=0.728 matched=False
2026-04-04 20:03:20,168 [INFO] face_processor — Compare: cos=0.3602 emb=0.680 lm=0.999 comb=0.776 matched=False
2026-04-04 20:03:20,168 [INFO] face_processor — Compare: cos=0.2121 emb=0.606 lm=0.989 comb=0.721 matched=False
2026-04-04 20:03:20,168 [INFO] face_processor — Compare: cos=0.0788 emb=0.539 lm=0.998 comb=0.677 matched=False
2026-04-04 20:03:20,168 [INFO] face_processor — Compare: cos=0.1051 emb=0.553 lm=0.998 comb=0.686 matched=False
2026-04-04 20:03:20,169 [INFO] face_processor — Compare: cos=0.3396 emb=0.670 lm=0.997 comb=0.768 matched=False
2026-04-04 20:03:20,169 [INFO] face_processor — Compare: cos=0.2014 emb=0.601 lm=0.995 comb=0.719 matched=False
2026-04-04 20:03:20,170 [INFO] face_processor — Compare: cos=0.1279 emb=0.564 lm=0.976 comb=0.688 matched=False
2026-04-04 20:03:20,170 [INFO] face_processor — Compare: cos=0.2615 emb=0.631 lm=0.995 comb=0.740 matched=False
2026-04-04 20:03:20,171 [INFO] face_processor — Compare: cos=0.2743 emb=0.637 lm=0.996 comb=0.745 matched=False
2026-04-04 20:03:20,171 [INFO] face_processor — Compare: cos=0.1072 emb=0.554 lm=0.997 comb=0.687 matched=False
2026-04-04 20:03:20,171 [INFO] face_processor — Compare: cos=0.2717 emb=0.636 lm=0.994 comb=0.743 matched=False
2026-04-04 20:03:20,171 [INFO] face_processor — Compare: cos=0.3119 emb=0.656 lm=0.996 comb=0.758 matched=False
2026-04-04 20:03:20,171 [INFO] face_processor — Compare: cos=0.1860 emb=0.593 lm=0.990 comb=0.712 matched=False
2026-04-04 20:03:20,171 [INFO] face_processor — Compare: cos=-0.0037 emb=0.498 lm=0.997 comb=0.648 matched=False
2026-04-04 20:03:20,171 [INFO] face_processor — Compare: cos=0.1942 emb=0.597 lm=0.997 comb=0.717 matched=False
2026-04-04 20:03:20,171 [INFO] face_processor — Compare: cos=0.1224 emb=0.561 lm=0.997 comb=0.692 matched=False
2026-04-04 20:03:20,171 [INFO] face_processor — Compare: cos=0.0517 emb=0.526 lm=0.993 comb=0.666 matched=False
2026-04-04 20:03:20,172 [INFO] face_processor — Compare: cos=0.2407 emb=0.620 lm=0.996 comb=0.733 matched=False
2026-04-04 20:03:20,172 [INFO] face_processor — Compare: cos=0.0990 emb=0.550 lm=0.997 comb=0.684 matched=False
2026-04-04 20:03:20,172 [INFO] face_processor — Compare: cos=0.0618 emb=0.531 lm=0.987 comb=0.668 matched=False
2026-04-04 20:03:20,173 [INFO] face_processor — Compare: cos=0.2563 emb=0.628 lm=0.999 comb=0.739 matched=False
2026-04-04 20:03:20,173 [INFO] face_processor — Compare: cos=0.2148 emb=0.607 lm=0.997 comb=0.724 matched=False
2026-04-04 20:03:20,173 [INFO] face_processor — Compare: cos=0.1811 emb=0.591 lm=0.996 comb=0.712 matched=False
2026-04-04 20:03:20,173 [INFO] face_processor — Compare: cos=0.0753 emb=0.538 lm=0.999 comb=0.676 matched=False
2026-04-04 20:03:20,173 [INFO] face_processor — Compare: cos=0.1110 emb=0.556 lm=0.999 comb=0.689 matched=False
2026-04-04 20:03:20,174 [INFO] face_processor — Compare: cos=0.2894 emb=0.645 lm=0.996 comb=0.750 matched=False
2026-04-04 20:03:20,174 [INFO] face_processor — Compare: cos=0.2724 emb=0.636 lm=0.993 comb=0.743 matched=False
2026-04-04 20:03:20,174 [INFO] face_processor — Compare: cos=0.1916 emb=0.596 lm=0.998 comb=0.716 matched=False
2026-04-04 20:03:20,174 [INFO] face_processor — Compare: cos=0.1715 emb=0.586 lm=0.998 comb=0.710 matched=False
2026-04-04 20:03:20,175 [INFO] face_processor — Compare: cos=0.0623 emb=0.531 lm=0.997 comb=0.671 matched=False
2026-04-04 20:03:20,175 [INFO] face_processor — Compare: cos=0.1266 emb=0.563 lm=0.988 comb=0.691 matched=False
2026-04-04 20:03:20,175 [INFO] face_processor — Compare: cos=0.0118 emb=0.506 lm=0.998 comb=0.654 matched=False
2026-04-04 20:03:20,177 [INFO] face_processor — Compare: cos=0.1435 emb=0.572 lm=0.998 comb=0.700 matched=False
2026-04-04 20:03:20,180 [INFO] face_processor — Compare: cos=-0.0543 emb=0.473 lm=0.868 comb=0.592 matched=False
2026-04-04 20:03:20,181 [INFO] face_processor — Compare: cos=-0.0147 emb=0.493 lm=0.999 comb=0.645 matched=False
2026-04-04 20:03:20,181 [INFO] face_processor — Compare: cos=0.1824 emb=0.591 lm=0.996 comb=0.712 matched=False
2026-04-04 20:03:20,181 [INFO] face_processor — Compare: cos=0.1945 emb=0.597 lm=0.999 comb=0.718 matched=False
2026-04-04 20:03:20,181 [INFO] face_processor — Compare: cos=0.2516 emb=0.626 lm=0.998 comb=0.738 matched=False
2026-04-04 20:03:20,182 [INFO] face_processor — Compare: cos=0.1039 emb=0.552 lm=0.998 comb=0.686 matched=False
2026-04-04 20:03:20,182 [INFO] face_processor — Compare: cos=0.1904 emb=0.595 lm=0.999 comb=0.716 matched=False
2026-04-04 20:03:20,182 [INFO] face_processor — Compare: cos=0.0762 emb=0.538 lm=0.995 comb=0.675 matched=False
2026-04-04 20:03:20,182 [INFO] face_processor — Compare: cos=0.1544 emb=0.577 lm=0.906 comb=0.676 matched=False
2026-04-04 20:03:20,182 [INFO] face_processor — Compare: cos=0.1649 emb=0.582 lm=0.994 comb=0.706 matched=False
2026-04-04 20:03:20,183 [INFO] face_processor — Compare: cos=0.3440 emb=0.672 lm=0.999 comb=0.770 matched=False
2026-04-04 20:03:20,183 [INFO] face_processor — Compare: cos=0.2373 emb=0.619 lm=0.997 comb=0.732 matched=False
2026-04-04 20:03:20,183 [INFO] face_processor — Compare: cos=0.1555 emb=0.578 lm=0.993 comb=0.702 matched=False
2026-04-04 20:03:20,183 [INFO] face_processor — Compare: cos=0.1673 emb=0.584 lm=0.990 comb=0.706 matched=False
2026-04-04 20:03:20,184 [INFO] face_processor — Compare: cos=0.1384 emb=0.569 lm=0.995 comb=0.697 matched=False
2026-04-04 20:03:20,184 [INFO] face_processor — Compare: cos=0.1789 emb=0.589 lm=0.869 comb=0.673 matched=False
2026-04-04 20:03:20,184 [INFO] face_processor — Compare: cos=0.2091 emb=0.605 lm=0.999 comb=0.723 matched=False
2026-04-04 20:03:20,184 [INFO] face_processor — Compare: cos=0.1006 emb=0.550 lm=0.995 comb=0.684 matched=False
2026-04-04 20:03:20,185 [INFO] face_processor — Compare: cos=-0.0525 emb=0.474 lm=0.996 comb=0.631 matched=False
2026-04-04 20:03:20,185 [INFO] face_processor — Compare: cos=0.2158 emb=0.608 lm=0.999 comb=0.725 matched=False
2026-04-04 20:03:20,185 [INFO] face_processor — Compare: cos=0.3135 emb=0.657 lm=0.995 comb=0.758 matched=False
2026-04-04 20:03:20,185 [INFO] face_processor — Compare: cos=0.0846 emb=0.542 lm=0.990 comb=0.677 matched=False
2026-04-04 20:03:20,185 [INFO] face_processor — Compare: cos=0.4352 emb=0.718 lm=0.997 comb=0.801 matched=False
2026-04-04 20:03:20,185 [INFO] face_processor — Compare: cos=0.1030 emb=0.551 lm=0.993 comb=0.684 matched=False
2026-04-04 20:03:20,185 [INFO] face_processor — Compare: cos=0.1646 emb=0.582 lm=0.865 comb=0.667 matched=False
2026-04-04 20:03:20,185 [INFO] face_processor — Compare: cos=0.1945 emb=0.597 lm=0.987 comb=0.714 matched=False
2026-04-04 20:03:20,185 [INFO] face_processor — Compare: cos=0.1360 emb=0.568 lm=0.964 comb=0.687 matched=False
2026-04-04 20:03:20,185 [INFO] face_processor — Compare: cos=-0.1184 emb=0.441 lm=0.994 comb=0.607 matched=False
2026-04-04 20:03:20,187 [INFO] face_processor — Compare: cos=0.2807 emb=0.640 lm=0.931 comb=0.727 matched=False
2026-04-04 20:03:20,187 [INFO] face_processor — Compare: cos=0.1633 emb=0.582 lm=0.995 comb=0.706 matched=False
2026-04-04 20:03:20,187 [INFO] face_processor — Compare: cos=0.2678 emb=0.634 lm=0.976 comb=0.736 matched=False
2026-04-04 20:03:20,187 [INFO] face_processor — Compare: cos=0.2660 emb=0.633 lm=0.994 comb=0.741 matched=False
2026-04-04 20:03:20,187 [INFO] face_processor — Compare: cos=0.0391 emb=0.520 lm=0.995 comb=0.662 matched=False
2026-04-04 20:03:20,187 [INFO] face_processor — Compare: cos=0.1620 emb=0.581 lm=0.999 comb=0.706 matched=False
2026-04-04 20:03:20,188 [INFO] face_processor — Compare: cos=0.1488 emb=0.574 lm=0.998 comb=0.701 matched=False
2026-04-04 20:03:20,188 [INFO] face_processor — Compare: cos=0.2674 emb=0.634 lm=0.999 comb=0.743 matched=False
2026-04-04 20:03:20,188 [INFO] face_processor — Compare: cos=0.2800 emb=0.640 lm=0.998 comb=0.747 matched=False
2026-04-04 20:03:20,188 [INFO] face_processor — Compare: cos=0.1857 emb=0.593 lm=0.976 comb=0.708 matched=False
2026-04-04 20:03:20,188 [INFO] face_processor — Compare: cos=0.2469 emb=0.623 lm=0.997 comb=0.736 matched=False
2026-04-04 20:03:20,188 [INFO] face_processor — Compare: cos=0.0724 emb=0.536 lm=0.997 comb=0.675 matched=False
2026-04-04 20:03:20,188 [INFO] face_processor — Compare: cos=0.2728 emb=0.636 lm=0.999 comb=0.745 matched=False
2026-04-04 20:03:20,188 [INFO] face_processor — Compare: cos=0.1856 emb=0.593 lm=0.999 comb=0.715 matched=False
2026-04-04 20:03:20,189 [INFO] face_processor — Compare: cos=0.1302 emb=0.565 lm=0.997 comb=0.695 matched=False
2026-04-04 20:03:20,189 [INFO] face_processor — Compare: cos=0.0696 emb=0.535 lm=0.994 comb=0.673 matched=False
2026-04-04 20:03:20,189 [INFO] face_processor — Compare: cos=0.0630 emb=0.531 lm=0.995 comb=0.670 matched=False
2026-04-04 20:03:20,189 [INFO] face_processor — Compare: cos=-0.0812 emb=0.459 lm=0.996 comb=0.620 matched=False
2026-04-04 20:03:20,189 [INFO] face_processor — Compare: cos=0.1106 emb=0.555 lm=0.994 comb=0.687 matched=False
2026-04-04 20:03:20,189 [INFO] face_processor — Compare: cos=0.3557 emb=0.678 lm=1.000 comb=0.774 matched=False
2026-04-04 20:03:20,190 [INFO] face_processor — Compare: cos=0.0751 emb=0.538 lm=0.982 comb=0.671 matched=False
2026-04-04 20:03:30,964 [INFO] face_processor — Compare: cos=0.1113 emb=0.556 lm=0.998 comb=0.688 matched=False
2026-04-04 20:03:30,964 [INFO] face_processor — Compare: cos=0.3113 emb=0.656 lm=0.999 comb=0.759 matched=False
2026-04-04 20:03:30,965 [INFO] face_processor — Compare: cos=0.1461 emb=0.573 lm=0.925 comb=0.679 matched=False
2026-04-04 20:03:30,965 [INFO] face_processor — Compare: cos=0.2791 emb=0.640 lm=0.999 comb=0.747 matched=False
2026-04-04 20:03:30,966 [INFO] face_processor — Compare: cos=0.3211 emb=0.661 lm=0.996 comb=0.761 matched=False
2026-04-04 20:03:30,967 [INFO] face_processor — Compare: cos=0.0807 emb=0.540 lm=0.999 comb=0.678 matched=False
2026-04-04 20:03:30,967 [INFO] face_processor — Compare: cos=0.2110 emb=0.605 lm=0.999 comb=0.724 matched=False
2026-04-04 20:03:30,968 [INFO] face_processor — Compare: cos=0.1561 emb=0.578 lm=0.998 comb=0.704 matched=False
2026-04-04 20:03:30,969 [INFO] face_processor — Compare: cos=0.0707 emb=0.535 lm=0.998 comb=0.674 matched=False
2026-04-04 20:03:30,970 [INFO] face_processor — Compare: cos=0.0992 emb=0.550 lm=0.999 comb=0.684 matched=False
2026-04-04 20:03:30,971 [INFO] face_processor — Compare: cos=0.0856 emb=0.543 lm=0.999 comb=0.680 matched=False
2026-04-04 20:03:30,971 [INFO] face_processor — Compare: cos=0.1192 emb=0.560 lm=0.998 comb=0.691 matched=False
2026-04-04 20:03:30,971 [INFO] face_processor — Compare: cos=0.1610 emb=0.581 lm=0.998 comb=0.706 matched=False
2026-04-04 20:03:30,971 [INFO] face_processor — Compare: cos=0.1911 emb=0.596 lm=0.999 comb=0.716 matched=False
2026-04-04 20:03:30,971 [INFO] face_processor — Compare: cos=0.1873 emb=0.594 lm=0.998 comb=0.715 matched=False
2026-04-04 20:03:30,971 [INFO] face_processor — Compare: cos=0.1720 emb=0.586 lm=0.994 comb=0.708 matched=False
2026-04-04 20:03:30,971 [INFO] face_processor — Compare: cos=0.3607 emb=0.680 lm=0.992 comb=0.774 matched=False
2026-04-04 20:03:30,971 [INFO] face_processor — Compare: cos=0.3020 emb=0.651 lm=0.995 comb=0.754 matched=False
2026-04-04 20:03:30,971 [INFO] face_processor — Compare: cos=0.2301 emb=0.615 lm=0.998 comb=0.730 matched=False
2026-04-04 20:03:30,971 [INFO] face_processor — Compare: cos=0.1815 emb=0.591 lm=0.996 comb=0.712 matched=False
2026-04-04 20:03:30,971 [INFO] face_processor — Compare: cos=-0.0197 emb=0.490 lm=0.997 comb=0.642 matched=False
2026-04-04 20:03:30,971 [INFO] face_processor — Compare: cos=0.3600 emb=0.680 lm=0.999 comb=0.776 matched=False
2026-04-04 20:03:30,971 [INFO] face_processor — Compare: cos=0.2638 emb=0.632 lm=0.998 comb=0.742 matched=False
2026-04-04 20:03:30,971 [INFO] face_processor — Compare: cos=0.1981 emb=0.599 lm=0.995 comb=0.718 matched=False
2026-04-04 20:03:30,971 [INFO] face_processor — Compare: cos=0.3431 emb=0.672 lm=0.998 comb=0.769 matched=False
2026-04-04 20:03:30,971 [INFO] face_processor — Compare: cos=0.2546 emb=0.627 lm=0.999 comb=0.739 matched=False
2026-04-04 20:03:30,977 [INFO] face_processor — Compare: cos=0.3709 emb=0.685 lm=0.999 comb=0.780 matched=False
2026-04-04 20:03:30,978 [INFO] face_processor — Compare: cos=0.2920 emb=0.646 lm=0.999 comb=0.752 matched=False
2026-04-04 20:03:30,979 [INFO] face_processor — Compare: cos=0.0699 emb=0.535 lm=0.999 comb=0.674 matched=False
2026-04-04 20:03:30,980 [INFO] face_processor — Compare: cos=0.1359 emb=0.568 lm=0.999 comb=0.697 matched=False
2026-04-04 20:03:30,987 [INFO] face_processor — Compare: cos=0.0456 emb=0.523 lm=0.995 comb=0.664 matched=False
2026-04-04 20:03:30,988 [INFO] face_processor — Compare: cos=0.2112 emb=0.606 lm=0.999 comb=0.724 matched=False
2026-04-04 20:03:30,988 [INFO] face_processor — Compare: cos=0.0719 emb=0.536 lm=0.999 comb=0.675 matched=False
2026-04-04 20:03:30,990 [INFO] face_processor — Compare: cos=0.1201 emb=0.560 lm=0.997 comb=0.691 matched=False
2026-04-04 20:03:30,990 [INFO] face_processor — Compare: cos=0.2108 emb=0.605 lm=0.998 comb=0.723 matched=False
2026-04-04 20:03:30,990 [INFO] face_processor — Compare: cos=0.2416 emb=0.621 lm=0.997 comb=0.734 matched=False
2026-04-04 20:03:30,991 [INFO] face_processor — Compare: cos=0.2765 emb=0.638 lm=0.998 comb=0.746 matched=False
2026-04-04 20:03:30,991 [INFO] face_processor — Compare: cos=0.0504 emb=0.525 lm=0.996 comb=0.666 matched=False
2026-04-04 20:03:30,992 [INFO] face_processor — Compare: cos=0.1473 emb=0.574 lm=0.999 comb=0.701 matched=False
2026-04-04 20:03:30,992 [INFO] face_processor — Compare: cos=0.0157 emb=0.508 lm=0.863 comb=0.614 matched=False
2026-04-04 20:03:30,993 [INFO] face_processor — Compare: cos=0.1604 emb=0.580 lm=0.995 comb=0.705 matched=False
2026-04-04 20:03:30,994 [INFO] face_processor — Compare: cos=0.1030 emb=0.551 lm=0.998 comb=0.686 matched=False
2026-04-04 20:03:30,996 [INFO] face_processor — Compare: cos=0.2590 emb=0.630 lm=0.996 comb=0.740 matched=False
2026-04-04 20:03:30,998 [INFO] face_processor — Compare: cos=0.3324 emb=0.666 lm=0.999 comb=0.766 matched=False
2026-04-04 20:03:31,004 [INFO] face_processor — Compare: cos=0.3088 emb=0.654 lm=0.998 comb=0.758 matched=False
2026-04-04 20:03:31,005 [INFO] face_processor — Compare: cos=0.3263 emb=0.663 lm=0.994 comb=0.762 matched=False
2026-04-04 20:03:31,006 [INFO] face_processor — Compare: cos=0.0728 emb=0.536 lm=0.996 comb=0.674 matched=False
2026-04-04 20:03:31,008 [INFO] face_processor — Compare: cos=-0.0250 emb=0.488 lm=0.998 comb=0.641 matched=False
2026-04-04 20:03:31,008 [INFO] face_processor — Compare: cos=0.1797 emb=0.590 lm=1.000 comb=0.713 matched=False
2026-04-04 20:03:31,009 [INFO] face_processor — Compare: cos=0.2218 emb=0.611 lm=0.998 comb=0.727 matched=False
2026-04-04 20:03:31,009 [INFO] face_processor — Compare: cos=0.3105 emb=0.655 lm=0.933 comb=0.739 matched=False
2026-04-04 20:03:31,009 [INFO] face_processor — Compare: cos=0.2898 emb=0.645 lm=0.999 comb=0.751 matched=False
2026-04-04 20:03:31,009 [INFO] face_processor — Compare: cos=0.2273 emb=0.614 lm=0.998 comb=0.729 matched=False
2026-04-04 20:03:31,011 [INFO] face_processor — Compare: cos=0.2019 emb=0.601 lm=0.999 comb=0.720 matched=False
2026-04-04 20:03:31,011 [INFO] face_processor — Compare: cos=0.1930 emb=0.596 lm=0.997 comb=0.717 matched=False
2026-04-04 20:03:31,011 [INFO] face_processor — Compare: cos=0.1151 emb=0.558 lm=0.998 comb=0.690 matched=False
2026-04-04 20:03:31,012 [INFO] face_processor — Compare: cos=0.3139 emb=0.657 lm=0.999 comb=0.759 matched=False
2026-04-04 20:03:31,012 [INFO] face_processor — Compare: cos=0.3239 emb=0.662 lm=0.997 comb=0.762 matched=False
2026-04-04 20:03:31,012 [INFO] face_processor — Compare: cos=0.0021 emb=0.501 lm=0.932 comb=0.630 matched=False
2026-04-04 20:03:31,012 [INFO] face_processor — Compare: cos=0.2202 emb=0.610 lm=0.994 comb=0.725 matched=False
2026-04-04 20:03:31,013 [INFO] face_processor — Compare: cos=0.2947 emb=0.647 lm=0.999 comb=0.753 matched=False
2026-04-04 20:03:31,013 [INFO] face_processor — Compare: cos=0.2422 emb=0.621 lm=0.997 comb=0.734 matched=False
2026-04-04 20:03:31,013 [INFO] face_processor — Compare: cos=0.2194 emb=0.610 lm=0.997 comb=0.726 matched=False
2026-04-04 20:03:31,013 [INFO] face_processor — Compare: cos=0.3940 emb=0.697 lm=0.998 comb=0.787 matched=False
2026-04-04 20:03:31,013 [INFO] face_processor — Compare: cos=-0.0805 emb=0.460 lm=0.997 comb=0.621 matched=False
2026-04-04 20:03:31,014 [INFO] face_processor — Compare: cos=-0.0316 emb=0.484 lm=0.997 comb=0.638 matched=False
2026-04-04 20:03:31,014 [INFO] face_processor — Compare: cos=0.1388 emb=0.569 lm=0.999 comb=0.698 matched=False
2026-04-04 20:03:31,015 [INFO] face_processor — Compare: cos=0.2409 emb=0.620 lm=0.996 comb=0.733 matched=False
2026-04-04 20:03:31,019 [INFO] face_processor — Compare: cos=0.1274 emb=0.564 lm=0.997 comb=0.694 matched=False
2026-04-04 20:03:31,020 [INFO] face_processor — Compare: cos=0.0398 emb=0.520 lm=0.999 comb=0.664 matched=False
2026-04-04 20:03:31,020 [INFO] face_processor — Compare: cos=-0.0123 emb=0.494 lm=0.998 comb=0.645 matched=False
2026-04-04 20:03:31,020 [INFO] face_processor — Compare: cos=0.1122 emb=0.556 lm=0.926 comb=0.667 matched=False
2026-04-04 20:03:31,020 [INFO] face_processor — Compare: cos=0.2074 emb=0.604 lm=0.999 comb=0.722 matched=False
2026-04-04 20:03:31,020 [INFO] face_processor — Compare: cos=0.0610 emb=0.530 lm=0.999 comb=0.671 matched=False
2026-04-04 20:03:31,020 [INFO] face_processor — Compare: cos=0.2559 emb=0.628 lm=0.994 comb=0.738 matched=False
2026-04-04 20:03:31,020 [INFO] face_processor — Compare: cos=0.0577 emb=0.529 lm=0.998 comb=0.670 matched=False
2026-04-04 20:03:31,020 [INFO] face_processor — Compare: cos=0.2269 emb=0.613 lm=0.997 comb=0.729 matched=False
2026-04-04 20:03:31,020 [INFO] face_processor — Compare: cos=0.2434 emb=0.622 lm=0.999 comb=0.735 matched=False
2026-04-04 20:03:31,020 [INFO] face_processor — Compare: cos=0.0129 emb=0.506 lm=0.996 comb=0.653 matched=False
2026-04-04 20:03:31,020 [INFO] face_processor — Compare: cos=0.2476 emb=0.624 lm=0.994 comb=0.735 matched=False
2026-04-04 20:03:31,020 [INFO] face_processor — Compare: cos=0.0203 emb=0.510 lm=0.999 comb=0.657 matched=False
2026-04-04 20:03:31,020 [INFO] face_processor — Compare: cos=0.2545 emb=0.627 lm=0.999 comb=0.739 matched=False
2026-04-04 20:03:31,020 [INFO] face_processor — Compare: cos=0.2752 emb=0.638 lm=0.997 comb=0.745 matched=False
2026-04-04 20:03:31,020 [INFO] face_processor — Compare: cos=0.4221 emb=0.711 lm=0.993 comb=0.796 matched=False
2026-04-04 20:03:31,020 [INFO] face_processor — Compare: cos=0.0890 emb=0.545 lm=0.999 comb=0.681 matched=False
2026-04-04 20:03:31,020 [INFO] face_processor — Compare: cos=0.2349 emb=0.617 lm=0.997 comb=0.731 matched=False
2026-04-04 20:03:31,020 [INFO] face_processor — Compare: cos=0.0593 emb=0.530 lm=0.999 comb=0.670 matched=False
2026-04-04 20:03:31,020 [INFO] face_processor — Compare: cos=0.4061 emb=0.703 lm=0.999 comb=0.792 matched=False
2026-04-04 20:03:31,020 [INFO] face_processor — Compare: cos=0.1500 emb=0.575 lm=0.995 comb=0.701 matched=False
2026-04-04 20:03:31,020 [INFO] face_processor — Compare: cos=0.1427 emb=0.571 lm=0.927 comb=0.678 matched=False
2026-04-04 20:03:31,020 [INFO] face_processor — Compare: cos=0.2309 emb=0.615 lm=0.999 comb=0.730 matched=False
2026-04-04 20:03:31,020 [INFO] face_processor — Compare: cos=0.1309 emb=0.565 lm=0.996 comb=0.695 matched=False
2026-04-04 20:03:31,020 [INFO] face_processor — Compare: cos=0.0494 emb=0.525 lm=0.997 comb=0.666 matched=False
2026-04-04 20:03:31,020 [INFO] face_processor — Compare: cos=0.0778 emb=0.539 lm=0.997 comb=0.676 matched=False
2026-04-04 20:03:31,020 [INFO] face_processor — Compare: cos=0.1927 emb=0.596 lm=0.996 comb=0.716 matched=False
2026-04-04 20:03:31,020 [INFO] face_processor — Compare: cos=0.2839 emb=0.642 lm=0.998 comb=0.749 matched=False
2026-04-04 20:03:31,020 [INFO] face_processor — Compare: cos=0.2873 emb=0.644 lm=0.999 comb=0.750 matched=False
2026-04-04 20:03:31,020 [INFO] face_processor — Compare: cos=0.2191 emb=0.610 lm=0.999 comb=0.726 matched=False
2026-04-04 20:03:31,020 [INFO] face_processor — Compare: cos=0.2206 emb=0.610 lm=0.998 comb=0.727 matched=False
2026-04-04 20:03:31,020 [INFO] face_processor — Compare: cos=0.1432 emb=0.572 lm=0.997 comb=0.699 matched=False
2026-04-04 20:03:31,020 [INFO] face_processor — Compare: cos=0.2997 emb=0.650 lm=0.996 comb=0.754 matched=False
2026-04-04 20:03:31,020 [INFO] face_processor — Compare: cos=0.2914 emb=0.646 lm=0.998 comb=0.751 matched=False
2026-04-04 20:03:31,026 [INFO] face_processor — Compare: cos=0.2019 emb=0.601 lm=0.999 comb=0.720 matched=False
2026-04-04 20:03:31,026 [INFO] face_processor — Compare: cos=0.1283 emb=0.564 lm=0.997 comb=0.694 matched=False
2026-04-04 20:03:31,026 [INFO] face_processor — Compare: cos=-0.0321 emb=0.484 lm=1.000 comb=0.639 matched=False
2026-04-04 20:19:33,808 [INFO] database — DB 'face_capture_db' ready.
2026-04-04 20:19:34,349 [INFO] database — Original 4 tables synced in 'face_capture_db'.
2026-04-04 20:19:34,637 [INFO] database — New 4 tables verified/created in 'face_capture_db'.
2026-04-04 20:19:34,639 [INFO] face_processor — Pre-loading DeepFace model weights…
2026-04-04 20:19:34,641 [INFO] main — Model preload started in background — server is online immediately.
2026-04-04 20:19:59,504 [WARNING] tensorflow — From C:\Siva successful projects\Face capture\PyBackend\venv310\lib\site-packages\tf_keras\src\losses.py:2976: The name tf.losses.sparse_softmax_cross_entropy is deprecated. Please use tf.compat.v1.losses.sparse_softmax_cross_entropy instead.

2026-04-04 20:20:01,634 [INFO] face_processor — DeepFace loaded (model=ArcFace)
2026-04-04 20:20:08,283 [INFO] face_processor — DeepFace pre-load OK.
2026-04-04 20:20:08,283 [INFO] main — ✅ Model ready — all uploads will now be < 200 ms.
2026-04-04 20:20:26,478 [INFO] face_processor — Level 1 (Haar) detected — eyes:(218,260) nose:(294,314) [2671ms]
2026-04-04 20:20:28,033 [INFO] face_processor — Level 1 (Haar) detected — eyes:(159,193) nose:(200,224) [928ms]
2026-04-04 20:20:28,750 [INFO] face_processor — Level 1 (Haar) detected — eyes:(56,47) nose:(94,95) [671ms]
2026-04-04 20:20:29,787 [INFO] face_processor — Level 1 (Haar) detected — eyes:(212,212) nose:(252,240) [994ms]
2026-04-04 20:20:30,791 [INFO] face_processor — Level 1 (Haar) detected — eyes:(208,177) nose:(250,216) [966ms]
2026-04-04 20:20:31,624 [INFO] face_processor — Level 1 (Haar) detected — eyes:(198,233) nose:(246,274) [783ms]
2026-04-04 20:20:32,289 [INFO] face_processor — Level 1 (Haar) detected — eyes:(216,214) nose:(255,251) [631ms]
2026-04-04 20:20:33,396 [INFO] face_processor — Level 1 (Haar) detected — eyes:(212,245) nose:(281,297) [1073ms]
2026-04-04 20:20:34,455 [INFO] face_processor — Level 1 (Haar) detected — eyes:(142,174) nose:(183,201) [1014ms]
2026-04-04 20:23:28,416 [INFO] face_processor — Level 1 (Haar) detected — eyes:(218,260) nose:(294,314) [2830ms]
2026-04-04 20:23:29,594 [INFO] face_processor — Level 1 (Haar) detected — eyes:(159,193) nose:(200,224) [816ms]
2026-04-04 20:23:30,285 [INFO] face_processor — Level 1 (Haar) detected — eyes:(56,47) nose:(94,95) [659ms]
2026-04-04 20:23:31,288 [INFO] face_processor — Level 1 (Haar) detected — eyes:(212,212) nose:(252,240) [933ms]
2026-04-04 20:23:32,178 [INFO] face_processor — Level 1 (Haar) detected — eyes:(208,177) nose:(250,216) [840ms]
2026-04-04 20:23:33,036 [INFO] face_processor — Level 1 (Haar) detected — eyes:(198,233) nose:(246,274) [829ms]
2026-04-04 20:23:33,667 [INFO] face_processor — Level 1 (Haar) detected — eyes:(216,214) nose:(255,251) [596ms]
2026-04-04 20:23:34,647 [INFO] face_processor — Level 1 (Haar) detected — eyes:(212,245) nose:(281,297) [907ms]
2026-04-04 20:23:35,463 [INFO] face_processor — Level 1 (Haar) detected — eyes:(142,174) nose:(183,201) [764ms]
2026-04-04 20:23:36,278 [INFO] face_processor — Level 1 (Haar) detected — eyes:(210,230) nose:(250,266) [780ms]
2026-04-04 20:23:37,098 [INFO] face_processor — Level 1 (Haar) detected — eyes:(224,245) nose:(285,280) [749ms]
2026-04-04 20:23:38,049 [INFO] face_processor — Level 1 (Haar) detected — eyes:(209,249) nose:(272,300) [920ms]
2026-04-04 20:23:39,028 [INFO] face_processor — Level 1 (Haar) detected — eyes:(194,264) nose:(257,310) [938ms]
2026-04-04 20:23:39,994 [INFO] face_processor — Level 1 (Haar) detected — eyes:(265,269) nose:(322,298) [907ms]
2026-04-04 20:23:40,836 [INFO] face_processor — Level 1 (Haar) detected — eyes:(182,194) nose:(230,233) [806ms]
2026-04-04 20:23:41,725 [INFO] face_processor — Level 1 (Haar) detected — eyes:(198,153) nose:(226,180) [820ms]
2026-04-04 20:23:42,459 [INFO] face_processor — Level 1 (Haar) detected — eyes:(112,98) nose:(178,182) [683ms]
2026-04-04 20:23:43,193 [INFO] face_processor — Level 1 (Haar) detected — eyes:(118,115) nose:(141,129) [635ms]
2026-04-04 20:23:43,913 [INFO] face_processor — Level 1 (Haar) detected — eyes:(212,212) nose:(257,240) [682ms]
2026-04-04 20:23:44,657 [INFO] face_processor — Level 1 (Haar) detected — eyes:(163,238) nose:(216,280) [703ms]
2026-04-04 20:23:45,332 [INFO] face_processor — Level 1 (Haar) detected — eyes:(200,199) nose:(249,235) [645ms]
2026-04-04 20:23:46,120 [INFO] face_processor — Level 1 (Haar) detected — eyes:(184,178) nose:(217,202) [744ms]
2026-04-04 20:23:47,079 [INFO] face_processor — Level 1 (Haar) detected — eyes:(180,240) nose:(225,284) [873ms]
2026-04-04 20:23:47,857 [INFO] face_processor — Level 1 (Haar) detected — eyes:(177,151) nose:(215,181) [747ms]
2026-04-04 20:23:48,636 [INFO] face_processor — Level 1 (Haar) detected — eyes:(197,190) nose:(244,224) [734ms]
2026-04-04 20:23:49,403 [INFO] face_processor — Level 1 (Haar) detected — eyes:(116,139) nose:(142,160) [700ms]
2026-04-04 20:23:50,222 [INFO] face_processor — Level 1 (Haar) detected — eyes:(208,229) nose:(253,269) [776ms]
2026-04-04 20:23:51,049 [INFO] face_processor — Level 1 (Haar) detected — eyes:(209,242) nose:(260,288) [776ms]
2026-04-04 20:23:51,783 [INFO] face_processor — Level 1 (Haar) detected — eyes:(207,237) nose:(252,278) [671ms]
2026-04-04 20:23:52,524 [INFO] face_processor — Level 1 (Haar) detected — eyes:(230,240) nose:(281,270) [701ms]
2026-04-04 20:23:53,266 [INFO] face_processor — Level 1 (Haar) detected — eyes:(165,136) nose:(208,180) [690ms]
2026-04-04 20:23:54,107 [INFO] face_processor — Level 1 (Haar) detected — eyes:(229,268) nose:(268,305) [775ms]
2026-04-04 20:23:54,987 [INFO] face_processor — Level 1 (Haar) detected — eyes:(157,168) nose:(193,201) [830ms]
2026-04-04 20:23:55,790 [INFO] face_processor — Level 1 (Haar) detected — eyes:(174,240) nose:(232,286) [764ms]
2026-04-04 20:23:56,462 [INFO] face_processor — Level 1 (Haar) detected — eyes:(123,127) nose:(155,152) [621ms]
2026-04-04 20:23:57,146 [INFO] face_processor — Level 1 (Haar) detected — eyes:(300,266) nose:(333,292) [652ms]
2026-04-04 20:23:57,934 [INFO] face_processor — Level 1 (Haar) detected — eyes:(141,184) nose:(184,221) [739ms]
2026-04-04 20:23:58,806 [INFO] face_processor — Level 1 (Haar) detected — eyes:(216,192) nose:(265,226) [812ms]
2026-04-04 20:23:59,541 [INFO] face_processor — Level 1 (Haar) detected — eyes:(172,205) nose:(221,242) [696ms]
2026-04-04 20:24:00,644 [INFO] face_processor — Level 1 (Haar) detected — eyes:(0,0) nose:(248,442) [1040ms]
2026-04-04 20:24:01,742 [INFO] face_processor — Level 1 (Haar) detected — eyes:(181,282) nose:(242,337) [1035ms]
2026-04-04 20:24:02,537 [INFO] face_processor — Level 1 (Haar) detected — eyes:(185,190) nose:(233,229) [759ms]
2026-04-04 20:24:03,289 [INFO] face_processor — Level 1 (Haar) detected — eyes:(168,253) nose:(224,296) [718ms]
2026-04-04 20:24:04,111 [INFO] face_processor — Level 1 (Haar) detected — eyes:(192,226) nose:(247,268) [755ms]
2026-04-04 20:24:05,025 [INFO] face_processor — Level 1 (Haar) detected — eyes:(174,220) nose:(229,261) [876ms]
2026-04-04 20:24:05,811 [INFO] face_processor — Level 1 (Haar) detected — eyes:(137,232) nose:(200,274) [754ms]
2026-04-04 20:24:06,674 [INFO] face_processor — Level 1 (Haar) detected — eyes:(103,152) nose:(141,181) [795ms]
2026-04-04 20:24:07,479 [INFO] face_processor — Level 1 (Haar) detected — eyes:(189,248) nose:(238,302) [763ms]
2026-04-04 20:24:08,072 [INFO] face_processor — Level 1 (Haar) detected — eyes:(208,249) nose:(251,276) [543ms]
2026-04-04 20:24:08,715 [INFO] face_processor — Level 1 (Haar) detected — eyes:(200,205) nose:(252,242) [582ms]
2026-04-04 20:24:09,516 [INFO] face_processor — Level 1 (Haar) detected — eyes:(213,189) nose:(245,220) [753ms]
2026-04-04 20:24:10,394 [INFO] face_processor — Level 1 (Haar) detected — eyes:(164,188) nose:(208,227) [832ms]
2026-04-04 20:24:11,249 [INFO] face_processor — Level 1 (Haar) detected — eyes:(170,168) nose:(210,197) [805ms]
2026-04-04 20:24:12,065 [INFO] face_processor — Level 1 (Haar) detected — eyes:(243,233) nose:(277,260) [777ms]
2026-04-04 20:24:12,793 [INFO] face_processor — Level 1 (Haar) detected — eyes:(181,174) nose:(229,210) [688ms]
2026-04-04 20:24:13,701 [INFO] face_processor — Level 1 (Haar) detected — eyes:(205,200) nose:(245,234) [843ms]
2026-04-04 20:24:14,549 [INFO] face_processor — Level 1 (Haar) detected — eyes:(213,212) nose:(260,252) [797ms]
2026-04-04 20:24:15,466 [INFO] face_processor — Level 1 (Haar) detected — eyes:(120,169) nose:(172,205) [839ms]
2026-04-04 20:24:16,270 [INFO] face_processor — Level 1 (Haar) detected — eyes:(313,237) nose:(256,284) [747ms]
2026-04-04 20:24:17,014 [INFO] face_processor — Level 1 (Haar) detected — eyes:(129,201) nose:(180,245) [680ms]
2026-04-04 20:24:17,854 [INFO] face_processor — Level 1 (Haar) detected — eyes:(162,202) nose:(212,233) [792ms]
2026-04-04 20:24:18,747 [INFO] face_processor — Level 1 (Haar) detected — eyes:(85,79) nose:(107,95) [822ms]
2026-04-04 20:24:19,521 [INFO] face_processor — Level 1 (Haar) detected — eyes:(168,226) nose:(230,277) [739ms]
2026-04-04 20:24:20,242 [INFO] face_processor — Level 1 (Haar) detected — eyes:(201,196) nose:(247,234) [675ms]
2026-04-04 20:24:21,039 [INFO] face_processor — Level 1 (Haar) detected — eyes:(170,154) nose:(205,181) [731ms]
2026-04-04 20:24:22,089 [INFO] face_processor — Level 1 (Haar) detected — eyes:(201,193) nose:(260,238) [1000ms]
2026-04-04 20:24:23,000 [INFO] face_processor — Level 1 (Haar) detected — eyes:(162,158) nose:(195,190) [838ms]
2026-04-04 20:24:23,933 [INFO] face_processor — Level 1 (Haar) detected — eyes:(229,197) nose:(273,232) [875ms]
2026-04-04 20:24:24,807 [INFO] face_processor — Level 1 (Haar) detected — eyes:(210,245) nose:(286,305) [835ms]
2026-04-04 20:24:25,753 [INFO] face_processor — Level 1 (Haar) detected — eyes:(213,244) nose:(262,286) [896ms]
2026-04-04 20:24:26,733 [INFO] face_processor — Level 1 (Haar) detected — eyes:(150,165) nose:(191,206) [866ms]
2026-04-04 20:24:27,530 [INFO] face_processor — Level 1 (Haar) detected — eyes:(334,193) nose:(289,240) [703ms]
2026-04-04 20:24:28,185 [INFO] face_processor — Level 1 (Haar) detected — eyes:(107,127) nose:(136,148) [613ms]
2026-04-04 20:24:28,965 [INFO] face_processor — Level 1 (Haar) detected — eyes:(203,246) nose:(251,288) [683ms]
2026-04-04 20:24:29,757 [INFO] face_processor — Level 1 (Haar) detected — eyes:(242,202) nose:(294,240) [741ms]
2026-04-04 20:24:30,244 [INFO] face_processor — Level 1 (Haar) detected — eyes:(64,72) nose:(80,86) [452ms]
2026-04-04 20:24:30,943 [INFO] face_processor — Level 1 (Haar) detected — eyes:(197,269) nose:(264,326) [638ms]
2026-04-04 20:24:31,734 [INFO] face_processor — Level 1 (Haar) detected — eyes:(204,224) nose:(252,263) [757ms]
2026-04-04 20:24:32,482 [INFO] face_processor — Level 1 (Haar) detected — eyes:(174,245) nose:(289,302) [681ms]
2026-04-04 20:24:33,372 [INFO] face_processor — Level 1 (Haar) detected — eyes:(205,173) nose:(255,206) [844ms]
2026-04-04 20:24:34,120 [INFO] face_processor — Level 1 (Haar) detected — eyes:(114,122) nose:(139,142) [707ms]
2026-04-04 20:24:35,010 [INFO] face_processor — Level 1 (Haar) detected — eyes:(197,228) nose:(250,268) [855ms]
2026-04-04 20:24:35,829 [INFO] face_processor — Level 1 (Haar) detected — eyes:(127,120) nose:(157,147) [753ms]
2026-04-04 20:24:36,517 [INFO] face_processor — Level 1 (Haar) detected — eyes:(178,165) nose:(221,186) [638ms]
2026-04-04 20:24:37,268 [INFO] face_processor — Level 1 (Haar) detected — eyes:(169,194) nose:(211,220) [701ms]
2026-04-04 20:24:38,103 [INFO] face_processor — Level 1 (Haar) detected — eyes:(214,302) nose:(281,356) [785ms]
2026-04-04 20:24:38,990 [INFO] face_processor — Level 1 (Haar) detected — eyes:(180,209) nose:(231,254) [842ms]
2026-04-04 20:24:39,815 [INFO] face_processor — Level 1 (Haar) detected — eyes:(187,217) nose:(228,250) [776ms]
2026-04-04 20:24:40,603 [INFO] face_processor — Level 1 (Haar) detected — eyes:(177,274) nose:(220,313) [728ms]
2026-04-04 20:24:41,480 [INFO] face_processor — Level 1 (Haar) detected — eyes:(251,182) nose:(285,206) [806ms]
2026-04-04 20:24:42,192 [INFO] face_processor — Level 1 (Haar) detected — eyes:(186,238) nose:(225,269) [652ms]
2026-04-04 20:24:43,019 [INFO] face_processor — Level 1 (Haar) detected — eyes:(195,288) nose:(249,329) [772ms]
2026-04-04 20:24:43,650 [INFO] face_processor — Level 1 (Haar) detected — eyes:(79,120) nose:(116,141) [594ms]
2026-04-04 20:24:44,479 [INFO] face_processor — Level 1 (Haar) detected — eyes:(173,236) nose:(241,285) [767ms]
2026-04-04 20:24:45,237 [INFO] face_processor — Level 1 (Haar) detected — eyes:(80,70) nose:(100,84) [698ms]
2026-04-04 20:24:46,070 [INFO] face_processor — Level 1 (Haar) detected — eyes:(205,194) nose:(243,222) [793ms]
2026-04-04 20:24:46,870 [INFO] face_processor — Level 1 (Haar) detected — eyes:(0,0) nose:(247,220) [736ms]
2026-04-04 20:24:47,485 [INFO] face_processor — Level 1 (Haar) detected — eyes:(108,112) nose:(131,132) [568ms]
2026-04-04 20:24:48,177 [INFO] face_processor — Level 1 (Haar) detected — eyes:(161,179) nose:(204,213) [627ms]
2026-04-04 20:24:49,094 [INFO] face_processor — Level 1 (Haar) detected — eyes:(197,192) nose:(241,226) [864ms]
2026-04-04 20:24:49,909 [INFO] face_processor — Level 1 (Haar) detected — eyes:(108,103) nose:(132,123) [761ms]
2026-04-04 20:24:50,732 [INFO] face_processor — Level 1 (Haar) detected — eyes:(181,158) nose:(217,186) [744ms]
2026-04-04 20:24:51,521 [INFO] face_processor — Level 1 (Haar) detected — eyes:(184,194) nose:(234,224) [719ms]
2026-04-04 20:24:52,352 [INFO] face_processor — Level 1 (Haar) detected — eyes:(194,217) nose:(250,265) [771ms]
2026-04-04 20:24:53,207 [INFO] face_processor — Level 1 (Haar) detected — eyes:(125,163) nose:(181,199) [728ms]
2026-04-04 20:24:54,011 [INFO] face_processor — Level 1 (Haar) detected — eyes:(250,289) nose:(292,328) [699ms]
2026-04-04 20:24:54,827 [INFO] face_processor — Level 1 (Haar) detected — eyes:(248,151) nose:(250,189) [769ms]
2026-04-04 20:24:55,733 [INFO] face_processor — Level 1 (Haar) detected — eyes:(180,304) nose:(254,361) [833ms]
2026-04-04 20:24:56,479 [INFO] face_processor — Level 1 (Haar) detected — eyes:(169,273) nose:(229,328) [710ms]
2026-04-04 20:24:57,137 [INFO] face_processor — Level 1 (Haar) detected — eyes:(113,111) nose:(135,129) [596ms]
2026-04-04 20:24:58,082 [INFO] face_processor — Level 1 (Haar) detected — eyes:(156,179) nose:(201,211) [846ms]
2026-04-04 20:24:58,930 [INFO] face_processor — Level 1 (Haar) detected — eyes:(197,202) nose:(244,236) [762ms]
2026-04-04 20:24:59,767 [INFO] face_processor — Level 1 (Haar) detected — eyes:(189,226) nose:(233,260) [787ms]
2026-04-04 20:25:00,674 [INFO] face_processor — Level 1 (Haar) detected — eyes:(162,184) nose:(215,226) [819ms]
2026-04-04 20:25:01,531 [INFO] face_processor — Level 1 (Haar) detected — eyes:(151,151) nose:(182,194) [798ms]
2026-04-04 20:25:02,568 [INFO] face_processor — Level 1 (Haar) detected — eyes:(239,218) nose:(293,260) [996ms]
2026-04-04 20:25:03,468 [INFO] face_processor — Level 1 (Haar) detected — eyes:(206,222) nose:(243,254) [755ms]
2026-04-04 20:25:04,343 [INFO] face_processor — Level 1 (Haar) detected — eyes:(192,206) nose:(237,246) [813ms]
2026-04-04 20:25:05,128 [INFO] face_processor — Level 1 (Haar) detected — eyes:(188,217) nose:(238,262) [733ms]
2026-04-04 20:25:05,962 [INFO] face_processor — Level 1 (Haar) detected — eyes:(178,221) nose:(222,264) [766ms]
2026-04-04 20:25:06,867 [INFO] face_processor — Level 1 (Haar) detected — eyes:(196,184) nose:(240,217) [820ms]
2026-04-04 20:25:07,554 [INFO] face_processor — Level 1 (Haar) detected — eyes:(93,124) nose:(117,149) [637ms]
2026-04-04 20:25:08,331 [INFO] face_processor — Level 1 (Haar) detected — eyes:(213,238) nose:(258,266) [693ms]
2026-04-04 20:25:09,109 [INFO] face_processor — Level 1 (Haar) detected — eyes:(168,180) nose:(215,216) [700ms]
2026-04-04 20:25:10,093 [INFO] face_processor — Level 1 (Haar) detected — eyes:(153,170) nose:(192,195) [934ms]
2026-04-04 20:25:10,957 [INFO] face_processor — Level 1 (Haar) detected — eyes:(159,186) nose:(203,220) [802ms]
2026-04-04 20:25:12,000 [INFO] face_processor — Level 1 (Haar) detected — eyes:(162,317) nose:(244,377) [962ms]
2026-04-04 20:25:12,808 [INFO] face_processor — Level 1 (Haar) detected — eyes:(222,141) nose:(257,164) [746ms]
2026-04-04 20:25:13,577 [INFO] face_processor — Level 1 (Haar) detected — eyes:(201,226) nose:(247,262) [717ms]
2026-04-04 20:25:14,403 [INFO] face_processor — Level 1 (Haar) detected — eyes:(203,228) nose:(240,254) [733ms]
2026-04-04 20:25:15,258 [INFO] face_processor — Level 1 (Haar) detected — eyes:(204,260) nose:(266,306) [800ms]
2026-04-04 20:25:16,103 [INFO] face_processor — Level 1 (Haar) detected — eyes:(186,213) nose:(226,246) [797ms]
2026-04-04 20:25:16,950 [INFO] face_processor — Level 1 (Haar) detected — eyes:(181,254) nose:(225,285) [778ms]
2026-04-04 20:25:17,753 [INFO] face_processor — Level 1 (Haar) detected — eyes:(167,178) nose:(200,209) [740ms]
2026-04-04 20:25:18,727 [INFO] face_processor — Level 1 (Haar) detected — eyes:(187,204) nose:(237,242) [920ms]
2026-04-04 20:25:19,611 [INFO] face_processor — Level 1 (Haar) detected — eyes:(146,156) nose:(180,185) [756ms]
2026-04-04 20:25:20,561 [INFO] face_processor — Level 1 (Haar) detected — eyes:(201,254) nose:(252,300) [844ms]
2026-04-04 20:25:21,481 [INFO] face_processor — Level 1 (Haar) detected — eyes:(190,220) nose:(245,258) [816ms]
2026-04-04 20:25:22,366 [INFO] face_processor — Level 1 (Haar) detected — eyes:(71,77) nose:(90,95) [799ms]
2026-04-04 20:25:23,293 [INFO] face_processor — Level 1 (Haar) detected — eyes:(137,205) nose:(183,244) [878ms]
2026-04-04 20:25:24,329 [INFO] face_processor — Level 1 (Haar) detected — eyes:(248,193) nose:(293,229) [983ms]
2026-04-04 20:25:25,532 [INFO] face_processor — Level 1 (Haar) detected — eyes:(252,272) nose:(318,326) [1090ms]
2026-04-04 20:25:26,550 [INFO] face_processor — Level 1 (Haar) detected — eyes:(197,222) nose:(238,257) [855ms]
2026-04-04 20:25:27,697 [INFO] face_processor — Level 1 (Haar) detected — eyes:(143,139) nose:(175,168) [948ms]
2026-04-04 20:25:28,639 [INFO] face_processor — Level 1 (Haar) detected — eyes:(244,209) nose:(292,252) [829ms]
2026-04-04 20:25:29,396 [INFO] face_processor — Level 1 (Haar) detected — eyes:(201,225) nose:(236,262) [701ms]
2026-04-04 20:25:30,321 [INFO] face_processor — Level 1 (Haar) detected — eyes:(142,110) nose:(212,213) [858ms]
2026-04-04 20:25:31,227 [INFO] face_processor — Level 1 (Haar) detected — eyes:(277,194) nose:(321,229) [808ms]
2026-04-04 20:25:32,032 [INFO] face_processor — Level 1 (Haar) detected — eyes:(140,141) nose:(175,167) [741ms]
2026-04-04 20:25:32,889 [INFO] face_processor — Level 1 (Haar) detected — eyes:(110,120) nose:(137,142) [530ms]
2026-04-04 20:25:33,932 [INFO] face_processor — Level 1 (Haar) detected — eyes:(153,230) nose:(215,280) [908ms]
2026-04-04 20:25:35,108 [INFO] face_processor — Level 1 (Haar) detected — eyes:(260,201) nose:(325,258) [1089ms]
2026-04-04 20:25:36,039 [INFO] face_processor — Level 1 (Haar) detected — eyes:(190,196) nose:(227,222) [801ms]
2026-04-04 20:25:41,992 [INFO] face_processor — Level 1 (Haar) detected — eyes:(0,0) nose:(256,245) [979ms]
2026-04-04 20:25:42,893 [INFO] face_processor — Level 1 (Haar) detected — eyes:(148,143) nose:(184,169) [840ms]
2026-04-04 20:25:43,731 [INFO] face_processor — Level 1 (Haar) detected — eyes:(184,216) nose:(229,249) [696ms]
2026-04-04 20:25:44,796 [INFO] face_processor — Level 1 (Haar) detected — eyes:(213,206) nose:(257,248) [945ms]
2026-04-04 20:25:45,733 [INFO] face_processor — Level 1 (Haar) detected — eyes:(236,240) nose:(297,281) [844ms]
2026-04-04 20:25:46,666 [INFO] face_processor — Level 1 (Haar) detected — eyes:(134,116) nose:(175,142) [817ms]
2026-04-04 20:25:47,442 [INFO] face_processor — Level 1 (Haar) detected — eyes:(199,192) nose:(239,225) [748ms]
2026-04-04 20:25:48,270 [INFO] face_processor — Level 1 (Haar) detected — eyes:(193,228) nose:(238,266) [780ms]
2026-04-04 20:25:49,042 [INFO] face_processor — Level 1 (Haar) detected — eyes:(157,249) nose:(136,269) [716ms]
2026-04-04 20:25:50,159 [INFO] face_processor — Level 1 (Haar) detected — eyes:(178,218) nose:(234,268) [1069ms]
2026-04-04 20:25:51,074 [INFO] face_processor — Level 1 (Haar) detected — eyes:(202,209) nose:(264,241) [830ms]
2026-04-04 20:25:51,819 [INFO] face_processor — Level 1 (Haar) detected — eyes:(150,163) nose:(204,207) [703ms]
2026-04-04 20:25:52,688 [INFO] face_processor — Level 1 (Haar) detected — eyes:(192,245) nose:(242,289) [772ms]
2026-04-04 20:25:53,575 [INFO] face_processor — Level 1 (Haar) detected — eyes:(196,273) nose:(249,317) [817ms]
2026-04-04 20:25:54,405 [INFO] face_processor — Level 1 (Haar) detected — eyes:(192,238) nose:(240,282) [751ms]
2026-04-04 20:25:55,320 [INFO] face_processor — Level 1 (Haar) detected — eyes:(0,0) nose:(304,226) [831ms]
2026-04-04 20:25:56,213 [INFO] face_processor — Level 1 (Haar) detected — eyes:(189,175) nose:(229,206) [795ms]
2026-04-04 20:25:56,919 [INFO] face_processor — Level 1 (Haar) detected — eyes:(157,188) nose:(208,224) [673ms]
2026-04-04 20:25:57,688 [INFO] face_processor — Level 1 (Haar) detected — eyes:(109,119) nose:(136,146) [716ms]
2026-04-04 20:25:59,241 [INFO] face_processor — Level 1 (Haar) detected — eyes:(208,194) nose:(280,233) [1507ms]
2026-04-04 20:26:00,745 [INFO] face_processor — Level 1 (Haar) detected — eyes:(194,232) nose:(246,270) [1401ms]
2026-04-04 20:26:01,807 [INFO] face_processor — Level 1 (Haar) detected — eyes:(137,217) nose:(249,272) [897ms]
2026-04-04 20:26:02,831 [INFO] face_processor — Level 1 (Haar) detected — eyes:(195,219) nose:(259,259) [864ms]
2026-04-04 20:26:03,865 [INFO] face_processor — Level 1 (Haar) detected — eyes:(176,224) nose:(223,264) [972ms]
2026-04-04 20:26:04,611 [INFO] face_processor — Level 1 (Haar) detected — eyes:(0,0) nose:(236,147) [630ms]
2026-04-04 20:26:05,348 [INFO] face_processor — Level 1 (Haar) detected — eyes:(118,177) nose:(212,269) [692ms]
2026-04-04 20:26:05,942 [INFO] face_processor — Level 1 (Haar) detected — eyes:(100,237) nose:(149,282) [512ms]
2026-04-04 20:26:06,743 [INFO] face_processor — Level 1 (Haar) detected — eyes:(112,132) nose:(136,157) [673ms]
2026-04-04 20:26:07,619 [INFO] face_processor — Level 1 (Haar) detected — eyes:(190,169) nose:(196,205) [777ms]
2026-04-04 20:26:08,339 [INFO] face_processor — Level 1 (Haar) detected — eyes:(202,234) nose:(245,273) [667ms]
2026-04-04 20:26:09,068 [INFO] face_processor — Level 1 (Haar) detected — eyes:(109,201) nose:(144,233) [646ms]
2026-04-04 20:26:09,804 [INFO] face_processor — Level 1 (Haar) detected — eyes:(156,188) nose:(198,225) [671ms]
2026-04-04 20:26:10,669 [INFO] face_processor — Level 1 (Haar) detected — eyes:(186,225) nose:(249,273) [792ms]
2026-04-04 20:26:11,335 [INFO] face_processor — Level 1 (Haar) detected — eyes:(115,109) nose:(141,131) [580ms]
2026-04-04 20:26:12,094 [INFO] face_processor — Level 1 (Haar) detected — eyes:(158,160) nose:(205,194) [704ms]
2026-04-04 20:26:12,893 [INFO] face_processor — Level 1 (Haar) detected — eyes:(143,127) nose:(172,153) [728ms]
2026-04-04 20:26:13,762 [INFO] face_processor — Level 1 (Haar) detected — eyes:(201,220) nose:(259,256) [793ms]
2026-04-04 20:26:14,553 [INFO] face_processor — Level 1 (Haar) detected — eyes:(153,281) nose:(205,330) [730ms]
2026-04-04 20:26:15,299 [INFO] face_processor — Level 1 (Haar) detected — eyes:(193,208) nose:(241,246) [687ms]
2026-04-04 20:26:16,066 [INFO] face_processor — Level 1 (Haar) detected — eyes:(201,222) nose:(252,254) [678ms]
2026-04-04 20:26:16,731 [INFO] face_processor — Level 1 (Haar) detected — eyes:(262,220) nose:(321,261) [620ms]
2026-04-04 20:26:17,380 [INFO] face_processor — Level 1 (Haar) detected — eyes:(167,157) nose:(216,187) [595ms]
2026-04-04 20:26:18,156 [INFO] face_processor — Level 1 (Haar) detected — eyes:(166,181) nose:(205,219) [683ms]
2026-04-04 20:26:19,020 [INFO] face_processor — Level 1 (Haar) detected — eyes:(208,237) nose:(255,271) [798ms]
2026-04-04 20:26:19,692 [INFO] face_processor — Level 1 (Haar) detected — eyes:(225,254) nose:(249,293) [616ms]
2026-04-04 20:26:20,359 [INFO] face_processor — Level 1 (Haar) detected — eyes:(118,135) nose:(147,156) [604ms]
2026-04-04 20:26:20,997 [INFO] face_processor — Level 1 (Haar) detected — eyes:(180,217) nose:(216,252) [572ms]
2026-04-04 20:26:22,306 [INFO] face_processor — Level 1 (Haar) detected — eyes:(221,190) nose:(266,228) [1230ms]
2026-04-04 20:26:23,139 [INFO] face_processor — Level 1 (Haar) detected — eyes:(153,249) nose:(188,276) [703ms]
2026-04-04 20:26:31,580 [INFO] face_processor — Level 1 (Haar) detected — eyes:(131,155) nose:(147,168) [800ms]
2026-04-04 20:26:31,605 [INFO] face_processor — Compare: cos=0.1446 emb=0.572 lm=0.997 comb=0.700 matched=False
2026-04-04 20:26:31,610 [INFO] face_processor — Compare: cos=0.3270 emb=0.663 lm=0.999 comb=0.764 matched=False
2026-04-04 20:26:31,611 [INFO] face_processor — Compare: cos=0.1222 emb=0.561 lm=0.925 comb=0.670 matched=False
2026-04-04 20:26:31,613 [INFO] face_processor — Compare: cos=0.2646 emb=0.632 lm=0.997 comb=0.742 matched=False
2026-04-04 20:26:31,614 [INFO] face_processor — Compare: cos=0.3010 emb=0.651 lm=0.994 comb=0.753 matched=False
2026-04-04 20:26:31,615 [INFO] face_processor — Compare: cos=0.0757 emb=0.538 lm=0.999 comb=0.676 matched=False
2026-04-04 20:26:31,615 [INFO] face_processor — Compare: cos=0.2338 emb=0.617 lm=0.998 comb=0.731 matched=False
2026-04-04 20:26:31,615 [INFO] face_processor — Compare: cos=0.1754 emb=0.588 lm=0.998 comb=0.711 matched=False
2026-04-04 20:26:31,615 [INFO] face_processor — Compare: cos=0.1071 emb=0.554 lm=0.998 comb=0.687 matched=False
2026-04-04 20:26:31,615 [INFO] face_processor — Compare: cos=0.0913 emb=0.546 lm=0.998 comb=0.681 matched=False
2026-04-04 20:26:31,616 [INFO] face_processor — Compare: cos=0.0429 emb=0.521 lm=0.998 comb=0.664 matched=False
2026-04-04 20:26:31,616 [INFO] face_processor — Compare: cos=0.0473 emb=0.524 lm=0.998 comb=0.666 matched=False
2026-04-04 20:26:31,616 [INFO] face_processor — Compare: cos=0.1241 emb=0.562 lm=0.998 comb=0.693 matched=False
2026-04-04 20:26:31,616 [INFO] face_processor — Compare: cos=0.1767 emb=0.588 lm=0.997 comb=0.711 matched=False
2026-04-04 20:26:31,616 [INFO] face_processor — Compare: cos=0.2270 emb=0.614 lm=0.997 comb=0.729 matched=False
2026-04-04 20:26:31,616 [INFO] face_processor — Compare: cos=0.1577 emb=0.579 lm=0.991 comb=0.702 matched=False
2026-04-04 20:26:31,616 [INFO] face_processor — Compare: cos=0.3825 emb=0.691 lm=0.991 comb=0.781 matched=False
2026-04-04 20:26:31,616 [INFO] face_processor — Compare: cos=0.2827 emb=0.641 lm=0.993 comb=0.747 matched=False
2026-04-04 20:26:31,616 [INFO] face_processor — Compare: cos=0.2574 emb=0.629 lm=0.997 comb=0.739 matched=False
2026-04-04 20:26:31,616 [INFO] face_processor — Compare: cos=0.1876 emb=0.594 lm=0.998 comb=0.715 matched=False
2026-04-04 20:26:31,618 [INFO] face_processor — Compare: cos=0.0212 emb=0.511 lm=0.995 comb=0.656 matched=False
2026-04-04 20:26:31,618 [INFO] face_processor — Compare: cos=0.3976 emb=0.699 lm=0.997 comb=0.788 matched=False
2026-04-04 20:26:31,618 [INFO] face_processor — Compare: cos=0.2035 emb=0.602 lm=0.999 comb=0.721 matched=False
2026-04-04 20:26:31,618 [INFO] face_processor — Compare: cos=0.1702 emb=0.585 lm=0.992 comb=0.707 matched=False
2026-04-04 20:26:31,618 [INFO] face_processor — Compare: cos=0.3677 emb=0.684 lm=0.996 comb=0.777 matched=False
2026-04-04 20:26:31,618 [INFO] face_processor — Compare: cos=0.3089 emb=0.654 lm=0.999 comb=0.758 matched=False
2026-04-04 20:26:31,618 [INFO] face_processor — Compare: cos=0.3985 emb=0.699 lm=0.999 comb=0.789 matched=False
2026-04-04 20:26:31,618 [INFO] face_processor — Compare: cos=0.2803 emb=0.640 lm=0.999 comb=0.748 matched=False
2026-04-04 20:26:31,618 [INFO] face_processor — Compare: cos=0.0830 emb=0.541 lm=0.999 comb=0.679 matched=False
2026-04-04 20:26:31,618 [INFO] face_processor — Compare: cos=0.1661 emb=0.583 lm=0.997 comb=0.707 matched=False
2026-04-04 20:26:31,618 [INFO] face_processor — Compare: cos=0.0384 emb=0.519 lm=0.993 comb=0.661 matched=False
2026-04-04 20:26:31,619 [INFO] face_processor — Compare: cos=0.2011 emb=0.601 lm=1.000 comb=0.720 matched=False
2026-04-04 20:26:31,619 [INFO] face_processor — Compare: cos=0.1510 emb=0.576 lm=0.998 comb=0.702 matched=False
2026-04-04 20:26:31,619 [INFO] face_processor — Compare: cos=0.1004 emb=0.550 lm=0.998 comb=0.685 matched=False
2026-04-04 20:26:31,619 [INFO] face_processor — Compare: cos=0.2039 emb=0.602 lm=0.997 comb=0.721 matched=False
2026-04-04 20:26:31,619 [INFO] face_processor — Compare: cos=0.2983 emb=0.649 lm=0.995 comb=0.753 matched=False
2026-04-04 20:26:31,619 [INFO] face_processor — Compare: cos=0.2192 emb=0.610 lm=0.998 comb=0.726 matched=False
2026-04-04 20:26:31,619 [INFO] face_processor — Compare: cos=0.0877 emb=0.544 lm=0.993 comb=0.679 matched=False
2026-04-04 20:26:31,620 [INFO] face_processor — Compare: cos=0.0752 emb=0.538 lm=0.999 comb=0.676 matched=False
2026-04-04 20:26:31,620 [INFO] face_processor — Compare: cos=0.0173 emb=0.509 lm=0.866 comb=0.616 matched=False
2026-04-04 20:26:31,620 [INFO] face_processor — Compare: cos=0.1250 emb=0.563 lm=0.997 comb=0.693 matched=False
2026-04-04 20:26:31,620 [INFO] face_processor — Compare: cos=0.0979 emb=0.549 lm=0.997 comb=0.683 matched=False
2026-04-04 20:26:31,620 [INFO] face_processor — Compare: cos=0.2541 emb=0.627 lm=0.998 comb=0.738 matched=False
2026-04-04 20:26:31,620 [INFO] face_processor — Compare: cos=0.3038 emb=0.652 lm=0.998 comb=0.756 matched=False
2026-04-04 20:26:31,620 [INFO] face_processor — Compare: cos=0.2286 emb=0.614 lm=0.999 comb=0.730 matched=False
2026-04-04 20:26:31,620 [INFO] face_processor — Compare: cos=0.3411 emb=0.671 lm=0.995 comb=0.768 matched=False
2026-04-04 20:26:31,620 [INFO] face_processor — Compare: cos=0.0537 emb=0.527 lm=0.998 comb=0.668 matched=False
2026-04-04 20:26:31,620 [INFO] face_processor — Compare: cos=0.0637 emb=0.532 lm=0.999 comb=0.672 matched=False
2026-04-04 20:26:31,620 [INFO] face_processor — Compare: cos=0.2062 emb=0.603 lm=1.000 comb=0.722 matched=False
2026-04-04 20:26:31,620 [INFO] face_processor — Compare: cos=0.1759 emb=0.588 lm=0.996 comb=0.711 matched=False
2026-04-04 20:26:31,620 [INFO] face_processor — Compare: cos=0.3032 emb=0.652 lm=0.933 comb=0.736 matched=False
2026-04-04 20:26:31,620 [INFO] face_processor — Compare: cos=0.2940 emb=0.647 lm=0.998 comb=0.752 matched=False
2026-04-04 20:26:31,620 [INFO] face_processor — Compare: cos=0.2922 emb=0.646 lm=0.996 comb=0.751 matched=False
2026-04-04 20:26:31,620 [INFO] face_processor — Compare: cos=0.2457 emb=0.623 lm=0.997 comb=0.735 matched=False
2026-04-04 20:26:31,620 [INFO] face_processor — Compare: cos=0.1817 emb=0.591 lm=0.995 comb=0.712 matched=False
2026-04-04 20:26:31,620 [INFO] face_processor — Compare: cos=0.1971 emb=0.599 lm=0.997 comb=0.718 matched=False
2026-04-04 20:26:31,620 [INFO] face_processor — Compare: cos=0.3448 emb=0.672 lm=0.997 comb=0.770 matched=False
2026-04-04 20:26:31,620 [INFO] face_processor — Compare: cos=0.2686 emb=0.634 lm=0.997 comb=0.743 matched=False
2026-04-04 20:26:31,620 [INFO] face_processor — Compare: cos=0.0704 emb=0.535 lm=0.932 comb=0.654 matched=False
2026-04-04 20:26:31,620 [INFO] face_processor — Compare: cos=0.2202 emb=0.610 lm=0.996 comb=0.726 matched=False
2026-04-04 20:26:31,627 [INFO] face_processor — Compare: cos=0.2745 emb=0.637 lm=0.998 comb=0.746 matched=False
2026-04-04 20:26:31,629 [INFO] face_processor — Compare: cos=0.2673 emb=0.634 lm=0.994 comb=0.742 matched=False
2026-04-04 20:26:31,630 [INFO] face_processor — Compare: cos=0.2739 emb=0.637 lm=0.997 comb=0.745 matched=False
2026-04-04 20:26:31,630 [INFO] face_processor — Compare: cos=0.3878 emb=0.694 lm=0.996 comb=0.785 matched=False
2026-04-04 20:26:31,631 [INFO] face_processor — Compare: cos=-0.0094 emb=0.495 lm=0.994 comb=0.645 matched=False
2026-04-04 20:26:31,631 [INFO] face_processor — Compare: cos=0.0432 emb=0.522 lm=0.995 comb=0.664 matched=False
2026-04-04 20:26:31,632 [INFO] face_processor — Compare: cos=0.1353 emb=0.568 lm=0.997 comb=0.696 matched=False
2026-04-04 20:26:31,632 [INFO] face_processor — Compare: cos=0.2488 emb=0.624 lm=0.993 comb=0.735 matched=False
2026-04-04 20:26:31,633 [INFO] face_processor — Compare: cos=0.0859 emb=0.543 lm=0.996 comb=0.679 matched=False
2026-04-04 20:26:31,633 [INFO] face_processor — Compare: cos=-0.0084 emb=0.496 lm=0.999 comb=0.647 matched=False
2026-04-04 20:26:31,633 [INFO] face_processor — Compare: cos=0.0134 emb=0.507 lm=0.998 comb=0.654 matched=False
2026-04-04 20:26:31,633 [INFO] face_processor — Compare: cos=0.1005 emb=0.550 lm=0.924 comb=0.662 matched=False
2026-04-04 20:26:31,635 [INFO] face_processor — Compare: cos=0.2185 emb=0.609 lm=0.999 comb=0.726 matched=False
2026-04-04 20:26:31,635 [INFO] face_processor — Compare: cos=0.1331 emb=0.567 lm=0.999 comb=0.696 matched=False
2026-04-04 20:26:31,636 [INFO] face_processor — Compare: cos=0.2841 emb=0.642 lm=0.991 comb=0.747 matched=False
2026-04-04 20:26:31,636 [INFO] face_processor — Compare: cos=0.1631 emb=0.582 lm=0.998 comb=0.707 matched=False
2026-04-04 20:26:31,637 [INFO] face_processor — Compare: cos=0.2316 emb=0.616 lm=0.998 comb=0.730 matched=False
2026-04-04 20:26:31,637 [INFO] face_processor — Compare: cos=0.2131 emb=0.607 lm=0.998 comb=0.724 matched=False
2026-04-04 20:26:31,637 [INFO] face_processor — Compare: cos=0.0538 emb=0.527 lm=0.996 comb=0.668 matched=False
2026-04-04 20:26:31,637 [INFO] face_processor — Compare: cos=0.2085 emb=0.604 lm=0.991 comb=0.720 matched=False
2026-04-04 20:26:31,637 [INFO] face_processor — Compare: cos=0.0690 emb=0.535 lm=0.998 comb=0.674 matched=False
2026-04-04 20:26:31,638 [INFO] face_processor — Compare: cos=0.2715 emb=0.636 lm=0.999 comb=0.745 matched=False
2026-04-04 20:26:31,638 [INFO] face_processor — Compare: cos=0.2790 emb=0.640 lm=0.995 comb=0.746 matched=False
2026-04-04 20:26:31,638 [INFO] face_processor — Compare: cos=0.3876 emb=0.694 lm=0.989 comb=0.783 matched=False
2026-04-04 20:26:31,639 [INFO] face_processor — Compare: cos=0.1359 emb=0.568 lm=0.999 comb=0.697 matched=False
2026-04-04 20:26:31,640 [INFO] face_processor — Compare: cos=0.2926 emb=0.646 lm=0.998 comb=0.752 matched=False
2026-04-04 20:26:31,642 [INFO] face_processor — Compare: cos=0.0647 emb=0.532 lm=0.998 comb=0.672 matched=False
2026-04-04 20:26:31,642 [INFO] face_processor — Compare: cos=0.3911 emb=0.696 lm=0.999 comb=0.787 matched=False
2026-04-04 20:26:31,644 [INFO] face_processor — Compare: cos=0.2005 emb=0.600 lm=0.997 comb=0.719 matched=False
2026-04-04 20:26:31,644 [INFO] face_processor — Compare: cos=0.1104 emb=0.555 lm=0.924 comb=0.666 matched=False
2026-04-04 20:26:31,645 [INFO] face_processor — Compare: cos=0.2747 emb=0.637 lm=1.000 comb=0.746 matched=False
2026-04-04 20:26:31,646 [INFO] face_processor — Compare: cos=0.1338 emb=0.567 lm=0.998 comb=0.696 matched=False
2026-04-04 20:26:31,646 [INFO] face_processor — Compare: cos=0.0519 emb=0.526 lm=0.997 comb=0.667 matched=False
2026-04-04 20:26:31,647 [INFO] face_processor — Compare: cos=0.0725 emb=0.536 lm=0.998 comb=0.675 matched=False
2026-04-04 20:26:31,649 [INFO] face_processor — Compare: cos=0.1655 emb=0.583 lm=0.993 comb=0.706 matched=False
2026-04-04 20:26:31,649 [INFO] face_processor — Compare: cos=0.1949 emb=0.597 lm=0.996 comb=0.717 matched=False
2026-04-04 20:26:31,650 [INFO] face_processor — Compare: cos=0.2414 emb=0.621 lm=0.998 comb=0.734 matched=False
2026-04-04 20:26:31,650 [INFO] face_processor — Compare: cos=0.1564 emb=0.578 lm=0.998 comb=0.704 matched=False
2026-04-04 20:26:31,650 [INFO] face_processor — Compare: cos=0.1837 emb=0.592 lm=0.996 comb=0.713 matched=False
2026-04-04 20:26:31,651 [INFO] face_processor — Compare: cos=0.1188 emb=0.559 lm=0.996 comb=0.690 matched=False
2026-04-04 20:26:31,651 [INFO] face_processor — Compare: cos=0.2908 emb=0.645 lm=0.993 comb=0.750 matched=False
2026-04-04 20:26:31,652 [INFO] face_processor — Compare: cos=0.2096 emb=0.605 lm=0.997 comb=0.722 matched=False
2026-04-04 20:26:31,652 [INFO] face_processor — Compare: cos=0.2080 emb=0.604 lm=0.998 comb=0.722 matched=False
2026-04-04 20:26:31,652 [INFO] face_processor — Compare: cos=0.1129 emb=0.556 lm=0.996 comb=0.688 matched=False
2026-04-04 20:26:31,652 [INFO] face_processor — Compare: cos=0.0026 emb=0.501 lm=1.000 comb=0.651 matched=False
2026-04-04 20:26:31,652 [INFO] face_processor — Compare: cos=-0.0105 emb=0.495 lm=0.985 comb=0.642 matched=False
2026-04-04 20:26:31,653 [INFO] face_processor — Compare: cos=-0.0015 emb=0.499 lm=0.996 comb=0.648 matched=False
2026-04-04 20:26:31,653 [INFO] face_processor — Compare: cos=0.2988 emb=0.649 lm=0.996 comb=0.753 matched=False
2026-04-04 20:26:31,653 [INFO] face_processor — Compare: cos=0.1408 emb=0.570 lm=0.997 comb=0.698 matched=False
2026-04-04 20:26:31,653 [INFO] face_processor — Compare: cos=0.1558 emb=0.578 lm=0.998 comb=0.704 matched=False
2026-04-04 20:26:31,653 [INFO] face_processor — Compare: cos=0.1854 emb=0.593 lm=0.997 comb=0.714 matched=False
2026-04-04 20:26:31,653 [INFO] face_processor — Compare: cos=0.3722 emb=0.686 lm=0.999 comb=0.780 matched=False
2026-04-04 20:26:31,654 [INFO] face_processor — Compare: cos=0.2433 emb=0.622 lm=0.996 comb=0.734 matched=False
2026-04-04 20:26:31,654 [INFO] face_processor — Compare: cos=0.2054 emb=0.603 lm=0.994 comb=0.720 matched=False
2026-04-04 20:26:31,654 [INFO] face_processor — Compare: cos=0.2749 emb=0.637 lm=0.999 comb=0.746 matched=False
2026-04-04 20:26:31,654 [INFO] face_processor — Compare: cos=0.1591 emb=0.580 lm=0.998 comb=0.705 matched=False
2026-04-04 20:26:31,654 [INFO] face_processor — Compare: cos=0.0716 emb=0.536 lm=0.998 comb=0.674 matched=False
2026-04-04 20:26:31,654 [INFO] face_processor — Compare: cos=0.2318 emb=0.616 lm=0.999 comb=0.731 matched=False
2026-04-04 20:26:31,654 [INFO] face_processor — Compare: cos=0.3536 emb=0.677 lm=0.995 comb=0.772 matched=False
2026-04-04 20:26:31,654 [INFO] face_processor — Compare: cos=0.2445 emb=0.622 lm=0.998 comb=0.735 matched=False
2026-04-04 20:26:31,654 [INFO] face_processor — Compare: cos=0.0516 emb=0.526 lm=0.999 comb=0.668 matched=False
2026-04-04 20:26:31,654 [INFO] face_processor — Compare: cos=0.1575 emb=0.579 lm=0.997 comb=0.704 matched=False
2026-04-04 20:26:31,656 [INFO] face_processor — Compare: cos=0.3962 emb=0.698 lm=0.998 comb=0.788 matched=False
2026-04-04 20:26:31,656 [INFO] face_processor — Compare: cos=0.2091 emb=0.605 lm=0.998 comb=0.723 matched=False
2026-04-04 20:26:31,656 [INFO] face_processor — Compare: cos=0.1520 emb=0.576 lm=0.992 comb=0.701 matched=False
2026-04-04 20:26:31,657 [INFO] face_processor — Compare: cos=0.3288 emb=0.664 lm=0.979 comb=0.759 matched=False
2026-04-04 20:26:31,657 [INFO] face_processor — Compare: cos=0.3102 emb=0.655 lm=0.999 comb=0.758 matched=False
2026-04-04 20:26:31,657 [INFO] face_processor — Compare: cos=0.1379 emb=0.569 lm=0.999 comb=0.698 matched=False
2026-04-04 20:26:31,658 [INFO] face_processor — Compare: cos=0.2474 emb=0.624 lm=0.998 comb=0.736 matched=False
2026-04-04 20:26:31,658 [INFO] face_processor — Compare: cos=0.3812 emb=0.691 lm=0.999 comb=0.783 matched=False
2026-04-04 20:26:31,659 [INFO] face_processor — Compare: cos=0.2420 emb=0.621 lm=0.999 comb=0.734 matched=False
2026-04-04 20:26:31,660 [INFO] face_processor — Compare: cos=-0.0188 emb=0.491 lm=0.998 comb=0.643 matched=False
2026-04-04 20:26:31,661 [INFO] face_processor — Compare: cos=0.2545 emb=0.627 lm=0.998 comb=0.738 matched=False
2026-04-04 20:26:31,661 [INFO] face_processor — Compare: cos=0.1521 emb=0.576 lm=0.998 comb=0.703 matched=False
2026-04-04 20:26:31,662 [INFO] face_processor — Compare: cos=0.0443 emb=0.522 lm=0.999 comb=0.665 matched=False
2026-04-04 20:26:31,662 [INFO] face_processor — Compare: cos=0.2264 emb=0.613 lm=0.998 comb=0.729 matched=False
2026-04-04 20:26:31,662 [INFO] face_processor — Compare: cos=0.0725 emb=0.536 lm=0.998 comb=0.675 matched=False
2026-04-04 20:26:31,662 [INFO] face_processor — Compare: cos=0.0303 emb=0.515 lm=0.998 comb=0.660 matched=False
2026-04-04 20:26:31,662 [INFO] face_processor — Compare: cos=0.2588 emb=0.629 lm=0.990 comb=0.738 matched=False
2026-04-04 20:26:31,662 [INFO] face_processor — Compare: cos=0.2480 emb=0.624 lm=0.998 comb=0.736 matched=False
2026-04-04 20:26:31,664 [INFO] face_processor — Compare: cos=0.1988 emb=0.599 lm=0.999 comb=0.719 matched=False
2026-04-04 20:26:31,664 [INFO] face_processor — Compare: cos=0.0809 emb=0.540 lm=0.996 comb=0.677 matched=False
2026-04-04 20:26:31,665 [INFO] face_processor — Compare: cos=0.0935 emb=0.547 lm=0.993 comb=0.681 matched=False
2026-04-04 20:26:31,665 [INFO] face_processor — Compare: cos=0.3470 emb=0.674 lm=0.999 comb=0.771 matched=False
2026-04-04 20:26:31,666 [INFO] face_processor — Compare: cos=0.3051 emb=0.653 lm=0.990 comb=0.754 matched=False
2026-04-04 20:26:31,666 [INFO] face_processor — Compare: cos=0.2974 emb=0.649 lm=0.985 comb=0.750 matched=False
2026-04-04 20:26:31,666 [INFO] face_processor — Compare: cos=0.1088 emb=0.554 lm=0.996 comb=0.687 matched=False
2026-04-04 20:26:31,666 [INFO] face_processor — Compare: cos=0.0718 emb=0.536 lm=0.998 comb=0.675 matched=False
2026-04-04 20:26:31,667 [INFO] face_processor — Compare: cos=0.0838 emb=0.542 lm=0.997 comb=0.678 matched=False
2026-04-04 20:26:31,667 [INFO] face_processor — Compare: cos=0.0737 emb=0.537 lm=0.988 comb=0.672 matched=False
2026-04-04 20:26:31,667 [INFO] face_processor — Compare: cos=0.2276 emb=0.614 lm=0.998 comb=0.729 matched=False
2026-04-04 20:26:31,668 [INFO] face_processor — Compare: cos=0.0001 emb=0.500 lm=0.870 comb=0.611 matched=False
2026-04-04 20:26:31,668 [INFO] face_processor — Compare: cos=0.0963 emb=0.548 lm=0.995 comb=0.682 matched=False
2026-04-04 20:26:31,668 [INFO] face_processor — Compare: cos=0.3303 emb=0.665 lm=0.999 comb=0.765 matched=False
2026-04-04 20:26:31,668 [INFO] face_processor — Compare: cos=0.2201 emb=0.610 lm=0.997 comb=0.726 matched=False
2026-04-04 20:26:31,670 [INFO] face_processor — Compare: cos=0.3259 emb=0.663 lm=0.996 comb=0.763 matched=False
2026-04-04 20:26:31,670 [INFO] face_processor — Compare: cos=0.1641 emb=0.582 lm=0.990 comb=0.704 matched=False
2026-04-04 20:26:31,670 [INFO] face_processor — Compare: cos=0.2239 emb=0.612 lm=0.996 comb=0.727 matched=False
2026-04-04 20:26:31,670 [INFO] face_processor — Compare: cos=0.1442 emb=0.572 lm=0.999 comb=0.700 matched=False
2026-04-04 20:26:31,670 [INFO] face_processor — Compare: cos=0.1598 emb=0.580 lm=0.926 comb=0.684 matched=False
2026-04-04 20:26:31,670 [INFO] face_processor — Compare: cos=0.1950 emb=0.597 lm=0.998 comb=0.718 matched=False
2026-04-04 20:26:31,670 [INFO] face_processor — Compare: cos=0.3795 emb=0.690 lm=0.995 comb=0.781 matched=False
2026-04-04 20:26:31,670 [INFO] face_processor — Compare: cos=0.2748 emb=0.637 lm=0.997 comb=0.745 matched=False
2026-04-04 20:26:31,674 [INFO] face_processor — Compare: cos=0.2344 emb=0.617 lm=0.999 comb=0.732 matched=False
2026-04-04 20:26:31,676 [INFO] face_processor — Compare: cos=0.3044 emb=0.652 lm=0.999 comb=0.756 matched=False
2026-04-04 20:26:31,678 [INFO] face_processor — Compare: cos=0.1709 emb=0.585 lm=0.998 comb=0.709 matched=False
2026-04-04 20:26:31,679 [INFO] face_processor — Compare: cos=0.2977 emb=0.649 lm=0.865 comb=0.714 matched=False
2026-04-04 20:26:31,679 [INFO] face_processor — Compare: cos=0.2261 emb=0.613 lm=0.995 comb=0.728 matched=False
2026-04-04 20:26:31,679 [INFO] face_processor — Compare: cos=0.1846 emb=0.592 lm=0.998 comb=0.714 matched=False
2026-04-04 20:26:31,681 [INFO] face_processor — Compare: cos=0.0190 emb=0.510 lm=0.998 comb=0.656 matched=False
2026-04-04 20:26:31,681 [INFO] face_processor — Compare: cos=0.1831 emb=0.592 lm=0.992 comb=0.712 matched=False
2026-04-04 20:26:31,681 [INFO] face_processor — Compare: cos=0.3110 emb=0.655 lm=0.999 comb=0.758 matched=False
2026-04-04 20:26:31,681 [INFO] face_processor — Compare: cos=0.1537 emb=0.577 lm=0.995 comb=0.702 matched=False
2026-04-04 20:26:31,681 [INFO] face_processor — Compare: cos=0.3757 emb=0.688 lm=0.997 comb=0.781 matched=False
2026-04-04 20:26:31,681 [INFO] face_processor — Compare: cos=0.1084 emb=0.554 lm=0.999 comb=0.688 matched=False
2026-04-04 20:26:31,681 [INFO] face_processor — Compare: cos=0.2030 emb=0.601 lm=0.855 comb=0.678 matched=False
2026-04-04 20:26:31,681 [INFO] face_processor — Compare: cos=0.1887 emb=0.594 lm=0.994 comb=0.714 matched=False
2026-04-04 20:26:31,681 [INFO] face_processor — Compare: cos=0.1637 emb=0.582 lm=0.986 comb=0.703 matched=False
2026-04-04 20:26:31,681 [INFO] face_processor — Compare: cos=-0.0541 emb=0.473 lm=0.999 comb=0.631 matched=False
2026-04-04 20:26:31,681 [INFO] face_processor — Compare: cos=0.3105 emb=0.655 lm=0.934 comb=0.739 matched=False
2026-04-04 20:26:31,681 [INFO] face_processor — Compare: cos=0.2019 emb=0.601 lm=0.999 comb=0.720 matched=False
2026-04-04 20:26:31,681 [INFO] face_processor — Compare: cos=0.3130 emb=0.657 lm=0.993 comb=0.757 matched=False
2026-04-04 20:26:31,681 [INFO] face_processor — Compare: cos=0.3008 emb=0.650 lm=0.999 comb=0.755 matched=False
2026-04-04 20:26:31,681 [INFO] face_processor — Compare: cos=0.0401 emb=0.520 lm=0.998 comb=0.663 matched=False
2026-04-04 20:26:31,681 [INFO] face_processor — Compare: cos=0.1957 emb=0.598 lm=0.996 comb=0.717 matched=False
2026-04-04 20:26:31,681 [INFO] face_processor — Compare: cos=0.2192 emb=0.610 lm=0.996 comb=0.725 matched=False
2026-04-04 20:26:31,685 [INFO] face_processor — Compare: cos=0.3455 emb=0.673 lm=0.994 comb=0.769 matched=False
2026-04-04 20:26:31,685 [INFO] face_processor — Compare: cos=0.3460 emb=0.673 lm=0.997 comb=0.770 matched=False
2026-04-04 20:26:31,685 [INFO] face_processor — Compare: cos=0.1613 emb=0.581 lm=0.993 comb=0.704 matched=False
2026-04-04 20:26:31,685 [INFO] face_processor — Compare: cos=0.2461 emb=0.623 lm=0.998 comb=0.735 matched=False
2026-04-04 20:26:31,685 [INFO] face_processor — Compare: cos=0.2168 emb=0.608 lm=0.998 comb=0.725 matched=False
2026-04-04 20:26:31,685 [INFO] face_processor — Compare: cos=0.3940 emb=0.697 lm=0.991 comb=0.785 matched=False
2026-04-04 20:26:31,685 [INFO] face_processor — Compare: cos=0.1398 emb=0.570 lm=0.993 comb=0.697 matched=False
2026-04-04 20:26:31,686 [INFO] face_processor — Compare: cos=0.1717 emb=0.586 lm=0.998 comb=0.710 matched=False
2026-04-04 20:26:31,686 [INFO] face_processor — Compare: cos=0.1652 emb=0.583 lm=0.998 comb=0.707 matched=False
2026-04-04 20:26:31,686 [INFO] face_processor — Compare: cos=0.0150 emb=0.508 lm=1.000 comb=0.655 matched=False
2026-04-04 20:26:31,687 [INFO] face_processor — Compare: cos=0.0144 emb=0.507 lm=0.999 comb=0.655 matched=False
2026-04-04 20:26:31,687 [INFO] face_processor — Compare: cos=0.1549 emb=0.577 lm=1.000 comb=0.704 matched=False
2026-04-04 20:26:31,687 [INFO] face_processor — Compare: cos=0.3611 emb=0.681 lm=0.993 comb=0.774 matched=False
2026-04-04 20:26:31,687 [INFO] face_processor — Compare: cos=0.1659 emb=0.583 lm=0.996 comb=0.707 matched=False
2026-04-04 20:26:31,687 [INFO] main — identify-registered | best='25102663_Photo.jpg' cos=0.3985 pct=78.9% matched=False | 907ms
2026-04-04 20:26:41,563 [INFO] face_processor — Level 1 (Haar) detected — eyes:(0,0) nose:(103,119) [1096ms]
2026-04-04 20:26:41,594 [INFO] face_processor — Compare: cos=0.0754 emb=0.538 lm=0.990 comb=0.673 matched=False
2026-04-04 20:26:41,594 [INFO] face_processor — Compare: cos=0.0151 emb=0.508 lm=0.990 comb=0.652 matched=False
2026-04-04 20:26:41,594 [INFO] face_processor — Compare: cos=0.1009 emb=0.550 lm=0.958 comb=0.673 matched=False
2026-04-04 20:26:41,594 [INFO] face_processor — Compare: cos=0.0003 emb=0.500 lm=0.990 comb=0.647 matched=False
2026-04-04 20:26:41,594 [INFO] face_processor — Compare: cos=-0.0596 emb=0.470 lm=0.987 comb=0.625 matched=False
2026-04-04 20:26:41,594 [INFO] face_processor — Compare: cos=0.1268 emb=0.563 lm=0.991 comb=0.692 matched=False
2026-04-04 20:26:41,594 [INFO] face_processor — Compare: cos=0.1201 emb=0.560 lm=0.989 comb=0.689 matched=False
2026-04-04 20:26:41,594 [INFO] face_processor — Compare: cos=0.0169 emb=0.508 lm=0.989 comb=0.653 matched=False
2026-04-04 20:26:41,594 [INFO] face_processor — Compare: cos=-0.0332 emb=0.483 lm=0.990 comb=0.635 matched=False
2026-04-04 20:26:41,594 [INFO] face_processor — Compare: cos=0.0227 emb=0.511 lm=0.986 comb=0.654 matched=False
2026-04-04 20:26:41,594 [INFO] face_processor — Compare: cos=0.0555 emb=0.528 lm=0.989 comb=0.666 matched=False
2026-04-04 20:26:41,597 [INFO] face_processor — Compare: cos=0.1037 emb=0.552 lm=0.990 comb=0.683 matched=False
2026-04-04 20:26:41,597 [INFO] face_processor — Compare: cos=0.0712 emb=0.536 lm=0.990 comb=0.672 matched=False
2026-04-04 20:26:41,597 [INFO] face_processor — Compare: cos=-0.0520 emb=0.474 lm=0.988 comb=0.628 matched=False
2026-04-04 20:26:41,597 [INFO] face_processor — Compare: cos=0.2522 emb=0.626 lm=0.989 comb=0.735 matched=False
2026-04-04 20:26:41,597 [INFO] face_processor — Compare: cos=0.0497 emb=0.525 lm=0.983 comb=0.662 matched=False
2026-04-04 20:26:41,598 [INFO] face_processor — Compare: cos=0.0514 emb=0.526 lm=0.987 comb=0.664 matched=False
2026-04-04 20:26:41,598 [INFO] face_processor — Compare: cos=0.0595 emb=0.530 lm=0.987 comb=0.667 matched=False
2026-04-04 20:26:41,598 [INFO] face_processor — Compare: cos=0.0373 emb=0.519 lm=0.988 comb=0.659 matched=False
2026-04-04 20:26:41,601 [INFO] face_processor — Compare: cos=0.0336 emb=0.517 lm=0.990 comb=0.659 matched=False
2026-04-04 20:26:41,601 [INFO] face_processor — Compare: cos=0.0321 emb=0.516 lm=0.985 comb=0.657 matched=False
2026-04-04 20:26:41,602 [INFO] face_processor — Compare: cos=0.1067 emb=0.553 lm=0.988 comb=0.684 matched=False
2026-04-04 20:26:41,602 [INFO] face_processor — Compare: cos=0.1094 emb=0.555 lm=0.990 comb=0.685 matched=False
2026-04-04 20:26:41,602 [INFO] face_processor — Compare: cos=0.0657 emb=0.533 lm=0.984 comb=0.668 matched=False
2026-04-04 20:26:41,603 [INFO] face_processor — Compare: cos=-0.0324 emb=0.484 lm=0.988 comb=0.635 matched=False
2026-04-04 20:26:41,603 [INFO] face_processor — Compare: cos=0.1144 emb=0.557 lm=0.990 comb=0.687 matched=False
2026-04-04 20:26:41,604 [INFO] face_processor — Compare: cos=0.0556 emb=0.528 lm=0.991 comb=0.667 matched=False
2026-04-04 20:26:41,604 [INFO] face_processor — Compare: cos=0.0147 emb=0.507 lm=0.991 comb=0.652 matched=False
2026-04-04 20:26:41,604 [INFO] face_processor — Compare: cos=-0.0106 emb=0.495 lm=0.990 comb=0.643 matched=False
2026-04-04 20:26:41,604 [INFO] face_processor — Compare: cos=-0.0422 emb=0.479 lm=0.988 comb=0.632 matched=False
2026-04-04 20:26:41,604 [INFO] face_processor — Compare: cos=0.1048 emb=0.552 lm=0.986 comb=0.682 matched=False
2026-04-04 20:26:41,604 [INFO] face_processor — Compare: cos=0.0611 emb=0.531 lm=0.989 comb=0.668 matched=False
2026-04-04 20:26:41,604 [INFO] face_processor — Compare: cos=0.0593 emb=0.530 lm=0.990 comb=0.668 matched=False
2026-04-04 20:26:41,604 [INFO] face_processor — Compare: cos=0.0763 emb=0.538 lm=0.988 comb=0.673 matched=False
2026-04-04 20:26:41,604 [INFO] face_processor — Compare: cos=-0.0613 emb=0.469 lm=0.990 comb=0.625 matched=False
2026-04-04 20:26:41,606 [INFO] face_processor — Compare: cos=0.0923 emb=0.546 lm=0.985 comb=0.678 matched=False
2026-04-04 20:26:41,606 [INFO] face_processor — Compare: cos=0.1275 emb=0.564 lm=0.990 comb=0.692 matched=False
2026-04-04 20:26:41,606 [INFO] face_processor — Compare: cos=0.4747 emb=0.737 lm=0.986 comb=0.812 matched=False
2026-04-04 20:26:41,606 [INFO] face_processor — Compare: cos=0.0545 emb=0.527 lm=0.990 comb=0.666 matched=False
2026-04-04 20:26:41,606 [INFO] face_processor — Compare: cos=0.9796 emb=0.990 lm=0.911 comb=0.966 matched=True
2026-04-04 20:26:41,606 [INFO] face_processor — Compare: cos=0.1453 emb=0.573 lm=0.988 comb=0.697 matched=False
2026-04-04 20:26:41,606 [INFO] face_processor — Compare: cos=-0.0001 emb=0.500 lm=0.989 comb=0.647 matched=False
2026-04-04 20:26:41,606 [INFO] face_processor — Compare: cos=0.0725 emb=0.536 lm=0.989 comb=0.672 matched=False
2026-04-04 20:26:41,606 [INFO] face_processor — Compare: cos=0.0231 emb=0.512 lm=0.990 comb=0.655 matched=False
2026-04-04 20:26:41,609 [INFO] face_processor — Compare: cos=0.0280 emb=0.514 lm=0.990 comb=0.657 matched=False
2026-04-04 20:26:41,609 [INFO] face_processor — Compare: cos=0.0819 emb=0.541 lm=0.988 comb=0.675 matched=False
2026-04-04 20:26:41,609 [INFO] face_processor — Compare: cos=0.1373 emb=0.569 lm=0.989 comb=0.695 matched=False
2026-04-04 20:26:41,609 [INFO] face_processor — Compare: cos=0.3502 emb=0.675 lm=0.991 comb=0.770 matched=False
2026-04-04 20:26:41,609 [INFO] face_processor — Compare: cos=0.0384 emb=0.519 lm=0.990 comb=0.660 matched=False
2026-04-04 20:26:41,609 [INFO] face_processor — Compare: cos=0.0094 emb=0.505 lm=0.989 comb=0.650 matched=False
2026-04-04 20:26:41,609 [INFO] face_processor — Compare: cos=0.1746 emb=0.587 lm=0.955 comb=0.698 matched=False
2026-04-04 20:26:41,609 [INFO] face_processor — Compare: cos=0.1041 emb=0.552 lm=0.990 comb=0.684 matched=False
2026-04-04 20:26:41,609 [INFO] face_processor — Compare: cos=0.0593 emb=0.530 lm=0.988 comb=0.667 matched=False
2026-04-04 20:26:41,611 [INFO] face_processor — Compare: cos=0.0001 emb=0.500 lm=0.988 comb=0.646 matched=False
2026-04-04 20:26:41,611 [INFO] face_processor — Compare: cos=-0.0176 emb=0.491 lm=0.988 comb=0.640 matched=False
2026-04-04 20:26:41,611 [INFO] face_processor — Compare: cos=0.0163 emb=0.508 lm=0.989 comb=0.652 matched=False
2026-04-04 20:26:41,611 [INFO] face_processor — Compare: cos=0.0481 emb=0.524 lm=0.989 comb=0.664 matched=False
2026-04-04 20:26:41,611 [INFO] face_processor — Compare: cos=0.0988 emb=0.549 lm=0.992 comb=0.682 matched=False
2026-04-04 20:26:41,611 [INFO] face_processor — Compare: cos=0.0527 emb=0.526 lm=0.951 comb=0.654 matched=False
2026-04-04 20:26:41,612 [INFO] face_processor — Compare: cos=0.0195 emb=0.510 lm=0.986 comb=0.653 matched=False
2026-04-04 20:26:41,612 [INFO] face_processor — Compare: cos=0.1083 emb=0.554 lm=0.991 comb=0.685 matched=False
2026-04-04 20:26:41,612 [INFO] face_processor — Compare: cos=0.0680 emb=0.534 lm=0.988 comb=0.670 matched=False
2026-04-04 20:26:41,612 [INFO] face_processor — Compare: cos=0.1232 emb=0.562 lm=0.990 comb=0.690 matched=False
2026-04-04 20:26:41,612 [INFO] face_processor — Compare: cos=-0.0110 emb=0.495 lm=0.989 comb=0.643 matched=False
2026-04-04 20:26:41,612 [INFO] face_processor — Compare: cos=0.0850 emb=0.543 lm=0.988 comb=0.676 matched=False
2026-04-04 20:26:41,612 [INFO] face_processor — Compare: cos=0.3101 emb=0.655 lm=0.989 comb=0.755 matched=False
2026-04-04 20:26:41,612 [INFO] face_processor — Compare: cos=0.1902 emb=0.595 lm=0.990 comb=0.713 matched=False
2026-04-04 20:26:41,612 [INFO] face_processor — Compare: cos=0.0562 emb=0.528 lm=0.986 comb=0.665 matched=False
2026-04-04 20:26:41,612 [INFO] face_processor — Compare: cos=0.0879 emb=0.544 lm=0.989 comb=0.677 matched=False
2026-04-04 20:26:41,614 [INFO] face_processor — Compare: cos=0.1170 emb=0.559 lm=0.991 comb=0.688 matched=False
2026-04-04 20:26:41,614 [INFO] face_processor — Compare: cos=0.7893 emb=0.895 lm=0.991 comb=0.923 matched=True
2026-04-04 20:26:41,615 [INFO] face_processor — Compare: cos=0.0843 emb=0.542 lm=0.946 comb=0.663 matched=False
2026-04-04 20:26:41,627 [INFO] face_processor — Compare: cos=0.0736 emb=0.537 lm=0.990 comb=0.673 matched=False
2026-04-04 20:26:41,627 [INFO] face_processor — Compare: cos=0.0310 emb=0.516 lm=0.992 comb=0.658 matched=False
2026-04-04 20:26:41,627 [INFO] face_processor — Compare: cos=0.0131 emb=0.507 lm=0.984 comb=0.650 matched=False
2026-04-04 20:26:41,627 [INFO] face_processor — Compare: cos=0.0573 emb=0.529 lm=0.991 comb=0.667 matched=False
2026-04-04 20:26:41,627 [INFO] face_processor — Compare: cos=0.0844 emb=0.542 lm=0.990 comb=0.677 matched=False
2026-04-04 20:26:41,627 [INFO] face_processor — Compare: cos=0.0829 emb=0.541 lm=0.990 comb=0.676 matched=False
2026-04-04 20:26:41,627 [INFO] face_processor — Compare: cos=0.0631 emb=0.532 lm=0.989 comb=0.669 matched=False
2026-04-04 20:26:41,627 [INFO] face_processor — Compare: cos=0.0133 emb=0.507 lm=0.985 comb=0.650 matched=False
2026-04-04 20:26:41,627 [INFO] face_processor — Compare: cos=0.0122 emb=0.506 lm=0.990 comb=0.651 matched=False
2026-04-04 20:26:41,627 [INFO] face_processor — Compare: cos=0.0492 emb=0.525 lm=0.990 comb=0.664 matched=False
2026-04-04 20:26:41,629 [INFO] face_processor — Compare: cos=0.1114 emb=0.556 lm=0.989 comb=0.686 matched=False
2026-04-04 20:26:41,629 [INFO] face_processor — Compare: cos=0.0417 emb=0.521 lm=0.986 comb=0.660 matched=False
2026-04-04 20:26:41,629 [INFO] face_processor — Compare: cos=0.0607 emb=0.530 lm=0.991 comb=0.668 matched=False
2026-04-04 20:26:41,629 [INFO] face_processor — Compare: cos=0.0168 emb=0.508 lm=0.991 comb=0.653 matched=False
2026-04-04 20:26:41,629 [INFO] face_processor — Compare: cos=0.0872 emb=0.544 lm=0.990 comb=0.677 matched=False
2026-04-04 20:26:41,629 [INFO] face_processor — Compare: cos=0.0504 emb=0.525 lm=0.990 comb=0.665 matched=False
2026-04-04 20:26:41,629 [INFO] face_processor — Compare: cos=0.0648 emb=0.532 lm=0.986 comb=0.668 matched=False
2026-04-04 20:26:41,629 [INFO] face_processor — Compare: cos=0.0515 emb=0.526 lm=0.947 comb=0.652 matched=False
2026-04-04 20:26:41,629 [INFO] face_processor — Compare: cos=0.0277 emb=0.514 lm=0.990 comb=0.657 matched=False
2026-04-04 20:26:41,629 [INFO] face_processor — Compare: cos=0.0517 emb=0.526 lm=0.987 comb=0.664 matched=False
2026-04-04 20:26:41,629 [INFO] face_processor — Compare: cos=0.0172 emb=0.509 lm=0.988 comb=0.652 matched=False
2026-04-04 20:26:41,631 [INFO] face_processor — Compare: cos=0.0249 emb=0.512 lm=0.990 comb=0.656 matched=False
2026-04-04 20:26:41,631 [INFO] face_processor — Compare: cos=0.1229 emb=0.561 lm=0.986 comb=0.689 matched=False
2026-04-04 20:26:41,631 [INFO] face_processor — Compare: cos=0.0363 emb=0.518 lm=0.987 comb=0.659 matched=False
2026-04-04 20:26:41,631 [INFO] face_processor — Compare: cos=0.0404 emb=0.520 lm=0.989 comb=0.661 matched=False
2026-04-04 20:26:41,631 [INFO] face_processor — Compare: cos=0.0459 emb=0.523 lm=0.990 comb=0.663 matched=False
2026-04-04 20:26:41,631 [INFO] face_processor — Compare: cos=0.0871 emb=0.544 lm=0.988 comb=0.677 matched=False
2026-04-04 20:26:41,631 [INFO] face_processor — Compare: cos=0.1463 emb=0.573 lm=0.988 comb=0.698 matched=False
2026-04-04 20:26:41,631 [INFO] face_processor — Compare: cos=0.0773 emb=0.539 lm=0.986 comb=0.673 matched=False
2026-04-04 20:26:41,631 [INFO] face_processor — Compare: cos=0.0562 emb=0.528 lm=0.989 comb=0.666 matched=False
2026-04-04 20:26:41,631 [INFO] face_processor — Compare: cos=0.1012 emb=0.551 lm=0.991 comb=0.683 matched=False
2026-04-04 20:26:41,633 [INFO] face_processor — Compare: cos=0.1576 emb=0.579 lm=0.988 comb=0.702 matched=False
2026-04-04 20:26:41,633 [INFO] face_processor — Compare: cos=0.0216 emb=0.511 lm=0.990 comb=0.654 matched=False
2026-04-04 20:26:41,633 [INFO] face_processor — Compare: cos=0.1772 emb=0.589 lm=0.979 comb=0.706 matched=False
2026-04-04 20:26:41,633 [INFO] face_processor — Compare: cos=0.0430 emb=0.522 lm=0.987 comb=0.661 matched=False
2026-04-04 20:26:41,635 [INFO] face_processor — Compare: cos=-0.0325 emb=0.484 lm=0.986 comb=0.634 matched=False
2026-04-04 20:26:41,639 [INFO] face_processor — Compare: cos=0.0259 emb=0.513 lm=0.988 comb=0.655 matched=False
2026-04-04 20:26:41,642 [INFO] face_processor — Compare: cos=0.0068 emb=0.503 lm=0.988 comb=0.649 matched=False
2026-04-04 20:26:41,642 [INFO] face_processor — Compare: cos=0.1134 emb=0.557 lm=0.990 comb=0.687 matched=False
2026-04-04 20:26:41,642 [INFO] face_processor — Compare: cos=-0.0108 emb=0.495 lm=0.991 comb=0.643 matched=False
2026-04-04 20:26:41,642 [INFO] face_processor — Compare: cos=0.0715 emb=0.536 lm=0.990 comb=0.672 matched=False
2026-04-04 20:26:41,642 [INFO] face_processor — Compare: cos=0.0843 emb=0.542 lm=0.986 comb=0.675 matched=False
2026-04-04 20:26:41,642 [INFO] face_processor — Compare: cos=0.0537 emb=0.527 lm=0.990 comb=0.666 matched=False
2026-04-04 20:26:41,642 [INFO] face_processor — Compare: cos=0.0781 emb=0.539 lm=0.991 comb=0.675 matched=False
2026-04-04 20:26:41,642 [INFO] face_processor — Compare: cos=0.5343 emb=0.767 lm=0.990 comb=0.834 matched=False
2026-04-04 20:26:41,642 [INFO] face_processor — Compare: cos=0.2838 emb=0.642 lm=0.990 comb=0.746 matched=False
2026-04-04 20:26:41,642 [INFO] face_processor — Compare: cos=0.0036 emb=0.502 lm=0.988 comb=0.648 matched=False
2026-04-04 20:26:41,642 [INFO] face_processor — Compare: cos=0.0493 emb=0.525 lm=0.991 comb=0.665 matched=False
2026-04-04 20:26:41,642 [INFO] face_processor — Compare: cos=0.0109 emb=0.505 lm=0.990 comb=0.651 matched=False
2026-04-04 20:26:41,642 [INFO] face_processor — Compare: cos=0.1966 emb=0.598 lm=0.989 comb=0.716 matched=False
2026-04-04 20:26:41,642 [INFO] face_processor — Compare: cos=0.0081 emb=0.504 lm=0.989 comb=0.650 matched=False
2026-04-04 20:26:41,642 [INFO] face_processor — Compare: cos=-0.0247 emb=0.488 lm=0.990 comb=0.638 matched=False
2026-04-04 20:26:41,642 [INFO] face_processor — Compare: cos=-0.0074 emb=0.496 lm=0.984 comb=0.643 matched=False
2026-04-04 20:26:41,642 [INFO] face_processor — Compare: cos=0.0414 emb=0.521 lm=0.974 comb=0.657 matched=False
2026-04-04 20:26:41,642 [INFO] face_processor — Compare: cos=-0.0096 emb=0.495 lm=0.991 comb=0.644 matched=False
2026-04-04 20:26:41,642 [INFO] face_processor — Compare: cos=-0.0327 emb=0.484 lm=0.990 comb=0.635 matched=False
2026-04-04 20:26:41,642 [INFO] face_processor — Compare: cos=0.0184 emb=0.509 lm=0.990 comb=0.654 matched=False
2026-04-04 20:26:41,647 [INFO] face_processor — Compare: cos=-0.0122 emb=0.494 lm=0.990 comb=0.643 matched=False
2026-04-04 20:26:41,647 [INFO] face_processor — Compare: cos=0.0136 emb=0.507 lm=0.988 comb=0.651 matched=False
2026-04-04 20:26:41,647 [INFO] face_processor — Compare: cos=0.0209 emb=0.510 lm=0.989 comb=0.654 matched=False
2026-04-04 20:26:41,647 [INFO] face_processor — Compare: cos=0.2452 emb=0.623 lm=0.991 comb=0.733 matched=False
2026-04-04 20:26:41,649 [INFO] face_processor — Compare: cos=0.0906 emb=0.545 lm=0.990 comb=0.679 matched=False
2026-04-04 20:26:41,652 [INFO] face_processor — Compare: cos=0.1086 emb=0.554 lm=0.990 comb=0.685 matched=False
2026-04-04 20:26:41,657 [INFO] face_processor — Compare: cos=0.0140 emb=0.507 lm=0.990 comb=0.652 matched=False
2026-04-04 20:26:41,659 [INFO] face_processor — Compare: cos=0.1957 emb=0.598 lm=0.991 comb=0.716 matched=False
2026-04-04 20:26:41,659 [INFO] face_processor — Compare: cos=0.0249 emb=0.512 lm=0.988 comb=0.655 matched=False
2026-04-04 20:26:41,659 [INFO] face_processor — Compare: cos=0.1502 emb=0.575 lm=0.983 comb=0.698 matched=False
2026-04-04 20:26:41,660 [INFO] face_processor — Compare: cos=0.1293 emb=0.565 lm=0.990 comb=0.692 matched=False
2026-04-04 20:26:41,660 [INFO] face_processor — Compare: cos=0.0589 emb=0.529 lm=0.989 comb=0.667 matched=False
2026-04-04 20:26:41,660 [INFO] face_processor — Compare: cos=0.1141 emb=0.557 lm=0.989 comb=0.687 matched=False
2026-04-04 20:26:41,661 [INFO] face_processor — Compare: cos=0.3348 emb=0.667 lm=0.986 comb=0.763 matched=False
2026-04-04 20:26:41,661 [INFO] face_processor — Compare: cos=-0.0023 emb=0.499 lm=0.991 comb=0.646 matched=False
2026-04-04 20:26:41,662 [INFO] face_processor — Compare: cos=0.0703 emb=0.535 lm=0.988 comb=0.671 matched=False
2026-04-04 20:26:41,663 [INFO] face_processor — Compare: cos=0.0347 emb=0.517 lm=0.978 comb=0.656 matched=False
2026-04-04 20:26:41,663 [INFO] face_processor — Compare: cos=0.0283 emb=0.514 lm=0.989 comb=0.657 matched=False
2026-04-04 20:26:41,663 [INFO] face_processor — Compare: cos=-0.0052 emb=0.497 lm=0.990 comb=0.645 matched=False
2026-04-04 20:26:41,663 [INFO] face_processor — Compare: cos=0.0671 emb=0.534 lm=0.989 comb=0.670 matched=False
2026-04-04 20:26:41,663 [INFO] face_processor — Compare: cos=0.3441 emb=0.672 lm=0.983 comb=0.765 matched=False
2026-04-04 20:26:41,664 [INFO] face_processor — Compare: cos=-0.0109 emb=0.495 lm=0.989 comb=0.643 matched=False
2026-04-04 20:26:41,664 [INFO] face_processor — Compare: cos=0.3686 emb=0.684 lm=0.916 comb=0.754 matched=False
2026-04-04 20:26:41,664 [INFO] face_processor — Compare: cos=0.0595 emb=0.530 lm=0.988 comb=0.667 matched=False
2026-04-04 20:26:41,665 [INFO] face_processor — Compare: cos=0.0895 emb=0.545 lm=0.990 comb=0.678 matched=False
2026-04-04 20:26:41,666 [INFO] face_processor — Compare: cos=0.1497 emb=0.575 lm=0.989 comb=0.699 matched=False
2026-04-04 20:26:41,666 [INFO] face_processor — Compare: cos=0.0239 emb=0.512 lm=0.989 comb=0.655 matched=False
2026-04-04 20:26:41,666 [INFO] face_processor — Compare: cos=0.0831 emb=0.542 lm=0.983 comb=0.674 matched=False
2026-04-04 20:26:41,666 [INFO] face_processor — Compare: cos=0.0595 emb=0.530 lm=0.989 comb=0.667 matched=False
2026-04-04 20:26:41,666 [INFO] face_processor — Compare: cos=0.0536 emb=0.527 lm=0.990 comb=0.666 matched=False
2026-04-04 20:26:41,666 [INFO] face_processor — Compare: cos=0.1754 emb=0.588 lm=0.939 comb=0.693 matched=False
2026-04-04 20:26:41,667 [INFO] face_processor — Compare: cos=0.0697 emb=0.535 lm=0.990 comb=0.671 matched=False
2026-04-04 20:26:41,667 [INFO] face_processor — Compare: cos=0.0475 emb=0.524 lm=0.988 comb=0.663 matched=False
2026-04-04 20:26:41,667 [INFO] face_processor — Compare: cos=0.0140 emb=0.507 lm=0.990 comb=0.652 matched=False
2026-04-04 20:26:41,668 [INFO] face_processor — Compare: cos=0.0816 emb=0.541 lm=0.990 comb=0.676 matched=False
2026-04-04 20:26:41,669 [INFO] face_processor — Compare: cos=0.0034 emb=0.502 lm=0.989 comb=0.648 matched=False
2026-04-04 20:26:41,669 [INFO] face_processor — Compare: cos=0.3686 emb=0.684 lm=0.993 comb=0.777 matched=False
2026-04-04 20:26:41,669 [INFO] face_processor — Compare: cos=0.0466 emb=0.523 lm=0.912 comb=0.640 matched=False
2026-04-04 20:26:41,670 [INFO] face_processor — Compare: cos=-0.0025 emb=0.499 lm=0.987 comb=0.645 matched=False
2026-04-04 20:26:41,670 [INFO] face_processor — Compare: cos=-0.0149 emb=0.493 lm=0.990 comb=0.642 matched=False
2026-04-04 20:26:41,670 [INFO] face_processor — Compare: cos=0.2744 emb=0.637 lm=0.990 comb=0.743 matched=False
2026-04-04 20:26:41,671 [INFO] face_processor — Compare: cos=0.0494 emb=0.525 lm=0.985 comb=0.663 matched=False
2026-04-04 20:26:41,675 [INFO] face_processor — Compare: cos=0.0369 emb=0.518 lm=0.990 comb=0.660 matched=False
2026-04-04 20:26:41,675 [INFO] face_processor — Compare: cos=0.0696 emb=0.535 lm=0.989 comb=0.671 matched=False
2026-04-04 20:26:41,675 [INFO] face_processor — Compare: cos=0.0085 emb=0.504 lm=0.990 comb=0.650 matched=False
2026-04-04 20:26:41,675 [INFO] face_processor — Compare: cos=0.1002 emb=0.550 lm=0.991 comb=0.682 matched=False
2026-04-04 20:26:41,677 [INFO] face_processor — Compare: cos=0.0759 emb=0.538 lm=0.898 comb=0.646 matched=False
2026-04-04 20:26:41,677 [INFO] face_processor — Compare: cos=0.0292 emb=0.515 lm=0.987 comb=0.656 matched=False
2026-04-04 20:26:41,677 [INFO] face_processor — Compare: cos=0.0622 emb=0.531 lm=0.975 comb=0.664 matched=False
2026-04-04 20:26:41,677 [INFO] face_processor — Compare: cos=0.0775 emb=0.539 lm=0.990 comb=0.674 matched=False
2026-04-04 20:26:41,678 [INFO] face_processor — Compare: cos=0.0383 emb=0.519 lm=0.956 comb=0.650 matched=False
2026-04-04 20:26:41,678 [INFO] face_processor — Compare: cos=0.0047 emb=0.502 lm=0.991 comb=0.649 matched=False
2026-04-04 20:26:41,678 [INFO] face_processor — Compare: cos=0.1198 emb=0.560 lm=0.982 comb=0.687 matched=False
2026-04-04 20:26:41,678 [INFO] face_processor — Compare: cos=0.3186 emb=0.659 lm=0.991 comb=0.759 matched=False
2026-04-04 20:26:41,678 [INFO] face_processor — Compare: cos=0.1204 emb=0.560 lm=0.990 comb=0.689 matched=False
2026-04-04 20:26:41,678 [INFO] face_processor — Compare: cos=0.1325 emb=0.566 lm=0.988 comb=0.693 matched=False
2026-04-04 20:26:41,679 [INFO] face_processor — Compare: cos=0.0356 emb=0.518 lm=0.990 comb=0.659 matched=False
2026-04-04 20:26:41,679 [INFO] face_processor — Compare: cos=0.0166 emb=0.508 lm=0.988 comb=0.652 matched=False
2026-04-04 20:26:41,679 [INFO] face_processor — Compare: cos=-0.0316 emb=0.484 lm=0.989 comb=0.636 matched=False
2026-04-04 20:26:41,679 [INFO] face_processor — Compare: cos=0.2940 emb=0.647 lm=0.984 comb=0.748 matched=False
2026-04-04 20:26:41,679 [INFO] face_processor — Compare: cos=-0.0149 emb=0.493 lm=0.990 comb=0.642 matched=False
2026-04-04 20:26:41,679 [INFO] face_processor — Compare: cos=0.0111 emb=0.506 lm=0.989 comb=0.651 matched=False
2026-04-04 20:26:41,679 [INFO] face_processor — Compare: cos=-0.0660 emb=0.467 lm=0.985 comb=0.623 matched=False
2026-04-04 20:26:41,679 [INFO] face_processor — Compare: cos=0.0109 emb=0.505 lm=0.987 comb=0.650 matched=False
2026-04-04 20:26:41,681 [INFO] face_processor — Compare: cos=-0.0037 emb=0.498 lm=0.991 comb=0.646 matched=False
2026-04-04 20:26:41,681 [INFO] face_processor — Compare: cos=0.0332 emb=0.517 lm=0.984 comb=0.657 matched=False
2026-04-04 20:26:41,681 [INFO] face_processor — Compare: cos=0.0239 emb=0.512 lm=0.989 comb=0.655 matched=False
2026-04-04 20:26:41,681 [INFO] face_processor — Compare: cos=-0.0393 emb=0.480 lm=0.990 comb=0.633 matched=False
2026-04-04 20:26:41,682 [INFO] face_processor — Compare: cos=0.0432 emb=0.522 lm=0.991 comb=0.662 matched=False
2026-04-04 20:26:41,682 [INFO] face_processor — Compare: cos=0.1878 emb=0.594 lm=0.986 comb=0.712 matched=False
2026-04-04 20:26:41,683 [INFO] face_processor — Compare: cos=0.0282 emb=0.514 lm=0.985 comb=0.655 matched=False
2026-04-04 20:26:41,691 [INFO] main — identify-registered | best='25103574_Photo.jpg' cos=0.9796 pct=96.6% matched=True | 1225ms
2026-04-04 20:27:56,326 [INFO] face_processor — Level 1 (Haar) detected — eyes:(134,125) nose:(150,137) [3145ms]
2026-04-04 20:27:56,583 [INFO] face_processor — Compare: cos=0.1424 emb=0.571 lm=0.997 comb=0.699 matched=False
2026-04-04 20:27:56,583 [INFO] face_processor — Compare: cos=0.3273 emb=0.664 lm=0.997 comb=0.764 matched=False
2026-04-04 20:27:56,583 [INFO] face_processor — Compare: cos=0.1350 emb=0.567 lm=0.924 comb=0.674 matched=False
2026-04-04 20:27:56,583 [INFO] face_processor — Compare: cos=0.2251 emb=0.613 lm=1.000 comb=0.729 matched=False
2026-04-04 20:27:56,585 [INFO] face_processor — Compare: cos=0.3283 emb=0.664 lm=0.999 comb=0.765 matched=False
2026-04-04 20:27:56,586 [INFO] face_processor — Compare: cos=0.0368 emb=0.518 lm=0.997 comb=0.662 matched=False
2026-04-04 20:27:56,586 [INFO] face_processor — Compare: cos=0.1801 emb=0.590 lm=1.000 comb=0.713 matched=False
2026-04-04 20:27:56,587 [INFO] face_processor — Compare: cos=0.1875 emb=0.594 lm=0.998 comb=0.715 matched=False
2026-04-04 20:27:56,588 [INFO] face_processor — Compare: cos=0.0828 emb=0.541 lm=0.997 comb=0.678 matched=False
2026-04-04 20:27:56,588 [INFO] face_processor — Compare: cos=0.1124 emb=0.556 lm=0.999 comb=0.689 matched=False
2026-04-04 20:27:56,588 [INFO] face_processor — Compare: cos=0.0577 emb=0.529 lm=0.999 comb=0.670 matched=False
2026-04-04 20:27:56,589 [INFO] face_processor — Compare: cos=0.1108 emb=0.555 lm=0.997 comb=0.688 matched=False
2026-04-04 20:27:56,589 [INFO] face_processor — Compare: cos=0.1315 emb=0.566 lm=0.995 comb=0.694 matched=False
2026-04-04 20:27:56,590 [INFO] face_processor — Compare: cos=0.1869 emb=0.593 lm=1.000 comb=0.715 matched=False
2026-04-04 20:27:56,590 [INFO] face_processor — Compare: cos=0.2319 emb=0.616 lm=0.999 comb=0.731 matched=False
2026-04-04 20:27:56,590 [INFO] face_processor — Compare: cos=0.1485 emb=0.574 lm=0.998 comb=0.701 matched=False
2026-04-04 20:27:56,590 [INFO] face_processor — Compare: cos=0.3168 emb=0.658 lm=0.993 comb=0.759 matched=False
2026-04-04 20:27:56,590 [INFO] face_processor — Compare: cos=0.3102 emb=0.655 lm=0.998 comb=0.758 matched=False
2026-04-04 20:27:56,590 [INFO] face_processor — Compare: cos=0.2463 emb=0.623 lm=1.000 comb=0.736 matched=False
2026-04-04 20:27:56,590 [INFO] face_processor — Compare: cos=0.1815 emb=0.591 lm=0.992 comb=0.711 matched=False
2026-04-04 20:27:56,590 [INFO] face_processor — Compare: cos=0.0314 emb=0.516 lm=0.999 comb=0.661 matched=False
2026-04-04 20:27:56,590 [INFO] face_processor — Compare: cos=0.3690 emb=0.685 lm=1.000 comb=0.779 matched=False
2026-04-04 20:27:56,590 [INFO] face_processor — Compare: cos=0.2109 emb=0.605 lm=0.994 comb=0.722 matched=False
2026-04-04 20:27:56,597 [INFO] face_processor — Compare: cos=0.1720 emb=0.586 lm=0.998 comb=0.710 matched=False
2026-04-04 20:27:56,605 [INFO] face_processor — Compare: cos=0.3675 emb=0.684 lm=0.999 comb=0.778 matched=False
2026-04-04 20:27:56,606 [INFO] face_processor — Compare: cos=0.2782 emb=0.639 lm=0.997 comb=0.747 matched=False
2026-04-04 20:27:56,606 [INFO] face_processor — Compare: cos=0.3711 emb=0.686 lm=0.998 comb=0.779 matched=False
2026-04-04 20:27:56,607 [INFO] face_processor — Compare: cos=0.2849 emb=0.642 lm=0.998 comb=0.749 matched=False
2026-04-04 20:27:56,607 [INFO] face_processor — Compare: cos=0.0760 emb=0.538 lm=0.998 comb=0.676 matched=False
2026-04-04 20:27:56,607 [INFO] face_processor — Compare: cos=0.1440 emb=0.572 lm=0.999 comb=0.700 matched=False
2026-04-04 20:27:56,609 [INFO] face_processor — Compare: cos=0.0402 emb=0.520 lm=0.998 comb=0.664 matched=False
2026-04-04 20:27:56,609 [INFO] face_processor — Compare: cos=0.1790 emb=0.589 lm=0.997 comb=0.712 matched=False
2026-04-04 20:27:56,609 [INFO] face_processor — Compare: cos=0.1109 emb=0.555 lm=0.999 comb=0.688 matched=False
2026-04-04 20:27:56,611 [INFO] face_processor — Compare: cos=0.0791 emb=0.540 lm=0.994 comb=0.676 matched=False
2026-04-04 20:27:56,612 [INFO] face_processor — Compare: cos=0.1866 emb=0.593 lm=0.999 comb=0.715 matched=False
2026-04-04 20:27:56,613 [INFO] face_processor — Compare: cos=0.2591 emb=0.630 lm=1.000 comb=0.741 matched=False
2026-04-04 20:27:56,613 [INFO] face_processor — Compare: cos=0.2351 emb=0.618 lm=0.995 comb=0.731 matched=False
2026-04-04 20:27:56,615 [INFO] face_processor — Compare: cos=0.0642 emb=0.532 lm=0.999 comb=0.672 matched=False
2026-04-04 20:27:56,615 [INFO] face_processor — Compare: cos=0.0934 emb=0.547 lm=0.997 comb=0.682 matched=False
2026-04-04 20:27:56,616 [INFO] face_processor — Compare: cos=0.0102 emb=0.505 lm=0.857 comb=0.611 matched=False
2026-04-04 20:27:56,617 [INFO] face_processor — Compare: cos=0.0932 emb=0.547 lm=0.990 comb=0.680 matched=False
2026-04-04 20:27:56,618 [INFO] face_processor — Compare: cos=0.1173 emb=0.559 lm=0.999 comb=0.691 matched=False
2026-04-04 20:27:56,619 [INFO] face_processor — Compare: cos=0.2444 emb=0.622 lm=0.992 comb=0.733 matched=False
2026-04-04 20:27:56,619 [INFO] face_processor — Compare: cos=0.3122 emb=0.656 lm=0.997 comb=0.759 matched=False
2026-04-04 20:27:56,620 [INFO] face_processor — Compare: cos=0.1933 emb=0.597 lm=0.996 comb=0.717 matched=False
2026-04-04 20:27:56,621 [INFO] face_processor — Compare: cos=0.3318 emb=0.666 lm=0.988 comb=0.763 matched=False
2026-04-04 20:27:56,621 [INFO] face_processor — Compare: cos=0.0367 emb=0.518 lm=0.992 comb=0.661 matched=False
2026-04-04 20:27:56,621 [INFO] face_processor — Compare: cos=0.0375 emb=0.519 lm=0.994 comb=0.661 matched=False
2026-04-04 20:27:56,623 [INFO] face_processor — Compare: cos=0.1889 emb=0.594 lm=0.998 comb=0.715 matched=False
2026-04-04 20:27:56,623 [INFO] face_processor — Compare: cos=0.1988 emb=0.599 lm=0.999 comb=0.719 matched=False
2026-04-04 20:27:56,623 [INFO] face_processor — Compare: cos=0.3028 emb=0.651 lm=0.933 comb=0.736 matched=False
2026-04-04 20:27:56,623 [INFO] face_processor — Compare: cos=0.3067 emb=0.653 lm=0.998 comb=0.757 matched=False
2026-04-04 20:27:56,623 [INFO] face_processor — Compare: cos=0.2673 emb=0.634 lm=0.999 comb=0.743 matched=False
2026-04-04 20:27:56,625 [INFO] face_processor — Compare: cos=0.2282 emb=0.614 lm=1.000 comb=0.730 matched=False
2026-04-04 20:27:56,625 [INFO] face_processor — Compare: cos=0.1733 emb=0.587 lm=0.999 comb=0.710 matched=False
2026-04-04 20:27:56,626 [INFO] face_processor — Compare: cos=0.2017 emb=0.601 lm=1.000 comb=0.720 matched=False
2026-04-04 20:27:56,627 [INFO] face_processor — Compare: cos=0.3656 emb=0.683 lm=0.999 comb=0.778 matched=False
2026-04-04 20:27:56,629 [INFO] face_processor — Compare: cos=0.2442 emb=0.622 lm=0.995 comb=0.734 matched=False
2026-04-04 20:27:56,630 [INFO] face_processor — Compare: cos=0.0411 emb=0.521 lm=0.930 comb=0.643 matched=False
2026-04-04 20:27:56,630 [INFO] face_processor — Compare: cos=0.2220 emb=0.611 lm=0.989 comb=0.724 matched=False
2026-04-04 20:27:56,631 [INFO] face_processor — Compare: cos=0.2489 emb=0.624 lm=0.997 comb=0.736 matched=False
2026-04-04 20:27:56,632 [INFO] face_processor — Compare: cos=0.2417 emb=0.621 lm=0.999 comb=0.734 matched=False
2026-04-04 20:27:56,632 [INFO] face_processor — Compare: cos=0.2033 emb=0.602 lm=0.994 comb=0.719 matched=False
2026-04-04 20:27:56,634 [INFO] face_processor — Compare: cos=0.3486 emb=0.674 lm=0.999 comb=0.772 matched=False
2026-04-04 20:27:56,634 [INFO] face_processor — Compare: cos=-0.0646 emb=0.468 lm=0.999 comb=0.627 matched=False
2026-04-04 20:27:56,635 [INFO] face_processor — Compare: cos=0.0526 emb=0.526 lm=0.999 comb=0.668 matched=False
2026-04-04 20:27:56,636 [INFO] face_processor — Compare: cos=0.1031 emb=0.552 lm=0.999 comb=0.686 matched=False
2026-04-04 20:27:56,636 [INFO] face_processor — Compare: cos=0.2406 emb=0.620 lm=0.999 comb=0.734 matched=False
2026-04-04 20:27:56,637 [INFO] face_processor — Compare: cos=0.1136 emb=0.557 lm=0.997 comb=0.689 matched=False
2026-04-04 20:27:56,637 [INFO] face_processor — Compare: cos=-0.0127 emb=0.494 lm=0.998 comb=0.645 matched=False
2026-04-04 20:27:56,637 [INFO] face_processor — Compare: cos=-0.0076 emb=0.496 lm=0.998 comb=0.647 matched=False
2026-04-04 20:27:56,638 [INFO] face_processor — Compare: cos=0.1010 emb=0.550 lm=0.929 comb=0.664 matched=False
2026-04-04 20:27:56,639 [INFO] face_processor — Compare: cos=0.2253 emb=0.613 lm=0.998 comb=0.728 matched=False
2026-04-04 20:27:56,640 [INFO] face_processor — Compare: cos=0.1641 emb=0.582 lm=0.998 comb=0.707 matched=False
2026-04-04 20:27:56,640 [INFO] face_processor — Compare: cos=0.2741 emb=0.637 lm=0.998 comb=0.745 matched=False
2026-04-04 20:27:56,641 [INFO] face_processor — Compare: cos=0.1401 emb=0.570 lm=0.997 comb=0.698 matched=False
2026-04-04 20:27:56,641 [INFO] face_processor — Compare: cos=0.2301 emb=0.615 lm=0.994 comb=0.729 matched=False
2026-04-04 20:27:56,641 [INFO] face_processor — Compare: cos=0.2122 emb=0.606 lm=0.999 comb=0.724 matched=False
2026-04-04 20:27:56,641 [INFO] face_processor — Compare: cos=-0.0035 emb=0.498 lm=0.996 comb=0.647 matched=False
2026-04-04 20:27:56,641 [INFO] face_processor — Compare: cos=0.2223 emb=0.611 lm=0.998 comb=0.727 matched=False
2026-04-04 20:27:56,641 [INFO] face_processor — Compare: cos=0.0939 emb=0.547 lm=0.999 comb=0.683 matched=False
2026-04-04 20:27:56,641 [INFO] face_processor — Compare: cos=0.2659 emb=0.633 lm=0.998 comb=0.743 matched=False
2026-04-04 20:27:56,641 [INFO] face_processor — Compare: cos=0.2581 emb=0.629 lm=0.999 comb=0.740 matched=False
2026-04-04 20:27:56,659 [INFO] face_processor — Compare: cos=0.4089 emb=0.704 lm=0.997 comb=0.792 matched=False
2026-04-04 20:27:56,659 [INFO] face_processor — Compare: cos=0.1039 emb=0.552 lm=0.998 comb=0.686 matched=False
2026-04-04 20:27:56,660 [INFO] face_processor — Compare: cos=0.2470 emb=0.624 lm=0.993 comb=0.735 matched=False
2026-04-04 20:27:56,660 [INFO] face_processor — Compare: cos=0.0575 emb=0.529 lm=0.998 comb=0.669 matched=False
2026-04-04 20:27:56,666 [INFO] face_processor — Compare: cos=0.3627 emb=0.681 lm=0.998 comb=0.776 matched=False
2026-04-04 20:27:56,675 [INFO] face_processor — Compare: cos=0.2199 emb=0.610 lm=0.989 comb=0.724 matched=False
2026-04-04 20:28:23,981 [INFO] database — DB 'face_capture_db' ready.
2026-04-04 20:28:24,522 [INFO] database — Original 4 tables synced in 'face_capture_db'.
2026-04-04 20:28:24,617 [INFO] database — New 4 tables verified/created in 'face_capture_db'.
2026-04-04 20:28:24,623 [INFO] face_processor — Pre-loading DeepFace model weights…
2026-04-04 20:28:24,623 [INFO] main — Model preload started in background — server is online immediately.
2026-04-04 20:28:48,550 [WARNING] tensorflow — From C:\Siva successful projects\Face capture\PyBackend\venv310\lib\site-packages\tf_keras\src\losses.py:2976: The name tf.losses.sparse_softmax_cross_entropy is deprecated. Please use tf.compat.v1.losses.sparse_softmax_cross_entropy instead.

2026-04-04 20:28:51,417 [INFO] face_processor — DeepFace loaded (model=ArcFace)
2026-04-04 20:28:59,446 [INFO] face_processor — DeepFace pre-load OK.
2026-04-04 20:28:59,447 [INFO] main — ✅ Model ready — all uploads will now be < 200 ms.
2026-04-04 20:29:04,048 [INFO] face_processor — Level 1 (Haar) detected — eyes:(130,102) nose:(144,112) [3206ms]
2026-04-04 20:29:04,445 [INFO] face_processor — Compare: cos=0.1240 emb=0.562 lm=0.992 comb=0.691 matched=False
2026-04-04 20:29:04,447 [INFO] face_processor — Compare: cos=0.2891 emb=0.645 lm=0.992 comb=0.749 matched=False
2026-04-04 20:29:04,449 [INFO] face_processor — Compare: cos=0.1554 emb=0.578 lm=0.921 comb=0.681 matched=False
2026-04-04 20:29:04,451 [INFO] face_processor — Compare: cos=0.3116 emb=0.656 lm=0.997 comb=0.758 matched=False
2026-04-04 20:29:04,452 [INFO] face_processor — Compare: cos=0.2673 emb=0.634 lm=0.999 comb=0.743 matched=False
2026-04-04 20:29:04,455 [INFO] face_processor — Compare: cos=0.0549 emb=0.527 lm=0.992 comb=0.667 matched=False
2026-04-04 20:29:04,456 [INFO] face_processor — Compare: cos=0.1940 emb=0.597 lm=0.997 comb=0.717 matched=False
2026-04-04 20:29:04,458 [INFO] face_processor — Compare: cos=0.1566 emb=0.578 lm=0.994 comb=0.703 matched=False
2026-04-04 20:29:04,458 [INFO] face_processor — Compare: cos=0.1062 emb=0.553 lm=0.992 comb=0.685 matched=False
2026-04-04 20:29:04,458 [INFO] face_processor — Compare: cos=0.1243 emb=0.562 lm=0.995 comb=0.692 matched=False
2026-04-04 20:29:04,460 [INFO] face_processor — Compare: cos=0.0238 emb=0.512 lm=0.996 comb=0.657 matched=False
2026-04-04 20:29:04,460 [INFO] face_processor — Compare: cos=0.0578 emb=0.529 lm=0.992 comb=0.668 matched=False
2026-04-04 20:29:04,461 [INFO] face_processor — Compare: cos=0.0760 emb=0.538 lm=0.988 comb=0.673 matched=False
2026-04-04 20:29:04,462 [INFO] face_processor — Compare: cos=0.1499 emb=0.575 lm=0.998 comb=0.702 matched=False
2026-04-04 20:29:04,462 [INFO] face_processor — Compare: cos=0.2301 emb=0.615 lm=0.995 comb=0.729 matched=False
2026-04-04 20:29:04,462 [INFO] face_processor — Compare: cos=0.1670 emb=0.584 lm=1.000 comb=0.708 matched=False
2026-04-04 20:29:04,464 [INFO] face_processor — Compare: cos=0.3846 emb=0.692 lm=0.990 comb=0.782 matched=False
2026-04-04 20:29:04,466 [INFO] face_processor — Compare: cos=0.2107 emb=0.605 lm=0.998 comb=0.723 matched=False
2026-04-04 20:29:04,466 [INFO] face_processor — Compare: cos=0.2592 emb=0.630 lm=0.998 comb=0.740 matched=False
2026-04-04 20:29:04,467 [INFO] face_processor — Compare: cos=0.1726 emb=0.586 lm=0.984 comb=0.706 matched=False
2026-04-04 20:29:04,468 [INFO] face_processor — Compare: cos=-0.0014 emb=0.499 lm=0.998 comb=0.649 matched=False
2026-04-04 20:29:04,468 [INFO] face_processor — Compare: cos=0.3821 emb=0.691 lm=0.998 comb=0.783 matched=False
2026-04-04 20:29:04,468 [INFO] face_processor — Compare: cos=0.2062 emb=0.603 lm=0.986 comb=0.718 matched=False
2026-04-04 20:29:04,470 [INFO] face_processor — Compare: cos=0.0770 emb=0.538 lm=0.999 comb=0.677 matched=False
2026-04-04 20:29:04,470 [INFO] face_processor — Compare: cos=0.3751 emb=0.688 lm=0.998 comb=0.781 matched=False
2026-04-04 20:29:04,470 [INFO] face_processor — Compare: cos=0.3065 emb=0.653 lm=0.992 comb=0.755 matched=False
2026-04-04 20:29:04,470 [INFO] face_processor — Compare: cos=0.4181 emb=0.709 lm=0.994 comb=0.795 matched=False
2026-04-04 20:29:04,470 [INFO] face_processor — Compare: cos=0.2485 emb=0.624 lm=0.993 comb=0.735 matched=False
2026-04-04 20:29:04,470 [INFO] face_processor — Compare: cos=0.0998 emb=0.550 lm=0.993 comb=0.683 matched=False
2026-04-04 20:29:04,470 [INFO] face_processor — Compare: cos=0.1570 emb=0.579 lm=0.997 comb=0.704 matched=False
2026-04-04 20:29:04,470 [INFO] face_processor — Compare: cos=0.0427 emb=0.521 lm=0.998 comb=0.664 matched=False
2026-04-04 20:29:04,470 [INFO] face_processor — Compare: cos=0.1154 emb=0.558 lm=0.991 comb=0.688 matched=False
2026-04-04 20:29:04,470 [INFO] face_processor — Compare: cos=0.1254 emb=0.563 lm=0.995 comb=0.692 matched=False
2026-04-04 20:29:04,470 [INFO] face_processor — Compare: cos=0.1214 emb=0.561 lm=0.986 comb=0.688 matched=False
2026-04-04 20:29:04,470 [INFO] face_processor — Compare: cos=0.2878 emb=0.644 lm=0.996 comb=0.749 matched=False
2026-04-04 20:29:04,470 [INFO] face_processor — Compare: cos=0.2511 emb=0.626 lm=0.999 comb=0.738 matched=False
2026-04-04 20:29:04,470 [INFO] face_processor — Compare: cos=0.2532 emb=0.627 lm=0.988 comb=0.735 matched=False
2026-04-04 20:29:04,474 [INFO] face_processor — Compare: cos=0.0753 emb=0.538 lm=0.999 comb=0.676 matched=False
2026-04-04 20:29:04,474 [INFO] face_processor — Compare: cos=0.0616 emb=0.531 lm=0.992 comb=0.669 matched=False
2026-04-04 20:29:04,474 [INFO] face_processor — Compare: cos=-0.0067 emb=0.497 lm=0.847 comb=0.602 matched=False
2026-04-04 20:29:04,475 [INFO] face_processor — Compare: cos=0.1540 emb=0.577 lm=0.981 comb=0.698 matched=False
2026-04-04 20:29:04,475 [INFO] face_processor — Compare: cos=0.1352 emb=0.568 lm=0.996 comb=0.696 matched=False
2026-04-04 20:29:04,475 [INFO] face_processor — Compare: cos=0.2589 emb=0.629 lm=0.983 comb=0.736 matched=False
2026-04-04 20:29:04,475 [INFO] face_processor — Compare: cos=0.3280 emb=0.664 lm=0.993 comb=0.763 matched=False
2026-04-04 20:29:04,475 [INFO] face_processor — Compare: cos=0.2869 emb=0.643 lm=0.991 comb=0.748 matched=False
2026-04-04 20:29:04,475 [INFO] face_processor — Compare: cos=0.2717 emb=0.636 lm=0.979 comb=0.739 matched=False
2026-04-04 20:29:04,475 [INFO] face_processor — Compare: cos=0.0371 emb=0.519 lm=0.984 comb=0.658 matched=False
2026-04-04 20:29:04,476 [INFO] face_processor — Compare: cos=0.0436 emb=0.522 lm=0.987 comb=0.661 matched=False
2026-04-04 20:29:04,477 [INFO] face_processor — Compare: cos=0.2375 emb=0.619 lm=0.992 comb=0.731 matched=False
2026-04-04 20:29:04,477 [INFO] face_processor — Compare: cos=0.1120 emb=0.556 lm=0.996 comb=0.688 matched=False
2026-04-04 20:29:04,477 [INFO] face_processor — Compare: cos=0.2543 emb=0.627 lm=0.932 comb=0.718 matched=False
2026-04-04 20:29:04,477 [INFO] face_processor — Compare: cos=0.3208 emb=0.660 lm=0.993 comb=0.760 matched=False
2026-04-04 20:29:04,477 [INFO] face_processor — Compare: cos=0.2801 emb=0.640 lm=0.997 comb=0.747 matched=False
2026-04-04 20:29:04,479 [INFO] face_processor — Compare: cos=0.2255 emb=0.613 lm=0.998 comb=0.728 matched=False
2026-04-04 20:29:04,480 [INFO] face_processor — Compare: cos=0.2307 emb=0.615 lm=0.997 comb=0.730 matched=False
2026-04-04 20:29:04,481 [INFO] face_processor — Compare: cos=0.1850 emb=0.592 lm=0.998 comb=0.714 matched=False
2026-04-04 20:29:04,482 [INFO] face_processor — Compare: cos=0.2319 emb=0.616 lm=0.997 comb=0.730 matched=False
2026-04-04 20:29:04,484 [INFO] face_processor — Compare: cos=0.3112 emb=0.656 lm=0.988 comb=0.755 matched=False
2026-04-04 20:29:04,485 [INFO] face_processor — Compare: cos=0.0193 emb=0.510 lm=0.927 comb=0.635 matched=False
2026-04-04 20:29:04,486 [INFO] face_processor — Compare: cos=0.1818 emb=0.591 lm=0.980 comb=0.708 matched=False
2026-04-04 20:29:04,487 [INFO] face_processor — Compare: cos=0.2392 emb=0.620 lm=0.992 comb=0.731 matched=False
2026-04-04 20:29:04,488 [INFO] face_processor — Compare: cos=0.2632 emb=0.632 lm=0.998 comb=0.742 matched=False
2026-04-04 20:29:04,488 [INFO] face_processor — Compare: cos=0.2522 emb=0.626 lm=0.987 comb=0.734 matched=False
2026-04-04 20:29:04,490 [INFO] face_processor — Compare: cos=0.3958 emb=0.698 lm=0.997 comb=0.788 matched=False
2026-04-04 20:29:04,491 [INFO] face_processor — Compare: cos=-0.0861 emb=0.457 lm=0.998 comb=0.619 matched=False
2026-04-04 20:29:04,491 [INFO] face_processor — Compare: cos=0.0164 emb=0.508 lm=0.997 comb=0.655 matched=False
2026-04-04 20:29:04,491 [INFO] face_processor — Compare: cos=0.0843 emb=0.542 lm=0.997 comb=0.679 matched=False
2026-04-04 20:29:04,491 [INFO] face_processor — Compare: cos=0.2360 emb=0.618 lm=0.999 comb=0.732 matched=False
2026-04-04 20:29:04,491 [INFO] face_processor — Compare: cos=0.1038 emb=0.552 lm=0.993 comb=0.684 matched=False
2026-04-04 20:29:04,491 [INFO] face_processor — Compare: cos=-0.0470 emb=0.476 lm=0.993 comb=0.631 matched=False
2026-04-04 20:29:04,491 [INFO] face_processor — Compare: cos=-0.0123 emb=0.494 lm=0.994 comb=0.644 matched=False
2026-04-04 20:29:04,491 [INFO] face_processor — Compare: cos=0.0881 emb=0.544 lm=0.931 comb=0.660 matched=False
2026-04-04 20:29:04,491 [INFO] face_processor — Compare: cos=0.1298 emb=0.565 lm=0.993 comb=0.693 matched=False
2026-04-04 20:29:04,491 [INFO] face_processor — Compare: cos=0.1458 emb=0.573 lm=0.992 comb=0.699 matched=False
2026-04-04 20:29:04,491 [INFO] face_processor — Compare: cos=0.2967 emb=0.648 lm=0.999 comb=0.754 matched=False
2026-04-04 20:29:04,491 [INFO] face_processor — Compare: cos=0.1638 emb=0.582 lm=0.993 comb=0.705 matched=False
2026-04-04 20:29:04,491 [INFO] face_processor — Compare: cos=0.1319 emb=0.566 lm=0.987 comb=0.692 matched=False
2026-04-04 20:29:04,491 [INFO] face_processor — Compare: cos=0.1947 emb=0.597 lm=0.995 comb=0.717 matched=False
2026-04-04 20:29:04,491 [INFO] face_processor — Compare: cos=0.0882 emb=0.544 lm=0.991 comb=0.678 matched=False
2026-04-04 20:29:04,491 [INFO] face_processor — Compare: cos=0.1668 emb=0.583 lm=0.999 comb=0.708 matched=False
2026-04-04 20:29:04,491 [INFO] face_processor — Compare: cos=0.0383 emb=0.519 lm=0.995 comb=0.662 matched=False
2026-04-04 20:29:04,491 [INFO] face_processor — Compare: cos=0.2437 emb=0.622 lm=0.994 comb=0.733 matched=False
2026-04-04 20:29:04,491 [INFO] face_processor — Compare: cos=0.2548 emb=0.627 lm=0.997 comb=0.738 matched=False
2026-04-04 20:29:04,491 [INFO] face_processor — Compare: cos=0.3157 emb=0.658 lm=0.998 comb=0.760 matched=False
2026-04-04 20:29:04,491 [INFO] face_processor — Compare: cos=0.0679 emb=0.534 lm=0.994 comb=0.672 matched=False
2026-04-04 20:29:04,491 [INFO] face_processor — Compare: cos=0.2370 emb=0.618 lm=0.986 comb=0.729 matched=False
2026-04-04 20:29:04,498 [INFO] face_processor — Compare: cos=0.0081 emb=0.504 lm=0.993 comb=0.651 matched=False
2026-04-04 20:29:04,498 [INFO] face_processor — Compare: cos=0.3780 emb=0.689 lm=0.993 comb=0.780 matched=False
2026-04-04 20:29:04,498 [INFO] face_processor — Compare: cos=0.1799 emb=0.590 lm=0.979 comb=0.707 matched=False
2026-04-04 20:29:04,498 [INFO] face_processor — Compare: cos=0.0889 emb=0.544 lm=0.933 comb=0.661 matched=False
2026-04-04 20:29:04,499 [INFO] face_processor — Compare: cos=0.2175 emb=0.609 lm=0.989 comb=0.723 matched=False
2026-04-04 20:29:04,499 [INFO] face_processor — Compare: cos=0.0609 emb=0.530 lm=0.983 comb=0.666 matched=False
2026-04-04 20:29:04,502 [INFO] face_processor — Compare: cos=0.0768 emb=0.538 lm=0.987 comb=0.673 matched=False
2026-04-04 20:29:04,504 [INFO] face_processor — Compare: cos=0.0702 emb=0.535 lm=0.988 comb=0.671 matched=False
2026-04-04 20:29:04,505 [INFO] face_processor — Compare: cos=0.1930 emb=0.597 lm=0.998 comb=0.717 matched=False
2026-04-04 20:29:04,505 [INFO] face_processor — Compare: cos=0.1585 emb=0.579 lm=0.998 comb=0.705 matched=False
2026-04-04 20:29:04,507 [INFO] face_processor — Compare: cos=0.2100 emb=0.605 lm=0.996 comb=0.722 matched=False
2026-04-04 20:29:04,508 [INFO] face_processor — Compare: cos=0.1369 emb=0.568 lm=0.994 comb=0.696 matched=False
2026-04-04 20:29:04,508 [INFO] face_processor — Compare: cos=0.1077 emb=0.554 lm=0.998 comb=0.687 matched=False
2026-04-04 20:29:04,508 [INFO] face_processor — Compare: cos=0.1329 emb=0.566 lm=0.998 comb=0.696 matched=False
2026-04-04 20:29:04,508 [INFO] face_processor — Compare: cos=0.2929 emb=0.646 lm=0.999 comb=0.752 matched=False
2026-04-04 20:29:04,508 [INFO] face_processor — Compare: cos=0.2462 emb=0.623 lm=0.996 comb=0.735 matched=False
2026-04-04 20:29:04,509 [INFO] face_processor — Compare: cos=0.1183 emb=0.559 lm=0.994 comb=0.690 matched=False
2026-04-04 20:29:04,509 [INFO] face_processor — Compare: cos=0.0366 emb=0.518 lm=0.990 comb=0.660 matched=False
2026-04-04 20:29:04,509 [INFO] face_processor — Compare: cos=-0.0499 emb=0.475 lm=0.992 comb=0.630 matched=False
2026-04-04 20:29:04,509 [INFO] face_processor — Compare: cos=-0.0342 emb=0.483 lm=0.998 comb=0.638 matched=False
2026-04-04 20:29:04,509 [INFO] face_processor — Compare: cos=-0.0236 emb=0.488 lm=0.978 comb=0.635 matched=False
2026-04-04 20:29:04,509 [INFO] face_processor — Compare: cos=0.2354 emb=0.618 lm=0.977 comb=0.726 matched=False
2026-04-04 20:29:04,509 [INFO] face_processor — Compare: cos=0.1692 emb=0.585 lm=0.997 comb=0.708 matched=False
2026-04-04 20:29:04,509 [INFO] face_processor — Compare: cos=0.1310 emb=0.566 lm=0.995 comb=0.694 matched=False
2026-04-04 20:29:04,509 [INFO] face_processor — Compare: cos=0.1562 emb=0.578 lm=0.997 comb=0.704 matched=False
2026-04-04 20:29:04,511 [INFO] face_processor — Compare: cos=0.3579 emb=0.679 lm=0.992 comb=0.773 matched=False
2026-04-04 20:29:04,511 [INFO] face_processor — Compare: cos=0.1918 emb=0.596 lm=0.992 comb=0.715 matched=False
2026-04-04 20:29:04,511 [INFO] face_processor — Compare: cos=0.1852 emb=0.593 lm=0.998 comb=0.714 matched=False
2026-04-04 20:29:04,511 [INFO] face_processor — Compare: cos=0.2258 emb=0.613 lm=0.995 comb=0.728 matched=False
2026-04-04 20:29:04,512 [INFO] face_processor — Compare: cos=0.0880 emb=0.544 lm=0.994 comb=0.679 matched=False
2026-04-04 20:29:04,512 [INFO] face_processor — Compare: cos=0.0842 emb=0.542 lm=0.992 comb=0.677 matched=False
2026-04-04 20:29:04,513 [INFO] face_processor — Compare: cos=0.2114 emb=0.606 lm=0.990 comb=0.721 matched=False
2026-04-04 20:29:04,514 [INFO] face_processor — Compare: cos=0.3427 emb=0.671 lm=0.998 comb=0.769 matched=False
2026-04-04 20:29:04,514 [INFO] face_processor — Compare: cos=0.3034 emb=0.652 lm=0.984 comb=0.751 matched=False
2026-04-04 20:29:04,516 [INFO] face_processor — Compare: cos=0.0530 emb=0.527 lm=0.995 comb=0.667 matched=False
2026-04-04 20:29:04,517 [INFO] face_processor — Compare: cos=0.0745 emb=0.537 lm=0.995 comb=0.675 matched=False
2026-04-04 20:29:04,519 [INFO] face_processor — Compare: cos=0.4959 emb=0.748 lm=0.995 comb=0.822 matched=False
2026-04-04 20:29:04,519 [INFO] face_processor — Compare: cos=0.1132 emb=0.557 lm=0.993 comb=0.687 matched=False
2026-04-04 20:29:04,520 [INFO] face_processor — Compare: cos=0.1305 emb=0.565 lm=0.970 comb=0.687 matched=False
2026-04-04 20:29:04,520 [INFO] face_processor — Compare: cos=0.3087 emb=0.654 lm=0.997 comb=0.757 matched=False
2026-04-04 20:29:04,521 [INFO] face_processor — Compare: cos=0.2325 emb=0.616 lm=0.994 comb=0.729 matched=False
2026-04-04 20:29:04,522 [INFO] face_processor — Compare: cos=0.1619 emb=0.581 lm=0.995 comb=0.705 matched=False
2026-04-04 20:29:04,522 [INFO] face_processor — Compare: cos=0.2231 emb=0.612 lm=0.990 comb=0.725 matched=False
2026-04-04 20:29:04,523 [INFO] face_processor — Compare: cos=0.3884 emb=0.694 lm=0.993 comb=0.784 matched=False
2026-04-04 20:29:04,523 [INFO] face_processor — Compare: cos=0.2629 emb=0.631 lm=0.986 comb=0.738 matched=False
2026-04-04 20:29:04,524 [INFO] face_processor — Compare: cos=-0.0212 emb=0.489 lm=0.995 comb=0.641 matched=False
2026-04-04 20:29:04,524 [INFO] face_processor — Compare: cos=0.1926 emb=0.596 lm=0.995 comb=0.716 matched=False
2026-04-04 20:29:04,525 [INFO] face_processor — Compare: cos=0.1412 emb=0.571 lm=0.995 comb=0.698 matched=False
2026-04-04 20:29:04,525 [INFO] face_processor — Compare: cos=0.0455 emb=0.523 lm=0.990 comb=0.663 matched=False
2026-04-04 20:29:04,525 [INFO] face_processor — Compare: cos=0.2284 emb=0.614 lm=0.994 comb=0.728 matched=False
2026-04-04 20:29:04,526 [INFO] face_processor — Compare: cos=0.0748 emb=0.537 lm=0.994 comb=0.674 matched=False
2026-04-04 20:29:04,527 [INFO] face_processor — Compare: cos=0.0143 emb=0.507 lm=0.983 comb=0.650 matched=False
2026-04-04 20:29:04,527 [INFO] face_processor — Compare: cos=0.2443 emb=0.622 lm=1.000 comb=0.735 matched=False
2026-04-04 20:29:04,528 [INFO] face_processor — Compare: cos=0.2160 emb=0.608 lm=0.995 comb=0.724 matched=False
2026-04-04 20:29:04,528 [INFO] face_processor — Compare: cos=0.1797 emb=0.590 lm=0.993 comb=0.711 matched=False
2026-04-04 20:29:04,528 [INFO] face_processor — Compare: cos=0.0421 emb=0.521 lm=0.997 comb=0.664 matched=False
2026-04-04 20:29:04,529 [INFO] face_processor — Compare: cos=0.0877 emb=0.544 lm=0.999 comb=0.680 matched=False
2026-04-04 20:29:04,529 [INFO] face_processor — Compare: cos=0.3193 emb=0.660 lm=0.993 comb=0.760 matched=False
2026-04-04 20:29:04,529 [INFO] face_processor — Compare: cos=0.3296 emb=0.665 lm=0.991 comb=0.763 matched=False
2026-04-04 20:29:04,530 [INFO] face_processor — Compare: cos=0.2880 emb=0.644 lm=0.999 comb=0.750 matched=False
2026-04-04 20:29:04,533 [INFO] face_processor — Compare: cos=0.0357 emb=0.518 lm=0.997 comb=0.662 matched=False
2026-04-04 20:29:04,533 [INFO] face_processor — Compare: cos=0.0738 emb=0.537 lm=0.995 comb=0.674 matched=False
2026-04-04 20:29:04,535 [INFO] face_processor — Compare: cos=-0.0006 emb=0.500 lm=0.984 comb=0.645 matched=False
2026-04-04 20:29:04,535 [INFO] face_processor — Compare: cos=0.0733 emb=0.537 lm=0.998 comb=0.675 matched=False
2026-04-04 20:29:04,536 [INFO] face_processor — Compare: cos=0.1508 emb=0.575 lm=0.996 comb=0.702 matched=False
2026-04-04 20:29:04,536 [INFO] face_processor — Compare: cos=-0.0350 emb=0.483 lm=0.866 comb=0.598 matched=False
2026-04-04 20:29:04,537 [INFO] face_processor — Compare: cos=0.0789 emb=0.539 lm=0.998 comb=0.677 matched=False
2026-04-04 20:29:04,537 [INFO] face_processor — Compare: cos=0.2948 emb=0.647 lm=0.993 comb=0.751 matched=False
2026-04-04 20:29:04,537 [INFO] face_processor — Compare: cos=0.1484 emb=0.574 lm=0.997 comb=0.701 matched=False
2026-04-04 20:29:04,538 [INFO] face_processor — Compare: cos=0.2754 emb=0.638 lm=0.997 comb=0.745 matched=False
2026-04-04 20:29:04,538 [INFO] face_processor — Compare: cos=0.1451 emb=0.573 lm=0.998 comb=0.700 matched=False
2026-04-04 20:29:04,538 [INFO] face_processor — Compare: cos=0.2068 emb=0.603 lm=0.998 comb=0.722 matched=False
2026-04-04 20:29:04,538 [INFO] face_processor — Compare: cos=0.1693 emb=0.585 lm=0.992 comb=0.707 matched=False
2026-04-04 20:29:04,539 [INFO] face_processor — Compare: cos=0.1310 emb=0.565 lm=0.900 comb=0.666 matched=False
2026-04-04 20:29:04,539 [INFO] face_processor — Compare: cos=0.1607 emb=0.580 lm=0.991 comb=0.704 matched=False
2026-04-04 20:29:04,539 [INFO] face_processor — Compare: cos=0.3821 emb=0.691 lm=0.997 comb=0.783 matched=False
2026-04-04 20:29:04,539 [INFO] face_processor — Compare: cos=0.2184 emb=0.609 lm=0.995 comb=0.725 matched=False
2026-04-04 20:29:04,541 [INFO] face_processor — Compare: cos=0.2013 emb=0.601 lm=0.989 comb=0.717 matched=False
2026-04-04 20:29:04,541 [INFO] face_processor — Compare: cos=0.2718 emb=0.636 lm=0.986 comb=0.741 matched=False
2026-04-04 20:29:04,541 [INFO] face_processor — Compare: cos=0.1561 emb=0.578 lm=0.993 comb=0.702 matched=False
2026-04-04 20:29:04,541 [INFO] face_processor — Compare: cos=0.2993 emb=0.650 lm=0.868 comb=0.715 matched=False
2026-04-04 20:29:04,541 [INFO] face_processor — Compare: cos=0.2319 emb=0.616 lm=0.998 comb=0.731 matched=False
2026-04-04 20:29:04,541 [INFO] face_processor — Compare: cos=0.1782 emb=0.589 lm=0.993 comb=0.710 matched=False
2026-04-04 20:29:04,541 [INFO] face_processor — Compare: cos=0.0055 emb=0.503 lm=0.994 comb=0.650 matched=False
2026-04-04 20:29:04,542 [INFO] face_processor — Compare: cos=0.1782 emb=0.589 lm=0.998 comb=0.712 matched=False
2026-04-04 20:29:04,542 [INFO] face_processor — Compare: cos=0.2400 emb=0.620 lm=0.993 comb=0.732 matched=False
2026-04-04 20:29:04,542 [INFO] face_processor — Compare: cos=0.1006 emb=0.550 lm=0.987 comb=0.681 matched=False
2026-04-04 20:29:04,542 [INFO] face_processor — Compare: cos=0.4434 emb=0.722 lm=0.995 comb=0.804 matched=False
2026-04-04 20:29:04,543 [INFO] face_processor — Compare: cos=0.1113 emb=0.556 lm=0.990 comb=0.686 matched=False
2026-04-04 20:29:04,543 [INFO] face_processor — Compare: cos=0.2670 emb=0.634 lm=0.866 comb=0.703 matched=False
2026-04-04 20:29:04,543 [INFO] face_processor — Compare: cos=0.1599 emb=0.580 lm=0.983 comb=0.701 matched=False
2026-04-04 20:29:04,543 [INFO] face_processor — Compare: cos=0.1542 emb=0.577 lm=0.957 comb=0.691 matched=False
2026-04-04 20:29:04,543 [INFO] face_processor — Compare: cos=-0.0580 emb=0.471 lm=0.991 comb=0.627 matched=False
2026-04-04 20:29:04,544 [INFO] face_processor — Compare: cos=0.3172 emb=0.659 lm=0.929 comb=0.740 matched=False
2026-04-04 20:29:04,544 [INFO] face_processor — Compare: cos=0.1849 emb=0.592 lm=0.992 comb=0.712 matched=False
2026-04-04 20:29:04,544 [INFO] face_processor — Compare: cos=0.2849 emb=0.642 lm=0.969 comb=0.741 matched=False
2026-04-04 20:29:04,544 [INFO] face_processor — Compare: cos=0.2663 emb=0.633 lm=0.991 comb=0.741 matched=False
2026-04-04 20:29:04,544 [INFO] face_processor — Compare: cos=0.0223 emb=0.511 lm=0.992 comb=0.655 matched=False
2026-04-04 20:29:04,545 [INFO] face_processor — Compare: cos=0.1572 emb=0.579 lm=0.998 comb=0.704 matched=False
2026-04-04 20:29:04,545 [INFO] face_processor — Compare: cos=0.1324 emb=0.566 lm=0.996 comb=0.695 matched=False
2026-04-04 20:29:04,545 [INFO] face_processor — Compare: cos=0.3067 emb=0.653 lm=0.998 comb=0.757 matched=False
2026-04-04 20:29:04,545 [INFO] face_processor — Compare: cos=0.3894 emb=0.695 lm=0.996 comb=0.785 matched=False
2026-04-04 20:29:04,545 [INFO] face_processor — Compare: cos=0.1469 emb=0.573 lm=0.969 comb=0.692 matched=False
2026-04-04 20:29:04,546 [INFO] face_processor — Compare: cos=0.1292 emb=0.565 lm=0.995 comb=0.694 matched=False
2026-04-04 20:29:04,546 [INFO] face_processor — Compare: cos=0.1700 emb=0.585 lm=0.995 comb=0.708 matched=False
2026-04-04 20:29:04,547 [INFO] face_processor — Compare: cos=0.3826 emb=0.691 lm=0.999 comb=0.784 matched=False
2026-04-04 20:29:04,547 [INFO] face_processor — Compare: cos=0.1533 emb=0.577 lm=0.998 comb=0.703 matched=False
2026-04-04 20:29:04,548 [INFO] face_processor — Compare: cos=0.1393 emb=0.570 lm=0.994 comb=0.697 matched=False
2026-04-04 20:29:04,549 [INFO] face_processor — Compare: cos=0.1322 emb=0.566 lm=0.992 comb=0.694 matched=False
2026-04-04 20:29:04,549 [INFO] face_processor — Compare: cos=-0.0270 emb=0.487 lm=0.991 comb=0.638 matched=False
2026-04-04 20:29:04,550 [INFO] face_processor — Compare: cos=0.0088 emb=0.504 lm=0.993 comb=0.651 matched=False
2026-04-04 20:29:04,551 [INFO] face_processor — Compare: cos=0.1186 emb=0.559 lm=0.991 comb=0.689 matched=False
2026-04-04 20:29:04,552 [INFO] face_processor — Compare: cos=0.2956 emb=0.648 lm=0.999 comb=0.753 matched=False
2026-04-04 20:29:04,553 [INFO] face_processor — Compare: cos=0.1644 emb=0.582 lm=0.977 comb=0.701 matched=False
2026-04-04 20:29:04,554 [INFO] main — identify-registered | best='25108438_Photo.jpg' cos=0.4959 pct=82.2% matched=True | 3718ms
2026-04-04 20:48:51,179 [INFO] database — DB 'face_capture_db' ready.
2026-04-04 20:48:52,329 [INFO] database — Original 4 tables synced in 'face_capture_db'.
2026-04-04 20:48:52,491 [INFO] database — New 4 tables verified/created in 'face_capture_db'.
2026-04-04 20:48:52,493 [INFO] face_processor — Pre-loading DeepFace model weights…
2026-04-04 20:48:52,493 [INFO] main — Model preload started in background — server is online immediately.
2026-04-04 20:49:24,036 [WARNING] tensorflow — From C:\Siva successful projects\Face capture\PyBackend\venv310\lib\site-packages\tf_keras\src\losses.py:2976: The name tf.losses.sparse_softmax_cross_entropy is deprecated. Please use tf.compat.v1.losses.sparse_softmax_cross_entropy instead.

2026-04-04 20:49:26,384 [INFO] face_processor — DeepFace loaded (model=ArcFace)
2026-04-04 20:49:33,679 [INFO] face_processor — DeepFace pre-load OK.
2026-04-04 20:49:33,681 [INFO] main — ✅ Model ready — all uploads will now be < 200 ms.
2026-04-04 21:19:34,316 [INFO] database — DB 'face_capture_db' ready.
2026-04-04 21:19:34,489 [INFO] database — Original 4 tables synced in 'face_capture_db'.
2026-04-04 21:19:34,515 [INFO] database — New 4 tables verified/created in 'face_capture_db'.
2026-04-04 21:19:34,515 [INFO] face_processor — Pre-loading DeepFace model weights…
2026-04-04 21:19:34,515 [INFO] main — Model preload started in background — server is online immediately.
2026-04-04 21:19:58,502 [WARNING] tensorflow — From C:\Siva successful projects\Face capture\PyBackend\venv310\lib\site-packages\tf_keras\src\losses.py:2976: The name tf.losses.sparse_softmax_cross_entropy is deprecated. Please use tf.compat.v1.losses.sparse_softmax_cross_entropy instead.

2026-04-04 21:20:02,732 [INFO] face_processor — DeepFace loaded (model=ArcFace)
2026-04-04 21:20:08,761 [INFO] face_processor — DeepFace pre-load OK.
2026-04-04 21:20:08,761 [INFO] main — ✅ Model ready — all uploads will now be < 200 ms.
2026-04-04 21:20:27,380 [INFO] face_processor — Level 1 (Haar) detected — eyes:(218,260) nose:(294,314) [1532ms]
2026-04-04 21:20:28,074 [INFO] face_processor — Level 1 (Haar) detected — eyes:(159,193) nose:(200,224) [535ms]
2026-04-04 21:20:28,541 [INFO] face_processor — Level 1 (Haar) detected — eyes:(56,47) nose:(94,95) [446ms]
2026-04-04 21:20:29,199 [INFO] face_processor — Level 1 (Haar) detected — eyes:(212,212) nose:(252,240) [636ms]
2026-04-04 21:20:29,913 [INFO] face_processor — Level 1 (Haar) detected — eyes:(208,177) nose:(250,216) [683ms]
2026-04-04 21:20:30,583 [INFO] face_processor — Level 1 (Haar) detected — eyes:(198,233) nose:(246,274) [641ms]
2026-04-04 21:20:31,275 [INFO] face_processor — Level 1 (Haar) detected — eyes:(216,214) nose:(255,251) [644ms]
2026-04-04 21:20:32,058 [INFO] face_processor — Level 1 (Haar) detected — eyes:(212,245) nose:(281,297) [760ms]
2026-04-04 21:20:32,682 [INFO] face_processor — Level 1 (Haar) detected — eyes:(142,174) nose:(183,201) [602ms]
2026-04-04 21:20:33,308 [INFO] face_processor — Level 1 (Haar) detected — eyes:(210,230) nose:(250,266) [602ms]
2026-04-04 21:20:33,910 [INFO] face_processor — Level 1 (Haar) detected — eyes:(224,245) nose:(285,280) [568ms]
2026-04-04 21:20:34,586 [INFO] face_processor — Level 1 (Haar) detected — eyes:(209,249) nose:(272,300) [650ms]
2026-04-04 21:20:35,233 [INFO] face_processor — Level 1 (Haar) detected — eyes:(194,264) nose:(257,310) [611ms]
2026-04-04 21:20:35,871 [INFO] face_processor — Level 1 (Haar) detected — eyes:(265,269) nose:(322,298) [607ms]
2026-04-04 21:20:36,545 [INFO] face_processor — Level 1 (Haar) detected — eyes:(182,194) nose:(230,233) [644ms]
2026-04-04 21:20:37,127 [INFO] face_processor — Level 1 (Haar) detected — eyes:(198,153) nose:(226,180) [554ms]
2026-04-04 21:20:37,707 [INFO] face_processor — Level 1 (Haar) detected — eyes:(112,98) nose:(178,182) [559ms]
2026-04-04 21:20:38,204 [INFO] face_processor — Level 1 (Haar) detected — eyes:(118,115) nose:(141,129) [478ms]
2026-04-04 21:20:38,675 [INFO] face_processor — Level 1 (Haar) detected — eyes:(212,212) nose:(257,240) [451ms]
2026-04-04 21:20:39,397 [INFO] face_processor — Level 1 (Haar) detected — eyes:(163,238) nose:(216,280) [703ms]
2026-04-04 21:20:40,179 [INFO] face_processor — Level 1 (Haar) detected — eyes:(200,199) nose:(249,235) [753ms]
2026-04-04 21:20:41,035 [INFO] face_processor — Level 1 (Haar) detected — eyes:(184,178) nose:(217,202) [823ms]
2026-04-04 21:20:41,769 [INFO] face_processor — Level 1 (Haar) detected — eyes:(180,240) nose:(225,284) [708ms]
2026-04-04 21:20:42,320 [INFO] face_processor — Level 1 (Haar) detected — eyes:(177,151) nose:(215,181) [515ms]
2026-04-04 21:20:42,884 [INFO] face_processor — Level 1 (Haar) detected — eyes:(197,190) nose:(244,224) [531ms]
2026-04-04 21:20:43,373 [INFO] face_processor — Level 1 (Haar) detected — eyes:(116,139) nose:(142,160) [469ms]
2026-04-04 21:20:44,083 [INFO] face_processor — Level 1 (Haar) detected — eyes:(208,229) nose:(253,269) [683ms]
2026-04-04 21:20:44,734 [INFO] face_processor — Level 1 (Haar) detected — eyes:(209,242) nose:(260,288) [609ms]
2026-04-04 21:20:45,415 [INFO] face_processor — Level 1 (Haar) detected — eyes:(207,237) nose:(252,278) [647ms]
2026-04-04 21:20:46,051 [INFO] face_processor — Level 1 (Haar) detected — eyes:(230,240) nose:(281,270) [614ms]
2026-04-04 21:20:46,731 [INFO] face_processor — Level 1 (Haar) detected — eyes:(165,136) nose:(208,180) [645ms]
2026-04-04 21:20:47,558 [INFO] face_processor — Level 1 (Haar) detected — eyes:(229,268) nose:(268,305) [794ms]
2026-04-04 21:20:48,302 [INFO] face_processor — Level 1 (Haar) detected — eyes:(157,168) nose:(193,201) [714ms]
2026-04-04 21:20:49,688 [INFO] face_processor — Level 1 (Haar) detected — eyes:(174,240) nose:(232,286) [1364ms]
2026-04-04 21:20:50,700 [INFO] face_processor — Level 1 (Haar) detected — eyes:(123,127) nose:(155,152) [983ms]
2026-04-04 21:20:51,656 [INFO] face_processor — Level 1 (Haar) detected — eyes:(300,266) nose:(333,292) [915ms]
2026-04-04 21:20:52,566 [INFO] face_processor — Level 1 (Haar) detected — eyes:(141,184) nose:(184,221) [883ms]
2026-04-04 21:20:53,471 [INFO] face_processor — Level 1 (Haar) detected — eyes:(216,192) nose:(265,226) [874ms]
2026-04-04 21:20:54,275 [INFO] face_processor — Level 1 (Haar) detected — eyes:(172,205) nose:(221,242) [765ms]
2026-04-04 21:20:55,009 [INFO] face_processor — Level 1 (Haar) detected — eyes:(0,0) nose:(248,442) [697ms]
2026-04-04 21:20:55,727 [INFO] face_processor — Level 1 (Haar) detected — eyes:(181,282) nose:(242,337) [676ms]
2026-04-04 21:20:56,419 [INFO] face_processor — Level 1 (Haar) detected — eyes:(185,190) nose:(233,229) [648ms]
2026-04-04 21:20:57,165 [INFO] face_processor — Level 1 (Haar) detected — eyes:(168,253) nose:(224,296) [719ms]
2026-04-04 21:20:57,979 [INFO] face_processor — Level 1 (Haar) detected — eyes:(192,226) nose:(247,268) [769ms]
2026-04-04 21:20:58,783 [INFO] face_processor — Level 1 (Haar) detected — eyes:(174,220) nose:(229,261) [758ms]
2026-04-04 21:20:59,469 [INFO] face_processor — Level 1 (Haar) detected — eyes:(137,232) nose:(200,274) [639ms]
2026-04-04 21:21:00,252 [INFO] face_processor — Level 1 (Haar) detected — eyes:(103,152) nose:(141,181) [752ms]
2026-04-04 21:21:00,972 [INFO] face_processor — Level 1 (Haar) detected — eyes:(189,248) nose:(238,302) [674ms]
2026-04-04 21:21:01,701 [INFO] face_processor — Level 1 (Haar) detected — eyes:(208,249) nose:(251,276) [686ms]
2026-04-04 21:21:02,397 [INFO] face_processor — Level 1 (Haar) detected — eyes:(200,205) nose:(252,242) [666ms]
2026-04-04 21:21:03,028 [INFO] face_processor — Level 1 (Haar) detected — eyes:(213,189) nose:(245,220) [580ms]
2026-04-04 21:21:03,684 [INFO] face_processor — Level 1 (Haar) detected — eyes:(164,188) nose:(208,227) [623ms]
2026-04-04 21:21:04,323 [INFO] face_processor — Level 1 (Haar) detected — eyes:(170,168) nose:(210,197) [606ms]
2026-04-04 21:21:04,963 [INFO] face_processor — Level 1 (Haar) detected — eyes:(243,233) nose:(277,260) [610ms]
2026-04-04 21:21:05,744 [INFO] face_processor — Level 1 (Haar) detected — eyes:(181,174) nose:(229,210) [737ms]
2026-04-04 21:21:06,451 [INFO] face_processor — Level 1 (Haar) detected — eyes:(205,200) nose:(245,234) [676ms]
2026-04-04 21:21:07,204 [INFO] face_processor — Level 1 (Haar) detected — eyes:(213,212) nose:(260,252) [724ms]
2026-04-04 21:21:07,897 [INFO] face_processor — Level 1 (Haar) detected — eyes:(120,169) nose:(172,205) [664ms]
2026-04-04 21:21:08,578 [INFO] face_processor — Level 1 (Haar) detected — eyes:(313,237) nose:(256,284) [657ms]
2026-04-04 21:21:09,243 [INFO] face_processor — Level 1 (Haar) detected — eyes:(129,201) nose:(180,245) [639ms]
2026-04-04 21:21:09,974 [INFO] face_processor — Level 1 (Haar) detected — eyes:(162,202) nose:(212,233) [696ms]
2026-04-04 21:21:10,544 [INFO] face_processor — Level 1 (Haar) detected — eyes:(85,79) nose:(107,95) [530ms]
2026-04-04 21:21:11,470 [INFO] face_processor — Level 1 (Haar) detected — eyes:(168,226) nose:(230,277) [872ms]
2026-04-04 21:21:12,292 [INFO] face_processor — Level 1 (Haar) detected — eyes:(201,196) nose:(247,234) [757ms]
2026-04-04 21:21:13,011 [INFO] face_processor — Level 1 (Haar) detected — eyes:(170,154) nose:(205,181) [677ms]
2026-04-04 21:21:14,015 [INFO] face_processor — Level 1 (Haar) detected — eyes:(201,193) nose:(260,238) [926ms]
2026-04-04 21:21:14,856 [INFO] face_processor — Level 1 (Haar) detected — eyes:(162,158) nose:(195,190) [780ms]
2026-04-04 21:21:15,696 [INFO] face_processor — Level 1 (Haar) detected — eyes:(229,197) nose:(273,232) [796ms]
2026-04-04 21:21:16,588 [INFO] face_processor — Level 1 (Haar) detected — eyes:(210,245) nose:(286,305) [863ms]
2026-04-04 21:21:17,567 [INFO] face_processor — Level 1 (Haar) detected — eyes:(213,244) nose:(262,286) [916ms]
2026-04-04 21:21:18,462 [INFO] face_processor — Level 1 (Haar) detected — eyes:(150,165) nose:(191,206) [856ms]
2026-04-04 21:21:19,450 [INFO] face_processor — Level 1 (Haar) detected — eyes:(334,193) nose:(289,240) [906ms]
2026-04-04 21:21:20,077 [INFO] face_processor — Level 1 (Haar) detected — eyes:(107,127) nose:(136,148) [589ms]
2026-04-04 21:21:20,815 [INFO] face_processor — Level 1 (Haar) detected — eyes:(203,246) nose:(251,288) [675ms]
2026-04-04 21:21:21,469 [INFO] face_processor — Level 1 (Haar) detected — eyes:(242,202) nose:(294,240) [610ms]
2026-04-04 21:21:21,914 [INFO] face_processor — Level 1 (Haar) detected — eyes:(64,72) nose:(80,86) [426ms]
2026-04-04 21:21:22,721 [INFO] face_processor — Level 1 (Haar) detected — eyes:(197,269) nose:(264,326) [759ms]
2026-04-04 21:21:23,398 [INFO] face_processor — Level 1 (Haar) detected — eyes:(204,224) nose:(252,263) [652ms]
2026-04-04 21:21:24,073 [INFO] face_processor — Level 1 (Haar) detected — eyes:(174,245) nose:(289,302) [623ms]
2026-04-04 21:21:24,726 [INFO] face_processor — Level 1 (Haar) detected — eyes:(205,173) nose:(255,206) [619ms]
2026-04-04 21:21:25,190 [INFO] face_processor — Level 1 (Haar) detected — eyes:(114,122) nose:(139,142) [417ms]
2026-04-04 21:21:25,785 [INFO] face_processor — Level 1 (Haar) detected — eyes:(197,228) nose:(250,268) [557ms]
2026-04-04 21:21:26,305 [INFO] face_processor — Level 1 (Haar) detected — eyes:(127,120) nose:(157,147) [492ms]
2026-04-04 21:21:26,880 [INFO] face_processor — Level 1 (Haar) detected — eyes:(178,165) nose:(221,186) [535ms]
2026-04-04 21:21:27,435 [INFO] face_processor — Level 1 (Haar) detected — eyes:(169,194) nose:(211,220) [516ms]
2026-04-04 21:21:28,041 [INFO] face_processor — Level 1 (Haar) detected — eyes:(214,302) nose:(281,356) [569ms]
2026-04-04 21:21:28,657 [INFO] face_processor — Level 1 (Haar) detected — eyes:(180,209) nose:(231,254) [585ms]
2026-04-04 21:21:29,260 [INFO] face_processor — Level 1 (Haar) detected — eyes:(187,217) nose:(228,250) [559ms]
2026-04-04 21:21:29,821 [INFO] face_processor — Level 1 (Haar) detected — eyes:(177,274) nose:(220,313) [534ms]
2026-04-04 21:21:30,440 [INFO] face_processor — Level 1 (Haar) detected — eyes:(251,182) nose:(285,206) [579ms]
2026-04-04 21:21:30,993 [INFO] face_processor — Level 1 (Haar) detected — eyes:(186,238) nose:(225,269) [510ms]
2026-04-04 21:21:31,755 [INFO] face_processor — Level 1 (Haar) detected — eyes:(195,288) nose:(249,329) [726ms]
2026-04-04 21:21:32,305 [INFO] face_processor — Level 1 (Haar) detected — eyes:(79,120) nose:(116,141) [490ms]
2026-04-04 21:21:33,310 [INFO] face_processor — Level 1 (Haar) detected — eyes:(173,236) nose:(241,285) [967ms]
2026-04-04 21:21:33,868 [INFO] face_processor — Level 1 (Haar) detected — eyes:(80,70) nose:(100,84) [486ms]
2026-04-04 21:21:34,515 [INFO] face_processor — Level 1 (Haar) detected — eyes:(205,194) nose:(243,222) [592ms]
2026-04-04 21:21:35,070 [INFO] face_processor — Level 1 (Haar) detected — eyes:(0,0) nose:(247,220) [518ms]
2026-04-04 21:21:35,545 [INFO] face_processor — Level 1 (Haar) detected — eyes:(108,112) nose:(131,132) [443ms]
2026-04-04 21:21:36,100 [INFO] face_processor — Level 1 (Haar) detected — eyes:(161,179) nose:(204,213) [521ms]
2026-04-04 21:21:36,701 [INFO] face_processor — Level 1 (Haar) detected — eyes:(197,192) nose:(241,226) [541ms]
2026-04-04 21:21:37,227 [INFO] face_processor — Level 1 (Haar) detected — eyes:(108,103) nose:(132,123) [490ms]
2026-04-04 21:21:37,785 [INFO] face_processor — Level 1 (Haar) detected — eyes:(181,158) nose:(217,186) [523ms]
2026-04-04 21:21:38,366 [INFO] face_processor — Level 1 (Haar) detected — eyes:(184,194) nose:(234,224) [548ms]
2026-04-04 21:21:38,987 [INFO] face_processor — Level 1 (Haar) detected — eyes:(194,217) nose:(250,265) [573ms]
2026-04-04 21:21:39,582 [INFO] face_processor — Level 1 (Haar) detected — eyes:(125,163) nose:(181,199) [556ms]
2026-04-04 21:21:40,159 [INFO] face_processor — Level 1 (Haar) detected — eyes:(250,289) nose:(292,328) [524ms]
2026-04-04 21:21:40,748 [INFO] face_processor — Level 1 (Haar) detected — eyes:(248,151) nose:(250,189) [556ms]
2026-04-04 21:21:41,543 [INFO] face_processor — Level 1 (Haar) detected — eyes:(180,304) nose:(254,361) [744ms]
2026-04-04 21:21:42,178 [INFO] face_processor — Level 1 (Haar) detected — eyes:(169,273) nose:(229,328) [582ms]
2026-04-04 21:21:42,676 [INFO] face_processor — Level 1 (Haar) detected — eyes:(113,111) nose:(135,129) [449ms]
2026-04-04 21:21:43,414 [INFO] face_processor — Level 1 (Haar) detected — eyes:(156,179) nose:(201,211) [691ms]
2026-04-04 21:21:44,126 [INFO] face_processor — Level 1 (Haar) detected — eyes:(197,202) nose:(244,236) [622ms]
2026-04-04 21:21:44,752 [INFO] face_processor — Level 1 (Haar) detected — eyes:(189,226) nose:(233,260) [594ms]
2026-04-04 21:21:45,452 [INFO] face_processor — Level 1 (Haar) detected — eyes:(162,184) nose:(215,226) [650ms]
2026-04-04 21:21:46,038 [INFO] face_processor — Level 1 (Haar) detected — eyes:(151,151) nose:(182,194) [538ms]
2026-04-04 21:21:46,772 [INFO] face_processor — Level 1 (Haar) detected — eyes:(239,218) nose:(293,260) [694ms]
2026-04-04 21:21:47,422 [INFO] face_processor — Level 1 (Haar) detected — eyes:(206,222) nose:(243,254) [609ms]
2026-04-04 21:21:48,036 [INFO] face_processor — Level 1 (Haar) detected — eyes:(192,206) nose:(237,246) [567ms]
2026-04-04 21:21:48,711 [INFO] face_processor — Level 1 (Haar) detected — eyes:(188,217) nose:(238,262) [639ms]
2026-04-04 21:21:49,381 [INFO] face_processor — Level 1 (Haar) detected — eyes:(178,221) nose:(222,264) [645ms]
2026-04-04 21:21:50,057 [INFO] face_processor — Level 1 (Haar) detected — eyes:(196,184) nose:(240,217) [623ms]
2026-04-04 21:21:50,618 [INFO] face_processor — Level 1 (Haar) detected — eyes:(93,124) nose:(117,149) [504ms]
2026-04-04 21:21:51,254 [INFO] face_processor — Level 1 (Haar) detected — eyes:(213,238) nose:(258,266) [601ms]
2026-04-04 21:21:51,919 [INFO] face_processor — Level 1 (Haar) detected — eyes:(168,180) nose:(215,216) [624ms]
2026-04-04 21:21:52,555 [INFO] face_processor — Level 1 (Haar) detected — eyes:(153,170) nose:(192,195) [584ms]
2026-04-04 21:21:53,218 [INFO] face_processor — Level 1 (Haar) detected — eyes:(159,186) nose:(203,220) [603ms]
2026-04-04 21:21:54,088 [INFO] face_processor — Level 1 (Haar) detected — eyes:(162,317) nose:(244,377) [799ms]
2026-04-04 21:21:54,975 [INFO] face_processor — Level 1 (Haar) detected — eyes:(222,141) nose:(257,164) [817ms]
2026-04-04 21:21:55,934 [INFO] face_processor — Level 1 (Haar) detected — eyes:(201,226) nose:(247,262) [873ms]
2026-04-04 21:21:56,782 [INFO] face_processor — Level 1 (Haar) detected — eyes:(203,228) nose:(240,254) [743ms]
2026-04-04 21:21:57,710 [INFO] face_processor — Level 1 (Haar) detected — eyes:(204,260) nose:(266,306) [874ms]
2026-04-04 21:21:58,584 [INFO] face_processor — Level 1 (Haar) detected — eyes:(186,213) nose:(226,246) [805ms]
2026-04-04 21:21:59,471 [INFO] face_processor — Level 1 (Haar) detected — eyes:(181,254) nose:(225,285) [832ms]
2026-04-04 21:22:00,280 [INFO] face_processor — Level 1 (Haar) detected — eyes:(167,178) nose:(200,209) [767ms]
2026-04-04 21:22:01,092 [INFO] face_processor — Level 1 (Haar) detected — eyes:(187,204) nose:(237,242) [721ms]
2026-04-04 21:22:01,810 [INFO] face_processor — Level 1 (Haar) detected — eyes:(146,156) nose:(180,185) [691ms]
2026-04-04 21:22:02,437 [INFO] face_processor — Level 1 (Haar) detected — eyes:(201,254) nose:(252,300) [581ms]
2026-04-04 21:22:03,094 [INFO] face_processor — Level 1 (Haar) detected — eyes:(190,220) nose:(245,258) [582ms]
2026-04-04 21:22:03,789 [INFO] face_processor — Level 1 (Haar) detected — eyes:(71,77) nose:(90,95) [674ms]
2026-04-04 21:22:06,289 [INFO] face_processor — Level 1 (Haar) detected — eyes:(137,205) nose:(183,244) [582ms]
2026-04-04 21:22:07,020 [INFO] face_processor — Level 1 (Haar) detected — eyes:(248,193) nose:(293,229) [661ms]
2026-04-04 21:22:07,895 [INFO] face_processor — Level 1 (Haar) detected — eyes:(252,272) nose:(318,326) [819ms]
2026-04-04 21:22:08,555 [INFO] face_processor — Level 1 (Haar) detected — eyes:(197,222) nose:(238,257) [613ms]
2026-04-04 21:22:09,219 [INFO] face_processor — Level 1 (Haar) detected — eyes:(143,139) nose:(175,168) [618ms]
2026-04-04 21:22:10,035 [INFO] face_processor — Level 1 (Haar) detected — eyes:(244,209) nose:(292,252) [752ms]
2026-04-04 21:22:10,719 [INFO] face_processor — Level 1 (Haar) detected — eyes:(201,225) nose:(236,262) [638ms]
2026-04-04 21:22:11,426 [INFO] face_processor — Level 1 (Haar) detected — eyes:(142,110) nose:(212,213) [644ms]
2026-04-04 21:22:12,153 [INFO] face_processor — Level 1 (Haar) detected — eyes:(277,194) nose:(321,229) [646ms]
2026-04-04 21:22:12,902 [INFO] face_processor — Level 1 (Haar) detected — eyes:(140,141) nose:(175,167) [679ms]
2026-04-04 21:22:13,431 [INFO] face_processor — Level 1 (Haar) detected — eyes:(110,120) nose:(137,142) [474ms]
2026-04-04 21:22:14,169 [INFO] face_processor — Level 1 (Haar) detected — eyes:(153,230) nose:(215,280) [641ms]
2026-04-04 21:22:15,016 [INFO] face_processor — Level 1 (Haar) detected — eyes:(260,201) nose:(325,258) [814ms]
2026-04-04 21:22:15,614 [INFO] face_processor — Level 1 (Haar) detected — eyes:(190,196) nose:(227,222) [544ms]
2026-04-04 21:22:16,330 [INFO] face_processor — Level 1 (Haar) detected — eyes:(0,0) nose:(256,245) [632ms]
2026-04-04 21:22:17,002 [INFO] face_processor — Level 1 (Haar) detected — eyes:(148,143) nose:(184,169) [612ms]
2026-04-04 21:22:17,626 [INFO] face_processor — Level 1 (Haar) detected — eyes:(184,216) nose:(229,249) [577ms]
2026-04-04 21:22:18,329 [INFO] face_processor — Level 1 (Haar) detected — eyes:(213,206) nose:(257,248) [634ms]
2026-04-04 21:22:19,060 [INFO] face_processor — Level 1 (Haar) detected — eyes:(236,240) nose:(297,281) [623ms]
2026-04-04 21:22:19,655 [INFO] face_processor — Level 1 (Haar) detected — eyes:(134,116) nose:(175,142) [537ms]
2026-04-04 21:22:20,293 [INFO] face_processor — Level 1 (Haar) detected — eyes:(199,192) nose:(239,225) [564ms]
2026-04-04 21:22:20,933 [INFO] face_processor — Level 1 (Haar) detected — eyes:(193,228) nose:(238,266) [580ms]
2026-04-04 21:22:21,509 [INFO] face_processor — Level 1 (Haar) detected — eyes:(157,249) nose:(136,269) [532ms]
2026-04-04 21:22:22,223 [INFO] face_processor — Level 1 (Haar) detected — eyes:(178,218) nose:(234,268) [631ms]
2026-04-04 21:22:22,840 [INFO] face_processor — Level 1 (Haar) detected — eyes:(202,209) nose:(264,241) [580ms]
2026-04-04 21:22:23,443 [INFO] face_processor — Level 1 (Haar) detected — eyes:(150,163) nose:(204,207) [549ms]
2026-04-04 21:22:24,110 [INFO] face_processor — Level 1 (Haar) detected — eyes:(192,245) nose:(242,289) [571ms]
2026-04-04 21:22:24,821 [INFO] face_processor — Level 1 (Haar) detected — eyes:(196,273) nose:(249,317) [670ms]
2026-04-04 21:22:25,585 [INFO] face_processor — Level 1 (Haar) detected — eyes:(192,238) nose:(240,282) [696ms]
2026-04-04 21:22:26,270 [INFO] face_processor — Level 1 (Haar) detected — eyes:(0,0) nose:(304,226) [602ms]
2026-04-04 21:22:26,856 [INFO] face_processor — Level 1 (Haar) detected — eyes:(189,175) nose:(229,206) [541ms]
2026-04-04 21:22:27,485 [INFO] face_processor — Level 1 (Haar) detected — eyes:(157,188) nose:(208,224) [570ms]
2026-04-04 21:22:28,050 [INFO] face_processor — Level 1 (Haar) detected — eyes:(109,119) nose:(136,146) [486ms]
2026-04-04 21:22:28,702 [INFO] face_processor — Level 1 (Haar) detected — eyes:(208,194) nose:(280,233) [580ms]
2026-04-04 21:22:29,287 [INFO] face_processor — Level 1 (Haar) detected — eyes:(194,232) nose:(246,270) [537ms]
2026-04-04 21:22:29,950 [INFO] face_processor — Level 1 (Haar) detected — eyes:(137,217) nose:(249,272) [598ms]
2026-04-04 21:22:30,615 [INFO] face_processor — Level 1 (Haar) detected — eyes:(195,219) nose:(259,259) [604ms]
2026-04-04 21:22:31,326 [INFO] face_processor — Level 1 (Haar) detected — eyes:(176,224) nose:(223,264) [642ms]
2026-04-04 21:22:32,113 [INFO] face_processor — Level 1 (Haar) detected — eyes:(0,0) nose:(236,147) [695ms]
2026-04-04 21:22:32,847 [INFO] face_processor — Level 1 (Haar) detected — eyes:(118,177) nose:(212,269) [664ms]
2026-04-04 21:22:33,432 [INFO] face_processor — Level 1 (Haar) detected — eyes:(100,237) nose:(149,282) [538ms]
2026-04-04 21:22:34,026 [INFO] face_processor — Level 1 (Haar) detected — eyes:(112,132) nose:(136,157) [493ms]
2026-04-04 21:22:34,644 [INFO] face_processor — Level 1 (Haar) detected — eyes:(190,169) nose:(196,205) [557ms]
2026-04-04 21:22:35,262 [INFO] face_processor — Level 1 (Haar) detected — eyes:(202,234) nose:(245,273) [580ms]
2026-04-04 21:22:36,000 [INFO] face_processor — Level 1 (Haar) detected — eyes:(109,201) nose:(144,233) [634ms]
2026-04-04 21:22:36,693 [INFO] face_processor — Level 1 (Haar) detected — eyes:(156,188) nose:(198,225) [610ms]
2026-04-04 21:22:37,415 [INFO] face_processor — Level 1 (Haar) detected — eyes:(186,225) nose:(249,273) [654ms]
2026-04-04 21:22:37,994 [INFO] face_processor — Level 1 (Haar) detected — eyes:(115,109) nose:(141,131) [500ms]
2026-04-04 21:22:38,658 [INFO] face_processor — Level 1 (Haar) detected — eyes:(158,160) nose:(205,194) [608ms]
2026-04-04 21:22:39,244 [INFO] face_processor — Level 1 (Haar) detected — eyes:(143,127) nose:(172,153) [521ms]
2026-04-04 21:22:39,968 [INFO] face_processor — Level 1 (Haar) detected — eyes:(201,220) nose:(259,256) [613ms]
2026-04-04 21:22:40,654 [INFO] face_processor — Level 1 (Haar) detected — eyes:(153,281) nose:(205,330) [611ms]
2026-04-04 21:22:41,362 [INFO] face_processor — Level 1 (Haar) detected — eyes:(193,208) nose:(241,246) [651ms]
2026-04-04 21:22:42,039 [INFO] face_processor — Level 1 (Haar) detected — eyes:(201,222) nose:(252,254) [599ms]
2026-04-04 21:22:42,671 [INFO] face_processor — Level 1 (Haar) detected — eyes:(262,220) nose:(321,261) [578ms]
2026-04-04 21:22:43,340 [INFO] face_processor — Level 1 (Haar) detected — eyes:(167,157) nose:(216,187) [597ms]
2026-04-04 21:22:43,954 [INFO] face_processor — Level 1 (Haar) detected — eyes:(166,181) nose:(205,219) [535ms]
2026-04-04 21:22:44,577 [INFO] face_processor — Level 1 (Haar) detected — eyes:(208,237) nose:(255,271) [574ms]
2026-04-04 21:22:45,114 [INFO] face_processor — Level 1 (Haar) detected — eyes:(225,254) nose:(249,293) [484ms]
2026-04-04 21:22:45,704 [INFO] face_processor — Level 1 (Haar) detected — eyes:(118,135) nose:(147,156) [497ms]
2026-04-04 21:22:46,402 [INFO] face_processor — Level 1 (Haar) detected — eyes:(180,217) nose:(216,252) [652ms]
2026-04-04 21:22:47,116 [INFO] face_processor — Level 1 (Haar) detected — eyes:(221,190) nose:(266,228) [639ms]
2026-04-04 21:22:47,752 [INFO] face_processor — Level 1 (Haar) detected — eyes:(153,249) nose:(188,276) [542ms]
2026-04-04 21:24:47,345 [INFO] face_processor — Level 1 (Haar) detected — eyes:(136,100) nose:(152,113) [820ms]
2026-04-04 21:24:47,392 [INFO] main — identify-registered | best='25102663_Photo.jpg' cos=0.4078 pct=79.0% matched=True | 871ms
2026-04-04 21:33:52,635 [INFO] face_processor — Level 1 (Haar) detected — eyes:(135,121) nose:(152,132) [3886ms]
2026-04-04 21:33:53,007 [INFO] main — identify-registered | best='25108955_Photo.jpg' cos=0.4404 pct=80.3% matched=True | 4326ms
2026-04-04 21:43:08,733 [INFO] database — DB 'face_capture_db' ready.
2026-04-04 21:43:08,905 [INFO] database — Original 4 tables synced in 'face_capture_db'.
2026-04-04 21:43:08,983 [INFO] database — New 4 tables verified/created in 'face_capture_db'.
2026-04-04 21:43:08,985 [INFO] face_processor — Pre-loading DeepFace model weights…
2026-04-04 21:43:08,986 [INFO] main — Model preload started in background — server is online immediately.
2026-04-04 21:43:30,684 [WARNING] tensorflow — From C:\Siva successful projects\Face capture\PyBackend\venv310\lib\site-packages\tf_keras\src\losses.py:2976: The name tf.losses.sparse_softmax_cross_entropy is deprecated. Please use tf.compat.v1.losses.sparse_softmax_cross_entropy instead.

2026-04-04 21:43:32,403 [INFO] face_processor — DeepFace loaded (model=ArcFace)
2026-04-04 21:43:38,698 [INFO] face_processor — DeepFace pre-load OK.
2026-04-04 21:43:38,698 [INFO] main — ✅ Model ready — all uploads will now be < 200 ms.
2026-04-04 21:43:51,563 [INFO] face_processor — Level 1 (Haar) detected — eyes:(218,260) nose:(294,314) [1789ms]
2026-04-04 21:43:52,382 [INFO] face_processor — Level 1 (Haar) detected — eyes:(159,193) nose:(200,224) [619ms]
2026-04-04 21:43:52,946 [INFO] face_processor — Level 1 (Haar) detected — eyes:(56,47) nose:(94,95) [541ms]
2026-04-04 21:43:53,863 [INFO] face_processor — Level 1 (Haar) detected — eyes:(212,212) nose:(252,240) [890ms]
2026-04-04 21:43:54,638 [INFO] face_processor — Level 1 (Haar) detected — eyes:(208,177) nose:(250,216) [719ms]
2026-04-04 21:43:55,324 [INFO] face_processor — Level 1 (Haar) detected — eyes:(198,233) nose:(246,274) [661ms]
2026-04-04 21:43:55,973 [INFO] face_processor — Level 1 (Haar) detected — eyes:(216,214) nose:(255,251) [610ms]
2026-04-04 21:43:56,806 [INFO] face_processor — Level 1 (Haar) detected — eyes:(212,245) nose:(281,297) [812ms]
2026-04-04 21:43:57,600 [INFO] face_processor — Level 1 (Haar) detected — eyes:(142,174) nose:(183,201) [760ms]
2026-04-04 21:43:58,360 [INFO] face_processor — Level 1 (Haar) detected — eyes:(210,230) nose:(250,266) [732ms]
2026-04-04 21:43:59,030 [INFO] face_processor — Level 1 (Haar) detected — eyes:(224,245) nose:(285,280) [595ms]
2026-04-04 21:43:59,784 [INFO] face_processor — Level 1 (Haar) detected — eyes:(209,249) nose:(272,300) [732ms]
2026-04-04 21:44:00,499 [INFO] face_processor — Level 1 (Haar) detected — eyes:(194,264) nose:(257,310) [685ms]
2026-04-04 21:44:01,268 [INFO] face_processor — Level 1 (Haar) detected — eyes:(265,269) nose:(322,298) [742ms]
2026-04-04 21:44:02,085 [INFO] face_processor — Level 1 (Haar) detected — eyes:(182,194) nose:(230,233) [792ms]
2026-04-04 21:44:02,713 [INFO] face_processor — Level 1 (Haar) detected — eyes:(198,153) nose:(226,180) [605ms]
2026-04-04 21:44:03,242 [INFO] face_processor — Level 1 (Haar) detected — eyes:(112,98) nose:(178,182) [505ms]
2026-04-04 21:44:03,745 [INFO] face_processor — Level 1 (Haar) detected — eyes:(118,115) nose:(141,129) [478ms]
2026-04-04 21:44:04,291 [INFO] face_processor — Level 1 (Haar) detected — eyes:(212,212) nose:(257,240) [520ms]
2026-04-04 21:44:05,050 [INFO] face_processor — Level 1 (Haar) detected — eyes:(163,238) nose:(216,280) [728ms]
2026-04-04 21:44:05,746 [INFO] face_processor — Level 1 (Haar) detected — eyes:(200,199) nose:(249,235) [657ms]
2026-04-04 21:44:06,514 [INFO] face_processor — Level 1 (Haar) detected — eyes:(184,178) nose:(217,202) [703ms]
2026-04-04 21:44:07,211 [INFO] face_processor — Level 1 (Haar) detected — eyes:(180,240) nose:(225,284) [671ms]
2026-04-04 21:44:07,828 [INFO] face_processor — Level 1 (Haar) detected — eyes:(177,151) nose:(215,181) [589ms]
2026-04-04 21:44:08,420 [INFO] face_processor — Level 1 (Haar) detected — eyes:(197,190) nose:(244,224) [558ms]
2026-04-04 21:44:08,994 [INFO] face_processor — Level 1 (Haar) detected — eyes:(116,139) nose:(142,160) [513ms]
2026-04-04 21:44:09,696 [INFO] face_processor — Level 1 (Haar) detected — eyes:(208,229) nose:(253,269) [670ms]
2026-04-04 21:44:10,510 [INFO] face_processor — Level 1 (Haar) detected — eyes:(209,242) nose:(260,288) [779ms]
2026-04-04 21:44:11,179 [INFO] face_processor — Level 1 (Haar) detected — eyes:(207,237) nose:(252,278) [611ms]
2026-04-04 21:44:11,799 [INFO] face_processor — Level 1 (Haar) detected — eyes:(230,240) nose:(281,270) [593ms]
2026-04-04 21:44:12,398 [INFO] face_processor — Level 1 (Haar) detected — eyes:(165,136) nose:(208,180) [567ms]
2026-04-04 21:44:13,195 [INFO] face_processor — Level 1 (Haar) detected — eyes:(229,268) nose:(268,305) [733ms]
2026-04-04 21:44:13,882 [INFO] face_processor — Level 1 (Haar) detected — eyes:(157,168) nose:(193,201) [655ms]
2026-04-04 21:44:14,598 [INFO] face_processor — Level 1 (Haar) detected — eyes:(174,240) nose:(232,286) [686ms]
2026-04-04 21:44:15,158 [INFO] face_processor — Level 1 (Haar) detected — eyes:(123,127) nose:(155,152) [504ms]
2026-04-04 21:44:15,887 [INFO] face_processor — Level 1 (Haar) detected — eyes:(300,266) nose:(333,292) [692ms]
2026-04-04 21:44:16,643 [INFO] face_processor — Level 1 (Haar) detected — eyes:(141,184) nose:(184,221) [721ms]
2026-04-04 21:44:17,378 [INFO] face_processor — Level 1 (Haar) detected — eyes:(216,192) nose:(265,226) [700ms]
2026-04-04 21:44:18,052 [INFO] face_processor — Level 1 (Haar) detected — eyes:(172,205) nose:(221,242) [637ms]
2026-04-04 21:44:18,763 [INFO] face_processor — Level 1 (Haar) detected — eyes:(0,0) nose:(248,442) [674ms]
2026-04-04 21:44:19,440 [INFO] face_processor — Level 1 (Haar) detected — eyes:(181,282) nose:(242,337) [633ms]
2026-04-04 21:44:20,064 [INFO] face_processor — Level 1 (Haar) detected — eyes:(185,190) nose:(233,229) [590ms]
2026-04-04 21:44:20,705 [INFO] face_processor — Level 1 (Haar) detected — eyes:(168,253) nose:(224,296) [612ms]
2026-04-04 21:44:21,361 [INFO] face_processor — Level 1 (Haar) detected — eyes:(192,226) nose:(247,268) [624ms]
2026-04-04 21:44:22,100 [INFO] face_processor — Level 1 (Haar) detected — eyes:(174,220) nose:(229,261) [703ms]
2026-04-04 21:44:22,970 [INFO] face_processor — Level 1 (Haar) detected — eyes:(137,232) nose:(200,274) [764ms]
2026-04-04 21:44:23,609 [INFO] face_processor — Level 1 (Haar) detected — eyes:(103,152) nose:(141,181) [613ms]
2026-04-04 21:44:24,280 [INFO] face_processor — Level 1 (Haar) detected — eyes:(189,248) nose:(238,302) [640ms]
2026-04-04 21:44:25,045 [INFO] face_processor — Level 1 (Haar) detected — eyes:(208,249) nose:(251,276) [728ms]
2026-04-04 21:44:25,975 [INFO] face_processor — Level 1 (Haar) detected — eyes:(200,205) nose:(252,242) [890ms]
2026-04-04 21:44:26,712 [INFO] face_processor — Level 1 (Haar) detected — eyes:(213,189) nose:(245,220) [706ms]
2026-04-04 21:44:27,528 [INFO] face_processor — Level 1 (Haar) detected — eyes:(164,188) nose:(208,227) [782ms]
2026-04-04 21:44:28,262 [INFO] face_processor — Level 1 (Haar) detected — eyes:(170,168) nose:(210,197) [704ms]
2026-04-04 21:44:29,089 [INFO] face_processor — Level 1 (Haar) detected — eyes:(243,233) nose:(277,260) [796ms]
2026-04-04 21:44:29,978 [INFO] face_processor — Level 1 (Haar) detected — eyes:(181,174) nose:(229,210) [817ms]
2026-04-04 21:44:30,829 [INFO] face_processor — Level 1 (Haar) detected — eyes:(205,200) nose:(245,234) [812ms]
2026-04-04 21:44:31,625 [INFO] face_processor — Level 1 (Haar) detected — eyes:(213,212) nose:(260,252) [738ms]
2026-04-04 21:44:32,434 [INFO] face_processor — Level 1 (Haar) detected — eyes:(120,169) nose:(172,205) [763ms]
2026-04-04 21:44:33,405 [INFO] face_processor — Level 1 (Haar) detected — eyes:(313,237) nose:(256,284) [934ms]
2026-04-04 21:44:34,095 [INFO] face_processor — Level 1 (Haar) detected — eyes:(129,201) nose:(180,245) [648ms]
2026-04-04 21:44:34,804 [INFO] face_processor — Level 1 (Haar) detected — eyes:(162,202) nose:(212,233) [618ms]
2026-04-04 21:44:35,576 [INFO] face_processor — Level 1 (Haar) detected — eyes:(85,79) nose:(107,95) [714ms]
2026-04-04 21:44:36,300 [INFO] face_processor — Level 1 (Haar) detected — eyes:(168,226) nose:(230,277) [678ms]
2026-04-04 21:44:36,968 [INFO] face_processor — Level 1 (Haar) detected — eyes:(201,196) nose:(247,234) [631ms]
2026-04-04 21:44:37,670 [INFO] face_processor — Level 1 (Haar) detected — eyes:(170,154) nose:(205,181) [619ms]
2026-04-04 21:44:38,544 [INFO] face_processor — Level 1 (Haar) detected — eyes:(201,193) nose:(260,238) [812ms]
2026-04-04 21:44:39,289 [INFO] face_processor — Level 1 (Haar) detected — eyes:(162,158) nose:(195,190) [695ms]
2026-04-04 21:44:39,977 [INFO] face_processor — Level 1 (Haar) detected — eyes:(229,197) nose:(273,232) [645ms]
2026-04-04 21:44:40,744 [INFO] face_processor — Level 1 (Haar) detected — eyes:(210,245) nose:(286,305) [722ms]
2026-04-04 21:44:41,579 [INFO] face_processor — Level 1 (Haar) detected — eyes:(213,244) nose:(262,286) [776ms]
2026-04-04 21:44:42,344 [INFO] face_processor — Level 1 (Haar) detected — eyes:(150,165) nose:(191,206) [731ms]
2026-04-04 21:44:43,062 [INFO] face_processor — Level 1 (Haar) detected — eyes:(334,193) nose:(289,240) [676ms]
2026-04-04 21:44:43,610 [INFO] face_processor — Level 1 (Haar) detected — eyes:(107,127) nose:(136,148) [508ms]
2026-04-04 21:44:44,249 [INFO] face_processor — Level 1 (Haar) detected — eyes:(203,246) nose:(251,288) [605ms]
2026-04-04 21:44:44,984 [INFO] face_processor — Level 1 (Haar) detected — eyes:(242,202) nose:(294,240) [662ms]
2026-04-04 21:44:45,612 [INFO] face_processor — Level 1 (Haar) detected — eyes:(64,72) nose:(80,86) [563ms]
2026-04-04 21:44:46,499 [INFO] face_processor — Level 1 (Haar) detected — eyes:(197,269) nose:(264,326) [820ms]
2026-04-04 21:44:47,388 [INFO] face_processor — Level 1 (Haar) detected — eyes:(204,224) nose:(252,263) [843ms]
2026-04-04 21:44:48,146 [INFO] face_processor — Level 1 (Haar) detected — eyes:(174,245) nose:(289,302) [702ms]
2026-04-04 21:44:49,043 [INFO] face_processor — Level 1 (Haar) detected — eyes:(205,173) nose:(255,206) [825ms]
2026-04-04 21:44:49,754 [INFO] face_processor — Level 1 (Haar) detected — eyes:(114,122) nose:(139,142) [658ms]
2026-04-04 21:44:50,615 [INFO] face_processor — Level 1 (Haar) detected — eyes:(197,228) nose:(250,268) [787ms]
2026-04-04 21:44:51,369 [INFO] face_processor — Level 1 (Haar) detected — eyes:(127,120) nose:(157,147) [646ms]
2026-04-04 21:44:52,249 [INFO] face_processor — Level 1 (Haar) detected — eyes:(178,165) nose:(221,186) [823ms]
2026-04-04 21:44:52,958 [INFO] face_processor — Level 1 (Haar) detected — eyes:(169,194) nose:(211,220) [633ms]
2026-04-04 21:44:53,742 [INFO] face_processor — Level 1 (Haar) detected — eyes:(214,302) nose:(281,356) [702ms]
2026-04-04 21:44:54,417 [INFO] face_processor — Level 1 (Haar) detected — eyes:(180,209) nose:(231,254) [638ms]
2026-04-04 21:44:55,233 [INFO] face_processor — Level 1 (Haar) detected — eyes:(187,217) nose:(228,250) [776ms]
2026-04-04 21:44:57,867 [INFO] face_processor — Level 1 (Haar) detected — eyes:(177,274) nose:(220,313) [578ms]
2026-04-04 21:44:58,528 [INFO] face_processor — Level 1 (Haar) detected — eyes:(251,182) nose:(285,206) [597ms]
2026-04-04 21:44:59,110 [INFO] face_processor — Level 1 (Haar) detected — eyes:(186,238) nose:(225,269) [548ms]
2026-04-04 21:44:59,750 [INFO] face_processor — Level 1 (Haar) detected — eyes:(195,288) nose:(249,329) [586ms]
2026-04-04 21:45:00,229 [INFO] face_processor — Level 1 (Haar) detected — eyes:(79,120) nose:(116,141) [444ms]
2026-04-04 21:45:00,953 [INFO] face_processor — Level 1 (Haar) detected — eyes:(173,236) nose:(241,285) [670ms]
2026-04-04 21:45:01,460 [INFO] face_processor — Level 1 (Haar) detected — eyes:(80,70) nose:(100,84) [449ms]
2026-04-04 21:45:02,211 [INFO] face_processor — Level 1 (Haar) detected — eyes:(205,194) nose:(243,222) [709ms]
2026-04-04 21:45:02,842 [INFO] face_processor — Level 1 (Haar) detected — eyes:(0,0) nose:(247,220) [591ms]
2026-04-04 21:45:03,392 [INFO] face_processor — Level 1 (Haar) detected — eyes:(108,112) nose:(131,132) [520ms]
2026-04-04 21:45:04,139 [INFO] face_processor — Level 1 (Haar) detected — eyes:(161,179) nose:(204,213) [686ms]
2026-04-04 21:45:05,047 [INFO] face_processor — Level 1 (Haar) detected — eyes:(197,192) nose:(241,226) [851ms]
2026-04-04 21:45:05,760 [INFO] face_processor — Level 1 (Haar) detected — eyes:(108,103) nose:(132,123) [661ms]
2026-04-04 21:45:06,550 [INFO] face_processor — Level 1 (Haar) detected — eyes:(181,158) nose:(217,186) [687ms]
2026-04-04 21:45:07,234 [INFO] face_processor — Level 1 (Haar) detected — eyes:(184,194) nose:(234,224) [640ms]
2026-04-04 21:45:07,919 [INFO] face_processor — Level 1 (Haar) detected — eyes:(194,217) nose:(250,265) [610ms]
2026-04-04 21:45:08,696 [INFO] face_processor — Level 1 (Haar) detected — eyes:(125,163) nose:(181,199) [725ms]
2026-04-04 21:45:09,475 [INFO] face_processor — Level 1 (Haar) detected — eyes:(250,289) nose:(292,328) [708ms]
2026-04-04 21:45:10,258 [INFO] face_processor — Level 1 (Haar) detected — eyes:(248,151) nose:(250,189) [721ms]
2026-04-04 21:45:11,116 [INFO] face_processor — Level 1 (Haar) detected — eyes:(180,304) nose:(254,361) [779ms]
2026-04-04 21:45:11,790 [INFO] face_processor — Level 1 (Haar) detected — eyes:(169,273) nose:(229,328) [614ms]
2026-04-04 21:45:12,385 [INFO] face_processor — Level 1 (Haar) detected — eyes:(113,111) nose:(135,129) [545ms]
2026-04-04 21:45:13,334 [INFO] face_processor — Level 1 (Haar) detected — eyes:(156,179) nose:(201,211) [800ms]
2026-04-04 21:45:14,437 [INFO] face_processor — Level 1 (Haar) detected — eyes:(197,202) nose:(244,236) [827ms]
2026-04-04 21:45:15,415 [INFO] face_processor — Level 1 (Haar) detected — eyes:(189,226) nose:(233,260) [931ms]
2026-04-04 21:45:16,607 [INFO] face_processor — Level 1 (Haar) detected — eyes:(162,184) nose:(215,226) [1046ms]
2026-04-04 21:45:18,020 [INFO] face_processor — Level 1 (Haar) detected — eyes:(151,151) nose:(182,194) [1118ms]
2026-04-04 21:45:19,352 [INFO] face_processor — Level 1 (Haar) detected — eyes:(239,218) nose:(293,260) [1214ms]
2026-04-04 21:45:20,549 [INFO] face_processor — Level 1 (Haar) detected — eyes:(206,222) nose:(243,254) [1050ms]
2026-04-04 21:45:21,494 [INFO] face_processor — Level 1 (Haar) detected — eyes:(192,206) nose:(237,246) [830ms]
2026-04-04 21:45:22,461 [INFO] face_processor — Level 1 (Haar) detected — eyes:(188,217) nose:(238,262) [876ms]
2026-04-04 21:45:23,274 [INFO] face_processor — Level 1 (Haar) detected — eyes:(178,221) nose:(222,264) [766ms]
2026-04-04 21:45:24,156 [INFO] face_processor — Level 1 (Haar) detected — eyes:(196,184) nose:(240,217) [738ms]
2026-04-04 21:45:24,994 [INFO] face_processor — Level 1 (Haar) detected — eyes:(93,124) nose:(117,149) [742ms]
2026-04-04 21:45:25,960 [INFO] face_processor — Level 1 (Haar) detected — eyes:(213,238) nose:(258,266) [900ms]
2026-04-04 21:45:26,592 [INFO] face_processor — Level 1 (Haar) detected — eyes:(168,180) nose:(215,216) [572ms]
2026-04-04 21:45:27,216 [INFO] face_processor — Level 1 (Haar) detected — eyes:(153,170) nose:(192,195) [588ms]
2026-04-04 21:45:27,832 [INFO] face_processor — Level 1 (Haar) detected — eyes:(159,186) nose:(203,220) [540ms]
2026-04-04 21:45:28,698 [INFO] face_processor — Level 1 (Haar) detected — eyes:(162,317) nose:(244,377) [822ms]
2026-04-04 21:45:29,453 [INFO] face_processor — Level 1 (Haar) detected — eyes:(222,141) nose:(257,164) [708ms]
2026-04-04 21:45:30,303 [INFO] face_processor — Level 1 (Haar) detected — eyes:(201,226) nose:(247,262) [733ms]
2026-04-04 21:45:30,896 [INFO] face_processor — Level 1 (Haar) detected — eyes:(203,228) nose:(240,254) [546ms]
2026-04-04 21:45:31,549 [INFO] face_processor — Level 1 (Haar) detected — eyes:(204,260) nose:(266,306) [610ms]
2026-04-04 21:45:32,261 [INFO] face_processor — Level 1 (Haar) detected — eyes:(186,213) nose:(226,246) [664ms]
2026-04-04 21:45:32,990 [INFO] face_processor — Level 1 (Haar) detected — eyes:(181,254) nose:(225,285) [672ms]
2026-04-04 21:45:33,652 [INFO] face_processor — Level 1 (Haar) detected — eyes:(167,178) nose:(200,209) [613ms]
2026-04-04 21:45:34,344 [INFO] face_processor — Level 1 (Haar) detected — eyes:(187,204) nose:(237,242) [642ms]
2026-04-04 21:45:34,969 [INFO] face_processor — Level 1 (Haar) detected — eyes:(146,156) nose:(180,185) [575ms]
2026-04-04 21:45:35,684 [INFO] face_processor — Level 1 (Haar) detected — eyes:(201,254) nose:(252,300) [665ms]
2026-04-04 21:45:36,580 [INFO] face_processor — Level 1 (Haar) detected — eyes:(190,220) nose:(245,258) [780ms]
2026-04-04 21:45:37,464 [INFO] face_processor — Level 1 (Haar) detected — eyes:(71,77) nose:(90,95) [761ms]
2026-04-04 21:45:38,149 [INFO] face_processor — Level 1 (Haar) detected — eyes:(137,205) nose:(183,244) [638ms]
2026-04-04 21:45:39,078 [INFO] face_processor — Level 1 (Haar) detected — eyes:(248,193) nose:(293,229) [847ms]
2026-04-04 21:45:40,670 [INFO] face_processor — Level 1 (Haar) detected — eyes:(252,272) nose:(318,326) [1445ms]
2026-04-04 21:45:41,743 [INFO] face_processor — Level 1 (Haar) detected — eyes:(197,222) nose:(238,257) [966ms]
2026-04-04 21:45:42,856 [INFO] face_processor — Level 1 (Haar) detected — eyes:(143,139) nose:(175,168) [982ms]
2026-04-04 21:45:44,056 [INFO] face_processor — Level 1 (Haar) detected — eyes:(244,209) nose:(292,252) [1079ms]
2026-04-04 21:45:45,222 [INFO] face_processor — Level 1 (Haar) detected — eyes:(201,225) nose:(236,262) [1018ms]
2026-04-04 21:45:46,000 [INFO] face_processor — Level 1 (Haar) detected — eyes:(142,110) nose:(212,213) [718ms]
2026-04-04 21:45:46,995 [INFO] face_processor — Level 1 (Haar) detected — eyes:(277,194) nose:(321,229) [934ms]
2026-04-04 21:45:47,644 [INFO] face_processor — Level 1 (Haar) detected — eyes:(140,141) nose:(175,167) [604ms]
2026-04-04 21:45:48,156 [INFO] face_processor — Level 1 (Haar) detected — eyes:(110,120) nose:(137,142) [464ms]
2026-04-04 21:45:49,055 [INFO] face_processor — Level 1 (Haar) detected — eyes:(153,230) nose:(215,280) [850ms]
2026-04-04 21:45:49,920 [INFO] face_processor — Level 1 (Haar) detected — eyes:(260,201) nose:(325,258) [798ms]
2026-04-04 21:45:50,930 [INFO] face_processor — Level 1 (Haar) detected — eyes:(190,196) nose:(227,222) [912ms]
2026-04-04 21:45:51,824 [INFO] face_processor — Level 1 (Haar) detected — eyes:(0,0) nose:(256,245) [819ms]
2026-04-04 21:45:52,612 [INFO] face_processor — Level 1 (Haar) detected — eyes:(148,143) nose:(184,169) [714ms]
2026-04-04 21:45:53,399 [INFO] face_processor — Level 1 (Haar) detected — eyes:(184,216) nose:(229,249) [737ms]
2026-04-04 21:45:54,398 [INFO] face_processor — Level 1 (Haar) detected — eyes:(213,206) nose:(257,248) [863ms]
2026-04-04 21:45:55,207 [INFO] face_processor — Level 1 (Haar) detected — eyes:(236,240) nose:(297,281) [744ms]
2026-04-04 21:45:56,037 [INFO] face_processor — Level 1 (Haar) detected — eyes:(134,116) nose:(175,142) [778ms]
2026-04-04 21:45:56,788 [INFO] face_processor — Level 1 (Haar) detected — eyes:(199,192) nose:(239,225) [649ms]
2026-04-04 21:45:57,902 [INFO] face_processor — Level 1 (Haar) detected — eyes:(193,228) nose:(238,266) [975ms]
2026-04-04 21:45:58,628 [INFO] face_processor — Level 1 (Haar) detected — eyes:(157,249) nose:(136,269) [653ms]
2026-04-04 21:45:59,433 [INFO] face_processor — Level 1 (Haar) detected — eyes:(178,218) nose:(234,268) [706ms]
2026-04-04 21:46:00,039 [INFO] face_processor — Level 1 (Haar) detected — eyes:(202,209) nose:(264,241) [554ms]
2026-04-04 21:46:00,693 [INFO] face_processor — Level 1 (Haar) detected — eyes:(150,163) nose:(204,207) [593ms]
2026-04-04 21:46:01,439 [INFO] face_processor — Level 1 (Haar) detected — eyes:(192,245) nose:(242,289) [676ms]
2026-04-04 21:46:02,194 [INFO] face_processor — Level 1 (Haar) detected — eyes:(196,273) nose:(249,317) [702ms]
2026-04-04 21:46:02,939 [INFO] face_processor — Level 1 (Haar) detected — eyes:(192,238) nose:(240,282) [663ms]
2026-04-04 21:46:03,577 [INFO] face_processor — Level 1 (Haar) detected — eyes:(0,0) nose:(304,226) [588ms]
2026-04-04 21:46:04,275 [INFO] face_processor — Level 1 (Haar) detected — eyes:(189,175) nose:(229,206) [650ms]
2026-04-04 21:46:04,934 [INFO] face_processor — Level 1 (Haar) detected — eyes:(157,188) nose:(208,224) [594ms]
2026-04-04 21:46:05,486 [INFO] face_processor — Level 1 (Haar) detected — eyes:(109,119) nose:(136,146) [508ms]
2026-04-04 21:46:06,214 [INFO] face_processor — Level 1 (Haar) detected — eyes:(208,194) nose:(280,233) [665ms]
2026-04-04 21:46:06,890 [INFO] face_processor — Level 1 (Haar) detected — eyes:(194,232) nose:(246,270) [610ms]
2026-04-04 21:46:07,516 [INFO] face_processor — Level 1 (Haar) detected — eyes:(137,217) nose:(249,272) [580ms]
2026-04-04 21:46:08,164 [INFO] face_processor — Level 1 (Haar) detected — eyes:(195,219) nose:(259,259) [599ms]
2026-04-04 21:46:08,858 [INFO] face_processor — Level 1 (Haar) detected — eyes:(176,224) nose:(223,264) [635ms]
2026-04-04 21:46:09,482 [INFO] face_processor — Level 1 (Haar) detected — eyes:(0,0) nose:(236,147) [560ms]
2026-04-04 21:46:10,171 [INFO] face_processor — Level 1 (Haar) detected — eyes:(118,177) nose:(212,269) [631ms]
2026-04-04 21:46:10,803 [INFO] face_processor — Level 1 (Haar) detected — eyes:(100,237) nose:(149,282) [580ms]
2026-04-04 21:46:11,339 [INFO] face_processor — Level 1 (Haar) detected — eyes:(112,132) nose:(136,157) [487ms]
2026-04-04 21:46:11,930 [INFO] face_processor — Level 1 (Haar) detected — eyes:(190,169) nose:(196,205) [538ms]
2026-04-04 21:46:12,544 [INFO] face_processor — Level 1 (Haar) detected — eyes:(202,234) nose:(245,273) [560ms]
2026-04-04 21:46:13,121 [INFO] face_processor — Level 1 (Haar) detected — eyes:(109,201) nose:(144,233) [503ms]
2026-04-04 21:46:13,748 [INFO] face_processor — Level 1 (Haar) detected — eyes:(156,188) nose:(198,225) [564ms]
2026-04-04 21:46:14,535 [INFO] face_processor — Level 1 (Haar) detected — eyes:(186,225) nose:(249,273) [734ms]
2026-04-04 21:46:15,148 [INFO] face_processor — Level 1 (Haar) detected — eyes:(115,109) nose:(141,131) [538ms]
2026-04-04 21:46:15,859 [INFO] face_processor — Level 1 (Haar) detected — eyes:(158,160) nose:(205,194) [631ms]
2026-04-04 21:46:16,524 [INFO] face_processor — Level 1 (Haar) detected — eyes:(143,127) nose:(172,153) [605ms]
2026-04-04 21:46:17,335 [INFO] face_processor — Level 1 (Haar) detected — eyes:(201,220) nose:(259,256) [690ms]
2026-04-04 21:46:18,024 [INFO] face_processor — Level 1 (Haar) detected — eyes:(153,281) nose:(205,330) [625ms]
2026-04-04 21:46:18,704 [INFO] face_processor — Level 1 (Haar) detected — eyes:(193,208) nose:(241,246) [627ms]
2026-04-04 21:46:19,396 [INFO] face_processor — Level 1 (Haar) detected — eyes:(201,222) nose:(252,254) [601ms]
2026-04-04 21:46:20,017 [INFO] face_processor — Level 1 (Haar) detected — eyes:(262,220) nose:(321,261) [549ms]
2026-04-04 21:46:20,669 [INFO] face_processor — Level 1 (Haar) detected — eyes:(167,157) nose:(216,187) [602ms]
2026-04-04 21:46:21,324 [INFO] face_processor — Level 1 (Haar) detected — eyes:(166,181) nose:(205,219) [565ms]
2026-04-04 21:46:21,979 [INFO] face_processor — Level 1 (Haar) detected — eyes:(208,237) nose:(255,271) [586ms]
2026-04-04 21:46:22,548 [INFO] face_processor — Level 1 (Haar) detected — eyes:(225,254) nose:(249,293) [515ms]
2026-04-04 21:46:23,098 [INFO] face_processor — Level 1 (Haar) detected — eyes:(118,135) nose:(147,156) [480ms]
2026-04-04 21:46:23,793 [INFO] face_processor — Level 1 (Haar) detected — eyes:(180,217) nose:(216,252) [600ms]
2026-04-04 21:46:24,522 [INFO] face_processor — Level 1 (Haar) detected — eyes:(221,190) nose:(266,228) [670ms]
2026-04-04 21:46:25,217 [INFO] face_processor — Level 1 (Haar) detected — eyes:(153,249) nose:(188,276) [634ms]
2026-04-04 21:46:51,984 [INFO] face_processor — Level 1 (Haar) detected — eyes:(142,133) nose:(156,146) [884ms]
2026-04-04 21:46:52,111 [INFO] main — identify-registered | best='25114529_Photo.jpg' cos=0.4529 pct=80.8% matched=False | 1012ms
2026-04-04 21:47:04,472 [INFO] face_processor — Level 1 (Haar) detected — eyes:(137,121) nose:(153,132) [1258ms]
2026-04-04 21:47:04,546 [INFO] main — identify-registered | best='25112722_Photo.jpg' cos=0.4284 pct=80.0% matched=False | 1332ms
2026-04-04 21:47:10,855 [INFO] face_processor — Level 1 (Haar) detected — eyes:(138,120) nose:(154,132) [913ms]
2026-04-04 21:47:10,950 [INFO] main — identify-registered | best='25112722_Photo.jpg' cos=0.4315 pct=80.1% matched=False | 1008ms
2026-04-04 21:47:43,428 [INFO] face_processor — Level 1 (Haar) detected — eyes:(170,272) nose:(240,321) [1132ms]
2026-04-04 21:47:50,711 [INFO] face_processor — Level 1 (Haar) detected — eyes:(132,122) nose:(149,135) [1620ms]
2026-04-04 21:47:50,772 [INFO] main — identify-registered | best='profile.jpeg' cos=0.7094 pct=89.5% matched=True | 1682ms
2026-04-04 21:48:19,544 [INFO] face_processor — Level 1 (Haar) detected — eyes:(0,0) nose:(164,68) [824ms]
2026-04-04 21:48:19,612 [INFO] main — identify-registered | best='25103574_Photo.jpg' cos=0.7152 pct=87.1% matched=True | 891ms
2026-04-04 21:48:25,010 [INFO] face_processor — Level 1 (Haar) detected — eyes:(0,0) nose:(167,80) [1116ms]
2026-04-04 21:48:25,180 [INFO] main — identify-registered | best='25103574_Photo.jpg' cos=0.7736 pct=89.6% matched=True | 1287ms
2026-04-04 21:48:33,022 [INFO] face_processor — Level 1 (Haar) detected — eyes:(136,123) nose:(148,136) [888ms]
2026-04-04 21:48:33,219 [INFO] main — identify-registered | best='25108607_Photo.jpg' cos=0.4534 pct=80.6% matched=False | 1089ms
2026-04-04 21:48:37,794 [INFO] face_processor — Level 1 (Haar) detected — eyes:(131,103) nose:(143,115) [1039ms]
2026-04-04 21:48:37,885 [INFO] main — identify-registered | best='WhatsApp Image 2026-04-04 at 3.33.41 PM.jpeg' cos=0.5757 pct=84.5% matched=True | 1129ms
2026-04-04 21:49:35,546 [INFO] face_processor — Level 1 (Haar) detected — eyes:(0,0) nose:(100,117) [873ms]
2026-04-04 21:49:35,670 [INFO] main — identify-registered | best='25103574_Photo.jpg' cos=0.9743 pct=96.2% matched=True | 997ms
2026-04-04 21:49:39,760 [INFO] face_processor — Level 1 (Haar) detected — eyes:(130,101) nose:(148,114) [851ms]
2026-04-04 21:49:39,827 [INFO] main — identify-registered | best='profile.jpeg' cos=0.7244 pct=89.8% matched=True | 918ms
2026-04-04 21:50:16,489 [INFO] face_processor — Level 1 (Haar) detected — eyes:(338,269) nose:(341,293) [767ms]
2026-04-04 21:50:17,087 [INFO] face_processor — Level 1 (Haar) detected — eyes:(132,96) nose:(152,111) [598ms]
2026-04-04 21:50:35,985 [INFO] face_processor — Level 1 (Haar) detected — eyes:(143,131) nose:(159,142) [1099ms]
2026-04-04 21:50:36,054 [INFO] main — identify-registered | best='profile.jpeg' cos=0.7258 pct=90.0% matched=True | 1168ms
2026-04-04 21:50:55,698 [INFO] face_processor — Level 1 (Haar) detected — eyes:(135,127) nose:(151,138) [807ms]
2026-04-04 21:50:55,790 [INFO] main — identify-registered | best='profile.jpeg' cos=0.6969 pct=89.1% matched=True | 899ms
2026-04-04 21:51:18,531 [INFO] face_processor — Level 1 (Haar) detected — eyes:(0,0) nose:(58,60) [1132ms]
2026-04-04 21:51:18,613 [INFO] main — identify-registered | best='25103574_Photo.jpg' cos=0.9728 pct=97.3% matched=True | 1214ms
2026-04-04 21:55:27,728 [INFO] face_processor — Level 1 (Haar) detected — eyes:(0,0) nose:(85,115) [1143ms]
2026-04-04 21:55:27,789 [INFO] main — identify-registered | best='25103574_Photo.jpg' cos=0.9831 pct=98.6% matched=True | 1206ms
2026-04-04 21:58:57,542 [INFO] database — DB 'face_capture_db' ready.
2026-04-04 21:58:58,136 [INFO] database — Original 4 tables synced in 'face_capture_db'.
2026-04-04 21:58:58,180 [INFO] database — New 4 tables verified/created in 'face_capture_db'.
2026-04-04 21:58:58,182 [INFO] face_processor — Pre-loading DeepFace model weights…
2026-04-04 21:58:58,182 [INFO] main — Model preload started in background — server is online immediately.
2026-04-04 21:59:16,729 [WARNING] tensorflow — From C:\Siva successful projects\Face capture\PyBackend\venv310\lib\site-packages\tf_keras\src\losses.py:2976: The name tf.losses.sparse_softmax_cross_entropy is deprecated. Please use tf.compat.v1.losses.sparse_softmax_cross_entropy instead.

2026-04-04 21:59:18,665 [INFO] face_processor — DeepFace loaded (model=ArcFace)
2026-04-04 21:59:25,391 [INFO] face_processor — DeepFace pre-load OK.
2026-04-04 21:59:25,391 [INFO] main — ✅ Model ready — all uploads will now be < 200 ms.
2026-04-04 21:59:48,107 [INFO] face_processor — Level 1 (Haar) detected — eyes:(218,260) nose:(294,314) [1714ms]
2026-04-04 21:59:49,120 [INFO] face_processor — Level 1 (Haar) detected — eyes:(159,193) nose:(200,224) [671ms]
2026-04-04 21:59:49,620 [INFO] face_processor — Level 1 (Haar) detected — eyes:(56,47) nose:(94,95) [467ms]
2026-04-04 21:59:50,343 [INFO] face_processor — Level 1 (Haar) detected — eyes:(212,212) nose:(252,240) [696ms]
2026-04-04 21:59:51,339 [INFO] face_processor — Level 1 (Haar) detected — eyes:(208,177) nose:(250,216) [942ms]
2026-04-04 21:59:52,083 [INFO] face_processor — Level 1 (Haar) detected — eyes:(198,233) nose:(246,274) [705ms]
2026-04-04 21:59:52,675 [INFO] face_processor — Level 1 (Haar) detected — eyes:(216,214) nose:(255,251) [571ms]
2026-04-04 21:59:53,445 [INFO] face_processor — Level 1 (Haar) detected — eyes:(212,245) nose:(281,297) [726ms]
2026-04-04 21:59:54,153 [INFO] face_processor — Level 1 (Haar) detected — eyes:(142,174) nose:(183,201) [678ms]
2026-04-04 21:59:54,865 [INFO] face_processor — Level 1 (Haar) detected — eyes:(210,230) nose:(250,266) [658ms]
2026-04-04 21:59:55,636 [INFO] face_processor — Level 1 (Haar) detected — eyes:(224,245) nose:(285,280) [699ms]
2026-04-04 21:59:56,442 [INFO] face_processor — Level 1 (Haar) detected — eyes:(209,249) nose:(272,300) [760ms]
2026-04-04 21:59:57,216 [INFO] face_processor — Level 1 (Haar) detected — eyes:(194,264) nose:(257,310) [734ms]
2026-04-04 21:59:57,869 [INFO] face_processor — Level 1 (Haar) detected — eyes:(265,269) nose:(322,298) [628ms]
2026-04-04 21:59:58,566 [INFO] face_processor — Level 1 (Haar) detected — eyes:(182,194) nose:(230,233) [672ms]
2026-04-04 21:59:59,095 [INFO] face_processor — Level 1 (Haar) detected — eyes:(198,153) nose:(226,180) [505ms]
2026-04-04 21:59:59,596 [INFO] face_processor — Level 1 (Haar) detected — eyes:(112,98) nose:(178,182) [476ms]
2026-04-04 22:00:00,335 [INFO] face_processor — Level 1 (Haar) detected — eyes:(118,115) nose:(141,129) [704ms]
2026-04-04 22:00:00,909 [INFO] face_processor — Level 1 (Haar) detected — eyes:(212,212) nose:(257,240) [543ms]
2026-04-04 22:00:01,522 [INFO] face_processor — Level 1 (Haar) detected — eyes:(163,238) nose:(216,280) [585ms]
2026-04-04 22:00:02,103 [INFO] face_processor — Level 1 (Haar) detected — eyes:(200,199) nose:(249,235) [552ms]
2026-04-04 22:00:02,711 [INFO] face_processor — Level 1 (Haar) detected — eyes:(184,178) nose:(217,202) [581ms]
2026-04-04 22:00:03,322 [INFO] face_processor — Level 1 (Haar) detected — eyes:(180,240) nose:(225,284) [584ms]
2026-04-04 22:00:03,850 [INFO] face_processor — Level 1 (Haar) detected — eyes:(177,151) nose:(215,181) [501ms]
2026-04-04 22:00:04,421 [INFO] face_processor — Level 1 (Haar) detected — eyes:(197,190) nose:(244,224) [537ms]
2026-04-04 22:00:04,974 [INFO] face_processor — Level 1 (Haar) detected — eyes:(116,139) nose:(142,160) [519ms]
2026-04-04 22:00:05,591 [INFO] face_processor — Level 1 (Haar) detected — eyes:(208,229) nose:(253,269) [584ms]
2026-04-04 22:00:06,220 [INFO] face_processor — Level 1 (Haar) detected — eyes:(209,242) nose:(260,288) [602ms]
2026-04-04 22:00:06,760 [INFO] face_processor — Level 1 (Haar) detected — eyes:(207,237) nose:(252,278) [513ms]
2026-04-04 22:00:07,342 [INFO] face_processor — Level 1 (Haar) detected — eyes:(230,240) nose:(281,270) [556ms]
2026-04-04 22:00:07,872 [INFO] face_processor — Level 1 (Haar) detected — eyes:(165,136) nose:(208,180) [502ms]
2026-04-04 22:00:08,537 [INFO] face_processor — Level 1 (Haar) detected — eyes:(229,268) nose:(268,305) [610ms]
2026-04-04 22:00:09,217 [INFO] face_processor — Level 1 (Haar) detected — eyes:(157,168) nose:(193,201) [652ms]
2026-04-04 22:00:09,920 [INFO] face_processor — Level 1 (Haar) detected — eyes:(174,240) nose:(232,286) [665ms]
2026-04-04 22:00:10,477 [INFO] face_processor — Level 1 (Haar) detected — eyes:(123,127) nose:(155,152) [516ms]
2026-04-04 22:00:11,116 [INFO] face_processor — Level 1 (Haar) detected — eyes:(300,266) nose:(333,292) [619ms]
2026-04-04 22:00:11,755 [INFO] face_processor — Level 1 (Haar) detected — eyes:(141,184) nose:(184,221) [607ms]
2026-04-04 22:00:12,448 [INFO] face_processor — Level 1 (Haar) detected — eyes:(216,192) nose:(265,226) [668ms]
2026-04-04 22:00:13,170 [INFO] face_processor — Level 1 (Haar) detected — eyes:(172,205) nose:(221,242) [683ms]
2026-04-04 22:00:13,796 [INFO] face_processor — Level 1 (Haar) detected — eyes:(0,0) nose:(248,442) [596ms]
2026-04-04 22:00:14,491 [INFO] face_processor — Level 1 (Haar) detected — eyes:(181,282) nose:(242,337) [672ms]
2026-04-04 22:00:15,155 [INFO] face_processor — Level 1 (Haar) detected — eyes:(185,190) nose:(233,229) [626ms]
2026-04-04 22:00:15,797 [INFO] face_processor — Level 1 (Haar) detected — eyes:(168,253) nose:(224,296) [596ms]
2026-04-04 22:00:16,535 [INFO] face_processor — Level 1 (Haar) detected — eyes:(192,226) nose:(247,268) [678ms]
2026-04-04 22:00:17,222 [INFO] face_processor — Level 1 (Haar) detected — eyes:(174,220) nose:(229,261) [662ms]
2026-04-04 22:00:17,822 [INFO] face_processor — Level 1 (Haar) detected — eyes:(137,232) nose:(200,274) [566ms]
2026-04-04 22:00:18,345 [INFO] face_processor — Level 1 (Haar) detected — eyes:(103,152) nose:(141,181) [496ms]
2026-04-04 22:00:18,985 [INFO] face_processor — Level 1 (Haar) detected — eyes:(189,248) nose:(238,302) [586ms]
2026-04-04 22:00:19,553 [INFO] face_processor — Level 1 (Haar) detected — eyes:(208,249) nose:(251,276) [543ms]
2026-04-04 22:00:20,554 [INFO] face_processor — Level 1 (Haar) detected — eyes:(200,205) nose:(252,242) [970ms]
2026-04-04 22:00:21,290 [INFO] face_processor — Level 1 (Haar) detected — eyes:(213,189) nose:(245,220) [684ms]
2026-04-04 22:00:22,140 [INFO] face_processor — Level 1 (Haar) detected — eyes:(164,188) nose:(208,227) [799ms]
2026-04-04 22:00:22,806 [INFO] face_processor — Level 1 (Haar) detected — eyes:(170,168) nose:(210,197) [624ms]
2026-04-04 22:00:23,396 [INFO] face_processor — Level 1 (Haar) detected — eyes:(243,233) nose:(277,260) [559ms]
2026-04-04 22:00:24,018 [INFO] face_processor — Level 1 (Haar) detected — eyes:(181,174) nose:(229,210) [593ms]
2026-04-04 22:00:24,657 [INFO] face_processor — Level 1 (Haar) detected — eyes:(205,200) nose:(245,234) [606ms]
2026-04-04 22:00:25,367 [INFO] face_processor — Level 1 (Haar) detected — eyes:(213,212) nose:(260,252) [668ms]
2026-04-04 22:00:26,148 [INFO] face_processor — Level 1 (Haar) detected — eyes:(120,169) nose:(172,205) [728ms]
2026-04-04 22:00:26,715 [INFO] face_processor — Level 1 (Haar) detected — eyes:(313,237) nose:(256,284) [540ms]
2026-04-04 22:00:27,325 [INFO] face_processor — Level 1 (Haar) detected — eyes:(129,201) nose:(180,245) [576ms]
2026-04-04 22:00:27,874 [INFO] face_processor — Level 1 (Haar) detected — eyes:(162,202) nose:(212,233) [517ms]
2026-04-04 22:00:28,363 [INFO] face_processor — Level 1 (Haar) detected — eyes:(85,79) nose:(107,95) [440ms]
2026-04-04 22:00:29,000 [INFO] face_processor — Level 1 (Haar) detected — eyes:(168,226) nose:(230,277) [598ms]
2026-04-04 22:00:29,631 [INFO] face_processor — Level 1 (Haar) detected — eyes:(201,196) nose:(247,234) [600ms]
2026-04-04 22:00:30,213 [INFO] face_processor — Level 1 (Haar) detected — eyes:(170,154) nose:(205,181) [553ms]
2026-04-04 22:00:30,923 [INFO] face_processor — Level 1 (Haar) detected — eyes:(201,193) nose:(260,238) [664ms]
2026-04-04 22:00:31,478 [INFO] face_processor — Level 1 (Haar) detected — eyes:(162,158) nose:(195,190) [521ms]
2026-04-04 22:00:32,100 [INFO] face_processor — Level 1 (Haar) detected — eyes:(229,197) nose:(273,232) [588ms]
2026-04-04 22:00:32,715 [INFO] face_processor — Level 1 (Haar) detected — eyes:(210,245) nose:(286,305) [584ms]
2026-04-04 22:00:33,399 [INFO] face_processor — Level 1 (Haar) detected — eyes:(213,244) nose:(262,286) [655ms]
2026-04-04 22:00:34,039 [INFO] face_processor — Level 1 (Haar) detected — eyes:(150,165) nose:(191,206) [600ms]
2026-04-04 22:00:34,657 [INFO] face_processor — Level 1 (Haar) detected — eyes:(334,193) nose:(289,240) [592ms]
2026-04-04 22:00:35,279 [INFO] face_processor — Level 1 (Haar) detected — eyes:(107,127) nose:(136,148) [590ms]
2026-04-04 22:00:36,384 [INFO] face_processor — Level 1 (Haar) detected — eyes:(203,246) nose:(251,288) [993ms]
2026-04-04 22:00:37,004 [INFO] face_processor — Level 1 (Haar) detected — eyes:(242,202) nose:(294,240) [559ms]
2026-04-04 22:00:37,728 [INFO] face_processor — Level 1 (Haar) detected — eyes:(64,72) nose:(80,86) [672ms]
2026-04-04 22:00:38,594 [INFO] face_processor — Level 1 (Haar) detected — eyes:(197,269) nose:(264,326) [795ms]
2026-04-04 22:00:39,396 [INFO] face_processor — Level 1 (Haar) detected — eyes:(204,224) nose:(252,263) [746ms]
2026-04-04 22:00:40,128 [INFO] face_processor — Level 1 (Haar) detected — eyes:(174,245) nose:(289,302) [694ms]
2026-04-04 22:00:40,893 [INFO] face_processor — Level 1 (Haar) detected — eyes:(205,173) nose:(255,206) [722ms]
2026-04-04 22:00:41,468 [INFO] face_processor — Level 1 (Haar) detected — eyes:(114,122) nose:(139,142) [521ms]
2026-04-04 22:00:42,216 [INFO] face_processor — Level 1 (Haar) detected — eyes:(197,228) nose:(250,268) [696ms]
2026-04-04 22:00:42,936 [INFO] face_processor — Level 1 (Haar) detected — eyes:(127,120) nose:(157,147) [672ms]
2026-04-04 22:00:43,801 [INFO] face_processor — Level 1 (Haar) detected — eyes:(178,165) nose:(221,186) [775ms]
2026-04-04 22:00:44,604 [INFO] face_processor — Level 1 (Haar) detected — eyes:(169,194) nose:(211,220) [711ms]
2026-04-04 22:00:45,532 [INFO] face_processor — Level 1 (Haar) detected — eyes:(214,302) nose:(281,356) [860ms]
2026-04-04 22:00:46,290 [INFO] face_processor — Level 1 (Haar) detected — eyes:(180,209) nose:(231,254) [718ms]
2026-04-04 22:00:47,051 [INFO] face_processor — Level 1 (Haar) detected — eyes:(187,217) nose:(228,250) [695ms]
2026-04-04 22:00:47,619 [INFO] face_processor — Level 1 (Haar) detected — eyes:(177,274) nose:(220,313) [524ms]
2026-04-04 22:00:48,239 [INFO] face_processor — Level 1 (Haar) detected — eyes:(251,182) nose:(285,206) [588ms]
2026-04-04 22:00:48,868 [INFO] face_processor — Level 1 (Haar) detected — eyes:(186,238) nose:(225,269) [585ms]
2026-04-04 22:00:49,484 [INFO] face_processor — Level 1 (Haar) detected — eyes:(195,288) nose:(249,329) [586ms]
2026-04-04 22:00:50,109 [INFO] face_processor — Level 1 (Haar) detected — eyes:(79,120) nose:(116,141) [541ms]
2026-04-04 22:00:50,958 [INFO] face_processor — Level 1 (Haar) detected — eyes:(173,236) nose:(241,285) [728ms]
2026-04-04 22:00:51,449 [INFO] face_processor — Level 1 (Haar) detected — eyes:(80,70) nose:(100,84) [438ms]
2026-04-04 22:00:52,059 [INFO] face_processor — Level 1 (Haar) detected — eyes:(205,194) nose:(243,222) [570ms]
2026-04-04 22:00:52,651 [INFO] face_processor — Level 1 (Haar) detected — eyes:(0,0) nose:(247,220) [556ms]
2026-04-04 22:00:53,114 [INFO] face_processor — Level 1 (Haar) detected — eyes:(108,112) nose:(131,132) [430ms]
2026-04-04 22:00:53,849 [INFO] face_processor — Level 1 (Haar) detected — eyes:(161,179) nose:(204,213) [693ms]
2026-04-04 22:00:54,521 [INFO] face_processor — Level 1 (Haar) detected — eyes:(197,192) nose:(241,226) [626ms]
2026-04-04 22:00:55,107 [INFO] face_processor — Level 1 (Haar) detected — eyes:(108,103) nose:(132,123) [544ms]
2026-04-04 22:00:56,737 [INFO] face_processor — Level 1 (Haar) detected — eyes:(181,158) nose:(217,186) [563ms]
2026-04-04 22:00:58,300 [INFO] face_processor — Level 1 (Haar) detected — eyes:(184,194) nose:(234,224) [582ms]
2026-04-04 22:00:59,804 [INFO] face_processor — Level 1 (Haar) detected — eyes:(194,217) nose:(250,265) [829ms]
2026-04-04 22:01:00,564 [INFO] face_processor — Level 1 (Haar) detected — eyes:(125,163) nose:(181,199) [662ms]
2026-04-04 22:01:01,192 [INFO] face_processor — Level 1 (Haar) detected — eyes:(250,289) nose:(292,328) [560ms]
2026-04-04 22:01:01,794 [INFO] face_processor — Level 1 (Haar) detected — eyes:(248,151) nose:(250,189) [576ms]
2026-04-04 22:01:02,517 [INFO] face_processor — Level 1 (Haar) detected — eyes:(180,304) nose:(254,361) [691ms]
2026-04-04 22:01:03,143 [INFO] face_processor — Level 1 (Haar) detected — eyes:(169,273) nose:(229,328) [589ms]
2026-04-04 22:01:03,678 [INFO] face_processor — Level 1 (Haar) detected — eyes:(113,111) nose:(135,129) [499ms]
2026-04-04 22:01:04,348 [INFO] face_processor — Level 1 (Haar) detected — eyes:(156,179) nose:(201,211) [636ms]
2026-04-04 22:01:04,984 [INFO] face_processor — Level 1 (Haar) detected — eyes:(197,202) nose:(244,236) [604ms]
2026-04-04 22:01:05,766 [INFO] face_processor — Level 1 (Haar) detected — eyes:(189,226) nose:(233,260) [695ms]
2026-04-04 22:01:06,419 [INFO] face_processor — Level 1 (Haar) detected — eyes:(162,184) nose:(215,226) [619ms]
2026-04-04 22:01:07,022 [INFO] face_processor — Level 1 (Haar) detected — eyes:(151,151) nose:(182,194) [572ms]
2026-04-04 22:01:07,834 [INFO] face_processor — Level 1 (Haar) detected — eyes:(239,218) nose:(293,260) [782ms]
2026-04-04 22:01:08,550 [INFO] face_processor — Level 1 (Haar) detected — eyes:(206,222) nose:(243,254) [676ms]
2026-04-04 22:01:09,187 [INFO] face_processor — Level 1 (Haar) detected — eyes:(192,206) nose:(237,246) [600ms]
2026-04-04 22:01:09,824 [INFO] face_processor — Level 1 (Haar) detected — eyes:(188,217) nose:(238,262) [578ms]
2026-04-04 22:01:10,563 [INFO] face_processor — Level 1 (Haar) detected — eyes:(178,221) nose:(222,264) [660ms]
2026-04-04 22:01:11,433 [INFO] face_processor — Level 1 (Haar) detected — eyes:(196,184) nose:(240,217) [830ms]
2026-04-04 22:01:12,489 [INFO] face_processor — Level 1 (Haar) detected — eyes:(93,124) nose:(117,149) [967ms]
2026-04-04 22:01:13,657 [INFO] face_processor — Level 1 (Haar) detected — eyes:(213,238) nose:(258,266) [1062ms]
2026-04-04 22:01:14,686 [INFO] face_processor — Level 1 (Haar) detected — eyes:(168,180) nose:(215,216) [966ms]
2026-04-04 22:01:15,695 [INFO] face_processor — Level 1 (Haar) detected — eyes:(153,170) nose:(192,195) [919ms]
2026-04-04 22:01:16,657 [INFO] face_processor — Level 1 (Haar) detected — eyes:(159,186) nose:(203,220) [862ms]
2026-04-04 22:01:17,852 [INFO] face_processor — Level 1 (Haar) detected — eyes:(162,317) nose:(244,377) [1110ms]
2026-04-04 22:01:19,069 [INFO] face_processor — Level 1 (Haar) detected — eyes:(222,141) nose:(257,164) [1133ms]
2026-04-04 22:01:20,200 [INFO] face_processor — Level 1 (Haar) detected — eyes:(201,226) nose:(247,262) [1049ms]
2026-04-04 22:01:21,165 [INFO] face_processor — Level 1 (Haar) detected — eyes:(203,228) nose:(240,254) [900ms]
2026-04-04 22:01:21,871 [INFO] face_processor — Level 1 (Haar) detected — eyes:(204,260) nose:(266,306) [656ms]
2026-04-04 22:01:22,507 [INFO] face_processor — Level 1 (Haar) detected — eyes:(186,213) nose:(226,246) [593ms]
2026-04-04 22:01:23,243 [INFO] face_processor — Level 1 (Haar) detected — eyes:(181,254) nose:(225,285) [675ms]
2026-04-04 22:01:23,842 [INFO] face_processor — Level 1 (Haar) detected — eyes:(167,178) nose:(200,209) [544ms]
2026-04-04 22:01:24,491 [INFO] face_processor — Level 1 (Haar) detected — eyes:(187,204) nose:(237,242) [608ms]
2026-04-04 22:01:25,134 [INFO] face_processor — Level 1 (Haar) detected — eyes:(146,156) nose:(180,185) [597ms]
2026-04-04 22:01:25,710 [INFO] face_processor — Level 1 (Haar) detected — eyes:(201,254) nose:(252,300) [510ms]
2026-04-04 22:01:26,372 [INFO] face_processor — Level 1 (Haar) detected — eyes:(190,220) nose:(245,258) [615ms]
2026-04-04 22:01:27,059 [INFO] face_processor — Level 1 (Haar) detected — eyes:(71,77) nose:(90,95) [648ms]
2026-04-04 22:01:27,826 [INFO] face_processor — Level 1 (Haar) detected — eyes:(137,205) nose:(183,244) [722ms]
2026-04-04 22:01:28,544 [INFO] face_processor — Level 1 (Haar) detected — eyes:(248,193) nose:(293,229) [673ms]
2026-04-04 22:01:29,306 [INFO] face_processor — Level 1 (Haar) detected — eyes:(252,272) nose:(318,326) [724ms]
2026-04-04 22:01:30,198 [INFO] face_processor — Level 1 (Haar) detected — eyes:(197,222) nose:(238,257) [828ms]
2026-04-04 22:01:31,043 [INFO] face_processor — Level 1 (Haar) detected — eyes:(170,272) nose:(240,321) [971ms]
2026-04-04 22:01:31,786 [INFO] face_processor — Level 1 (Haar) detected — eyes:(143,139) nose:(175,168) [627ms]
2026-04-04 22:01:32,571 [INFO] face_processor — Level 1 (Haar) detected — eyes:(244,209) nose:(292,252) [740ms]
2026-04-04 22:01:33,335 [INFO] face_processor — Level 1 (Haar) detected — eyes:(201,225) nose:(236,262) [695ms]
2026-04-04 22:01:34,317 [INFO] face_processor — Level 1 (Haar) detected — eyes:(142,110) nose:(212,213) [844ms]
2026-04-04 22:01:35,244 [INFO] face_processor — Level 1 (Haar) detected — eyes:(277,194) nose:(321,229) [863ms]
2026-04-04 22:01:36,341 [INFO] face_processor — Level 1 (Haar) detected — eyes:(140,141) nose:(175,167) [1005ms]
2026-04-04 22:01:37,246 [INFO] face_processor — Level 1 (Haar) detected — eyes:(110,120) nose:(137,142) [814ms]
2026-04-04 22:01:37,984 [INFO] face_processor — Level 1 (Haar) detected — eyes:(153,230) nose:(215,280) [695ms]
2026-04-04 22:01:38,759 [INFO] face_processor — Level 1 (Haar) detected — eyes:(260,201) nose:(325,258) [721ms]
2026-04-04 22:01:39,540 [INFO] face_processor — Level 1 (Haar) detected — eyes:(190,196) nose:(227,222) [722ms]
2026-04-04 22:01:42,083 [INFO] face_processor — Level 1 (Haar) detected — eyes:(0,0) nose:(256,245) [832ms]
2026-04-04 22:01:42,963 [INFO] face_processor — Level 1 (Haar) detected — eyes:(148,143) nose:(184,169) [825ms]
2026-04-04 22:01:44,063 [INFO] face_processor — Level 1 (Haar) detected — eyes:(184,216) nose:(229,249) [963ms]
2026-04-04 22:01:44,860 [INFO] face_processor — Level 1 (Haar) detected — eyes:(213,206) nose:(257,248) [667ms]
2026-04-04 22:01:45,554 [INFO] face_processor — Level 1 (Haar) detected — eyes:(236,240) nose:(297,281) [651ms]
2026-04-04 22:01:46,243 [INFO] face_processor — Level 1 (Haar) detected — eyes:(134,116) nose:(175,142) [646ms]
2026-04-04 22:01:46,857 [INFO] face_processor — Level 1 (Haar) detected — eyes:(199,192) nose:(239,225) [553ms]
2026-04-04 22:01:47,694 [INFO] face_processor — Level 1 (Haar) detected — eyes:(193,228) nose:(238,266) [778ms]
2026-04-04 22:01:48,304 [INFO] face_processor — Level 1 (Haar) detected — eyes:(157,249) nose:(136,269) [555ms]
2026-04-04 22:01:49,080 [INFO] face_processor — Level 1 (Haar) detected — eyes:(178,218) nose:(234,268) [702ms]
2026-04-04 22:01:49,760 [INFO] face_processor — Level 1 (Haar) detected — eyes:(202,209) nose:(264,241) [620ms]
2026-04-04 22:01:50,437 [INFO] face_processor — Level 1 (Haar) detected — eyes:(150,163) nose:(204,207) [622ms]
2026-04-04 22:01:51,230 [INFO] face_processor — Level 1 (Haar) detected — eyes:(192,245) nose:(242,289) [730ms]
2026-04-04 22:01:51,993 [INFO] face_processor — Level 1 (Haar) detected — eyes:(196,273) nose:(249,317) [694ms]
2026-04-04 22:01:52,885 [INFO] face_processor — Level 1 (Haar) detected — eyes:(192,238) nose:(240,282) [838ms]
2026-04-04 22:01:53,607 [INFO] face_processor — Level 1 (Haar) detected — eyes:(0,0) nose:(304,226) [648ms]
2026-04-04 22:01:54,275 [INFO] face_processor — Level 1 (Haar) detected — eyes:(189,175) nose:(229,206) [598ms]
2026-04-04 22:01:54,940 [INFO] face_processor — Level 1 (Haar) detected — eyes:(157,188) nose:(208,224) [605ms]
2026-04-04 22:01:55,616 [INFO] face_processor — Level 1 (Haar) detected — eyes:(109,119) nose:(136,146) [568ms]
2026-04-04 22:01:56,350 [INFO] face_processor — Level 1 (Haar) detected — eyes:(208,194) nose:(280,233) [667ms]
2026-04-04 22:01:56,998 [INFO] face_processor — Level 1 (Haar) detected — eyes:(194,232) nose:(246,270) [590ms]
2026-04-04 22:01:57,733 [INFO] face_processor — Level 1 (Haar) detected — eyes:(137,217) nose:(249,272) [689ms]
2026-04-04 22:01:58,552 [INFO] face_processor — Level 1 (Haar) detected — eyes:(195,219) nose:(259,259) [766ms]
2026-04-04 22:01:59,553 [INFO] face_processor — Level 1 (Haar) detected — eyes:(176,224) nose:(223,264) [919ms]
2026-04-04 22:02:00,263 [INFO] face_processor — Level 1 (Haar) detected — eyes:(0,0) nose:(236,147) [645ms]
2026-04-04 22:02:01,029 [INFO] face_processor — Level 1 (Haar) detected — eyes:(118,177) nose:(212,269) [698ms]
2026-04-04 22:02:01,689 [INFO] face_processor — Level 1 (Haar) detected — eyes:(100,237) nose:(149,282) [601ms]
2026-04-04 22:02:02,343 [INFO] face_processor — Level 1 (Haar) detected — eyes:(112,132) nose:(136,157) [578ms]
2026-04-04 22:02:03,166 [INFO] face_processor — Level 1 (Haar) detected — eyes:(190,169) nose:(196,205) [751ms]
2026-04-04 22:02:03,881 [INFO] face_processor — Level 1 (Haar) detected — eyes:(202,234) nose:(245,273) [650ms]
2026-04-04 22:02:04,530 [INFO] face_processor — Level 1 (Haar) detected — eyes:(109,201) nose:(144,233) [580ms]
2026-04-04 22:02:05,252 [INFO] face_processor — Level 1 (Haar) detected — eyes:(156,188) nose:(198,225) [652ms]
2026-04-04 22:02:06,148 [INFO] face_processor — Level 1 (Haar) detected — eyes:(186,225) nose:(249,273) [802ms]
2026-04-04 22:02:06,667 [INFO] face_processor — Level 1 (Haar) detected — eyes:(115,109) nose:(141,131) [473ms]
2026-04-04 22:02:07,284 [INFO] face_processor — Level 1 (Haar) detected — eyes:(158,160) nose:(205,194) [572ms]
2026-04-04 22:02:07,918 [INFO] face_processor — Level 1 (Haar) detected — eyes:(143,127) nose:(172,153) [572ms]
2026-04-04 22:02:08,532 [INFO] face_processor — Level 1 (Haar) detected — eyes:(201,220) nose:(259,256) [526ms]
2026-04-04 22:02:09,166 [INFO] face_processor — Level 1 (Haar) detected — eyes:(153,281) nose:(205,330) [585ms]
2026-04-04 22:02:09,889 [INFO] face_processor — Level 1 (Haar) detected — eyes:(193,208) nose:(241,246) [657ms]
2026-04-04 22:02:10,535 [INFO] face_processor — Level 1 (Haar) detected — eyes:(201,222) nose:(252,254) [552ms]
2026-04-04 22:02:11,148 [INFO] face_processor — Level 1 (Haar) detected — eyes:(262,220) nose:(321,261) [567ms]
2026-04-04 22:02:11,764 [INFO] face_processor — Level 1 (Haar) detected — eyes:(167,157) nose:(216,187) [567ms]
2026-04-04 22:02:12,379 [INFO] face_processor — Level 1 (Haar) detected — eyes:(166,181) nose:(205,219) [556ms]
2026-04-04 22:02:12,985 [INFO] face_processor — Level 1 (Haar) detected — eyes:(208,237) nose:(255,271) [562ms]
2026-04-04 22:02:13,937 [INFO] face_processor — Level 1 (Haar) detected — eyes:(225,254) nose:(249,293) [850ms]
2026-04-04 22:02:14,800 [INFO] face_processor — Level 1 (Haar) detected — eyes:(118,135) nose:(147,156) [743ms]
2026-04-04 22:02:15,869 [INFO] face_processor — Level 1 (Haar) detected — eyes:(180,217) nose:(216,252) [983ms]
2026-04-04 22:02:16,690 [INFO] face_processor — Level 1 (Haar) detected — eyes:(221,190) nose:(266,228) [725ms]
2026-04-04 22:02:17,317 [INFO] face_processor — Level 1 (Haar) detected — eyes:(153,249) nose:(188,276) [545ms]
2026-04-04 22:02:25,295 [INFO] face_processor — Level 3 (DNN-opencv) detected [839ms]
2026-04-04 22:02:25,344 [INFO] main — identify-registered | best='profile.jpeg' cos=0.5203 pct=68.2% matched=False | 890ms
2026-04-04 22:02:32,536 [INFO] face_processor — Level 3 (DNN-opencv) detected [793ms]
2026-04-04 22:02:32,635 [INFO] main — identify-registered | best='25103574_Photo.jpg' cos=0.9766 pct=84.2% matched=True | 895ms
2026-04-04 22:02:37,964 [INFO] face_processor — Level 3 (DNN-opencv) detected [738ms]
2026-04-04 22:02:38,081 [INFO] main — identify-registered | best='25103574_Photo.jpg' cos=0.9805 pct=84.3% matched=True | 857ms
2026-04-04 22:02:55,580 [INFO] face_processor — Level 3 (DNN-opencv) detected [894ms]
2026-04-04 22:02:55,650 [INFO] main — identify-registered | best='profile.jpeg' cos=0.6838 pct=73.9% matched=True | 967ms
2026-04-04 22:03:10,483 [INFO] face_processor — Level 3 (DNN-opencv) detected [927ms]
2026-04-04 22:03:10,549 [INFO] main — identify-registered | best='profile.jpeg' cos=0.7129 pct=75.0% matched=True | 996ms
2026-04-04 22:03:14,800 [INFO] face_processor — Level 3 (DNN-opencv) detected [870ms]
2026-04-04 22:03:14,913 [INFO] main — identify-registered | best='profile.jpeg' cos=0.7218 pct=75.3% matched=True | 981ms
2026-04-04 22:03:23,470 [INFO] face_processor — Level 3 (DNN-opencv) detected [776ms]
2026-04-04 22:03:23,545 [INFO] main — identify-registered | best='25103574_Photo.jpg' cos=0.9777 pct=84.2% matched=True | 851ms
2026-04-04 22:07:09,814 [INFO] face_processor — Level 3 (DNN-opencv) detected [921ms]
2026-04-04 22:07:10,230 [INFO] main — identify-registered | best='profile.jpeg' cos=0.7297 pct=75.5% matched=True | 1337ms
2026-04-04 22:12:06,996 [INFO] database — DB 'face_capture_db' ready.
2026-04-04 22:12:07,344 [INFO] database — Original 4 tables synced in 'face_capture_db'.
2026-04-04 22:12:07,463 [INFO] database — New 4 tables verified/created in 'face_capture_db'.
2026-04-04 22:12:07,464 [INFO] face_processor — Pre-loading DeepFace model weights…
2026-04-04 22:12:07,464 [INFO] main — Model preload started in background — server is online immediately.
2026-04-04 22:12:24,263 [WARNING] tensorflow — From C:\Siva successful projects\Face capture\PyBackend\venv310\lib\site-packages\tf_keras\src\losses.py:2976: The name tf.losses.sparse_softmax_cross_entropy is deprecated. Please use tf.compat.v1.losses.sparse_softmax_cross_entropy instead.

2026-04-04 22:12:25,601 [INFO] face_processor — DeepFace loaded (model=ArcFace)
2026-04-04 22:12:30,679 [INFO] face_processor — DeepFace pre-load OK.
2026-04-04 22:12:30,681 [INFO] main — ✅ Model ready — all uploads will now be < 200 ms.
2026-04-04 22:12:51,694 [INFO] face_processor — Level 1 (Haar) detected — eyes:(218,260) nose:(294,314) [1620ms]
2026-04-04 22:12:52,594 [INFO] face_processor — Level 1 (Haar) detected — eyes:(159,193) nose:(200,224) [677ms]
2026-04-04 22:12:53,050 [INFO] face_processor — Level 1 (Haar) detected — eyes:(56,47) nose:(94,95) [431ms]
2026-04-04 22:12:53,697 [INFO] face_processor — Level 1 (Haar) detected — eyes:(212,212) nose:(252,240) [622ms]
2026-04-04 22:12:54,381 [INFO] face_processor — Level 1 (Haar) detected — eyes:(208,177) nose:(250,216) [574ms]
2026-04-04 22:12:55,080 [INFO] face_processor — Level 1 (Haar) detected — eyes:(198,233) nose:(246,274) [628ms]
2026-04-04 22:12:55,683 [INFO] face_processor — Level 1 (Haar) detected — eyes:(216,214) nose:(255,251) [582ms]
2026-04-04 22:12:56,766 [INFO] face_processor — Level 1 (Haar) detected — eyes:(212,245) nose:(281,297) [1048ms]
2026-04-04 22:12:57,596 [INFO] face_processor — Level 1 (Haar) detected — eyes:(142,174) nose:(183,201) [759ms]
2026-04-04 22:12:58,243 [INFO] face_processor — Level 1 (Haar) detected — eyes:(210,230) nose:(250,266) [628ms]
2026-04-04 22:12:58,848 [INFO] face_processor — Level 1 (Haar) detected — eyes:(224,245) nose:(285,280) [537ms]
2026-04-04 22:12:59,577 [INFO] face_processor — Level 1 (Haar) detected — eyes:(209,249) nose:(272,300) [704ms]
2026-04-04 22:13:00,233 [INFO] face_processor — Level 1 (Haar) detected — eyes:(194,264) nose:(257,310) [630ms]
2026-04-04 22:13:00,883 [INFO] face_processor — Level 1 (Haar) detected — eyes:(265,269) nose:(322,298) [589ms]
2026-04-04 22:13:01,490 [INFO] face_processor — Level 1 (Haar) detected — eyes:(182,194) nose:(230,233) [581ms]
2026-04-04 22:13:02,066 [INFO] face_processor — Level 1 (Haar) detected — eyes:(198,153) nose:(226,180) [538ms]
2026-04-04 22:13:02,714 [INFO] face_processor — Level 1 (Haar) detected — eyes:(112,98) nose:(178,182) [588ms]
2026-04-04 22:13:03,305 [INFO] face_processor — Level 1 (Haar) detected — eyes:(118,115) nose:(141,129) [522ms]
2026-04-04 22:13:03,878 [INFO] face_processor — Level 1 (Haar) detected — eyes:(212,212) nose:(257,240) [543ms]
2026-04-04 22:13:04,521 [INFO] face_processor — Level 1 (Haar) detected — eyes:(163,238) nose:(216,280) [600ms]
2026-04-04 22:13:05,086 [INFO] face_processor — Level 1 (Haar) detected — eyes:(200,199) nose:(249,235) [538ms]
2026-04-04 22:13:05,694 [INFO] face_processor — Level 1 (Haar) detected — eyes:(184,178) nose:(217,202) [589ms]
2026-04-04 22:13:06,368 [INFO] face_processor — Level 1 (Haar) detected — eyes:(180,240) nose:(225,284) [598ms]
2026-04-04 22:13:06,950 [INFO] face_processor — Level 1 (Haar) detected — eyes:(177,151) nose:(215,181) [518ms]
2026-04-04 22:13:07,487 [INFO] face_processor — Level 1 (Haar) detected — eyes:(197,190) nose:(244,224) [507ms]
2026-04-04 22:13:08,021 [INFO] face_processor — Level 1 (Haar) detected — eyes:(116,139) nose:(142,160) [481ms]
2026-04-04 22:13:08,586 [INFO] face_processor — Level 1 (Haar) detected — eyes:(208,229) nose:(253,269) [539ms]
2026-04-04 22:13:09,176 [INFO] face_processor — Level 1 (Haar) detected — eyes:(209,242) nose:(260,288) [563ms]
2026-04-04 22:13:09,734 [INFO] face_processor — Level 1 (Haar) detected — eyes:(207,237) nose:(252,278) [504ms]
2026-04-04 22:13:10,388 [INFO] face_processor — Level 1 (Haar) detected — eyes:(230,240) nose:(281,270) [618ms]
2026-04-04 22:13:10,986 [INFO] face_processor — Level 1 (Haar) detected — eyes:(165,136) nose:(208,180) [549ms]
2026-04-04 22:13:11,648 [INFO] face_processor — Level 1 (Haar) detected — eyes:(229,268) nose:(268,305) [619ms]
2026-04-04 22:13:12,264 [INFO] face_processor — Level 1 (Haar) detected — eyes:(157,168) nose:(193,201) [580ms]
2026-04-04 22:13:12,901 [INFO] face_processor — Level 1 (Haar) detected — eyes:(174,240) nose:(232,286) [611ms]
2026-04-04 22:13:13,513 [INFO] face_processor — Level 1 (Haar) detected — eyes:(123,127) nose:(155,152) [585ms]
2026-04-04 22:13:14,146 [INFO] face_processor — Level 1 (Haar) detected — eyes:(300,266) nose:(333,292) [596ms]
2026-04-04 22:13:14,761 [INFO] face_processor — Level 1 (Haar) detected — eyes:(141,184) nose:(184,221) [586ms]
2026-04-04 22:13:15,372 [INFO] face_processor — Level 1 (Haar) detected — eyes:(216,192) nose:(265,226) [585ms]
2026-04-04 22:13:15,981 [INFO] face_processor — Level 1 (Haar) detected — eyes:(172,205) nose:(221,242) [585ms]
2026-04-04 22:13:16,625 [INFO] face_processor — Level 1 (Haar) detected — eyes:(0,0) nose:(248,442) [614ms]
2026-04-04 22:13:17,266 [INFO] face_processor — Level 1 (Haar) detected — eyes:(181,282) nose:(242,337) [595ms]
2026-04-04 22:13:17,877 [INFO] face_processor — Level 1 (Haar) detected — eyes:(185,190) nose:(233,229) [581ms]
2026-04-04 22:13:18,526 [INFO] face_processor — Level 1 (Haar) detected — eyes:(168,253) nose:(224,296) [609ms]
2026-04-04 22:13:19,149 [INFO] face_processor — Level 1 (Haar) detected — eyes:(192,226) nose:(247,268) [594ms]
2026-04-04 22:13:19,832 [INFO] face_processor — Level 1 (Haar) detected — eyes:(174,220) nose:(229,261) [654ms]
2026-04-04 22:13:20,455 [INFO] face_processor — Level 1 (Haar) detected — eyes:(137,232) nose:(200,274) [582ms]
2026-04-04 22:13:21,057 [INFO] face_processor — Level 1 (Haar) detected — eyes:(103,152) nose:(141,181) [558ms]
2026-04-04 22:13:21,643 [INFO] face_processor — Level 1 (Haar) detected — eyes:(189,248) nose:(238,302) [551ms]
2026-04-04 22:13:22,195 [INFO] face_processor — Level 1 (Haar) detected — eyes:(208,249) nose:(251,276) [521ms]
2026-04-04 22:13:22,804 [INFO] face_processor — Level 1 (Haar) detected — eyes:(200,205) nose:(252,242) [569ms]
2026-04-04 22:13:23,368 [INFO] face_processor — Level 1 (Haar) detected — eyes:(213,189) nose:(245,220) [524ms]
2026-04-04 22:13:24,063 [INFO] face_processor — Level 1 (Haar) detected — eyes:(164,188) nose:(208,227) [628ms]
2026-04-04 22:13:24,673 [INFO] face_processor — Level 1 (Haar) detected — eyes:(170,168) nose:(210,197) [582ms]
2026-04-04 22:13:25,264 [INFO] face_processor — Level 1 (Haar) detected — eyes:(243,233) nose:(277,260) [562ms]
2026-04-04 22:13:25,839 [INFO] face_processor — Level 1 (Haar) detected — eyes:(181,174) nose:(229,210) [548ms]
2026-04-04 22:13:26,710 [INFO] face_processor — Level 1 (Haar) detected — eyes:(205,200) nose:(245,234) [793ms]
2026-04-04 22:13:27,486 [INFO] face_processor — Level 1 (Haar) detected — eyes:(213,212) nose:(260,252) [744ms]
2026-04-04 22:13:28,066 [INFO] face_processor — Level 1 (Haar) detected — eyes:(120,169) nose:(172,205) [525ms]
2026-04-04 22:13:28,675 [INFO] face_processor — Level 1 (Haar) detected — eyes:(313,237) nose:(256,284) [559ms]
2026-04-04 22:13:29,256 [INFO] face_processor — Level 1 (Haar) detected — eyes:(129,201) nose:(180,245) [532ms]
2026-04-04 22:13:29,810 [INFO] face_processor — Level 1 (Haar) detected — eyes:(162,202) nose:(212,233) [508ms]
2026-04-04 22:13:30,335 [INFO] face_processor — Level 1 (Haar) detected — eyes:(85,79) nose:(107,95) [462ms]
2026-04-04 22:13:30,978 [INFO] face_processor — Level 1 (Haar) detected — eyes:(168,226) nose:(230,277) [610ms]
2026-04-04 22:13:31,633 [INFO] face_processor — Level 1 (Haar) detected — eyes:(201,196) nose:(247,234) [628ms]
2026-04-04 22:13:32,210 [INFO] face_processor — Level 1 (Haar) detected — eyes:(170,154) nose:(205,181) [514ms]
2026-04-04 22:13:32,952 [INFO] face_processor — Level 1 (Haar) detected — eyes:(201,193) nose:(260,238) [709ms]
2026-04-04 22:13:33,635 [INFO] face_processor — Level 1 (Haar) detected — eyes:(162,158) nose:(195,190) [646ms]
2026-04-04 22:13:34,398 [INFO] face_processor — Level 1 (Haar) detected — eyes:(229,197) nose:(273,232) [688ms]
2026-04-04 22:13:35,046 [INFO] face_processor — Level 1 (Haar) detected — eyes:(210,245) nose:(286,305) [614ms]
2026-04-04 22:13:35,666 [INFO] face_processor — Level 1 (Haar) detected — eyes:(213,244) nose:(262,286) [585ms]
2026-04-04 22:13:36,251 [INFO] face_processor — Level 1 (Haar) detected — eyes:(150,165) nose:(191,206) [526ms]
2026-04-04 22:13:36,844 [INFO] face_processor — Level 1 (Haar) detected — eyes:(334,193) nose:(289,240) [558ms]
2026-04-04 22:13:37,333 [INFO] face_processor — Level 1 (Haar) detected — eyes:(107,127) nose:(136,148) [439ms]
2026-04-04 22:13:37,922 [INFO] face_processor — Level 1 (Haar) detected — eyes:(203,246) nose:(251,288) [532ms]
2026-04-04 22:13:38,510 [INFO] face_processor — Level 1 (Haar) detected — eyes:(242,202) nose:(294,240) [557ms]
2026-04-04 22:13:39,039 [INFO] face_processor — Level 1 (Haar) detected — eyes:(64,72) nose:(80,86) [456ms]
2026-04-04 22:13:39,793 [INFO] face_processor — Level 1 (Haar) detected — eyes:(197,269) nose:(264,326) [673ms]
2026-04-04 22:13:40,448 [INFO] face_processor — Level 1 (Haar) detected — eyes:(204,224) nose:(252,263) [623ms]
2026-04-04 22:13:41,122 [INFO] face_processor — Level 1 (Haar) detected — eyes:(174,245) nose:(289,302) [644ms]
2026-04-04 22:13:41,778 [INFO] face_processor — Level 1 (Haar) detected — eyes:(205,173) nose:(255,206) [624ms]
2026-04-04 22:13:42,272 [INFO] face_processor — Level 1 (Haar) detected — eyes:(114,122) nose:(139,142) [461ms]
2026-04-04 22:13:42,913 [INFO] face_processor — Level 1 (Haar) detected — eyes:(197,228) nose:(250,268) [610ms]
2026-04-04 22:13:43,521 [INFO] face_processor — Level 1 (Haar) detected — eyes:(127,120) nose:(157,147) [584ms]
2026-04-04 22:13:44,141 [INFO] face_processor — Level 1 (Haar) detected — eyes:(178,165) nose:(221,186) [592ms]
2026-04-04 22:13:44,803 [INFO] face_processor — Level 1 (Haar) detected — eyes:(169,194) nose:(211,220) [637ms]
2026-04-04 22:13:45,463 [INFO] face_processor — Level 1 (Haar) detected — eyes:(214,302) nose:(281,356) [622ms]
2026-04-04 22:13:46,131 [INFO] face_processor — Level 1 (Haar) detected — eyes:(180,209) nose:(231,254) [638ms]
2026-04-04 22:13:46,759 [INFO] face_processor — Level 1 (Haar) detected — eyes:(187,217) nose:(228,250) [596ms]
2026-04-04 22:13:47,309 [INFO] face_processor — Level 1 (Haar) detected — eyes:(177,274) nose:(220,313) [516ms]
2026-04-04 22:13:48,044 [INFO] face_processor — Level 1 (Haar) detected — eyes:(251,182) nose:(285,206) [676ms]
2026-04-04 22:13:48,677 [INFO] face_processor — Level 1 (Haar) detected — eyes:(186,238) nose:(225,269) [571ms]
2026-04-04 22:13:49,371 [INFO] face_processor — Level 1 (Haar) detected — eyes:(195,288) nose:(249,329) [666ms]
2026-04-04 22:13:49,909 [INFO] face_processor — Level 1 (Haar) detected — eyes:(79,120) nose:(116,141) [499ms]
2026-04-04 22:13:50,681 [INFO] face_processor — Level 1 (Haar) detected — eyes:(173,236) nose:(241,285) [736ms]
2026-04-04 22:13:51,276 [INFO] face_processor — Level 1 (Haar) detected — eyes:(80,70) nose:(100,84) [554ms]
2026-04-04 22:13:51,953 [INFO] face_processor — Level 1 (Haar) detected — eyes:(205,194) nose:(243,222) [641ms]
2026-04-04 22:13:52,537 [INFO] face_processor — Level 1 (Haar) detected — eyes:(0,0) nose:(247,220) [533ms]
2026-04-04 22:13:53,118 [INFO] face_processor — Level 1 (Haar) detected — eyes:(108,112) nose:(131,132) [549ms]
2026-04-04 22:13:53,715 [INFO] face_processor — Level 1 (Haar) detected — eyes:(161,179) nose:(204,213) [562ms]
2026-04-04 22:13:54,385 [INFO] face_processor — Level 1 (Haar) detected — eyes:(197,192) nose:(241,226) [576ms]
2026-04-04 22:13:54,960 [INFO] face_processor — Level 1 (Haar) detected — eyes:(108,103) nose:(132,123) [519ms]
2026-04-04 22:13:55,613 [INFO] face_processor — Level 1 (Haar) detected — eyes:(181,158) nose:(217,186) [620ms]
2026-04-04 22:13:56,185 [INFO] face_processor — Level 1 (Haar) detected — eyes:(184,194) nose:(234,224) [538ms]
2026-04-04 22:13:56,782 [INFO] face_processor — Level 1 (Haar) detected — eyes:(194,217) nose:(250,265) [567ms]
2026-04-04 22:13:57,425 [INFO] face_processor — Level 1 (Haar) detected — eyes:(125,163) nose:(181,199) [594ms]
2026-04-04 22:13:58,029 [INFO] face_processor — Level 1 (Haar) detected — eyes:(250,289) nose:(292,328) [564ms]
2026-04-04 22:13:58,595 [INFO] face_processor — Level 1 (Haar) detected — eyes:(248,151) nose:(250,189) [534ms]
2026-04-04 22:13:59,378 [INFO] face_processor — Level 1 (Haar) detected — eyes:(180,304) nose:(254,361) [732ms]
2026-04-04 22:13:59,998 [INFO] face_processor — Level 1 (Haar) detected — eyes:(169,273) nose:(229,328) [558ms]
2026-04-04 22:14:00,585 [INFO] face_processor — Level 1 (Haar) detected — eyes:(113,111) nose:(135,129) [521ms]
2026-04-04 22:14:01,244 [INFO] face_processor — Level 1 (Haar) detected — eyes:(156,179) nose:(201,211) [628ms]
2026-04-04 22:14:01,857 [INFO] face_processor — Level 1 (Haar) detected — eyes:(197,202) nose:(244,236) [559ms]
2026-04-04 22:14:02,448 [INFO] face_processor — Level 1 (Haar) detected — eyes:(189,226) nose:(233,260) [547ms]
2026-04-04 22:14:03,063 [INFO] face_processor — Level 1 (Haar) detected — eyes:(162,184) nose:(215,226) [581ms]
2026-04-04 22:14:03,667 [INFO] face_processor — Level 1 (Haar) detected — eyes:(151,151) nose:(182,194) [541ms]
2026-04-04 22:14:04,431 [INFO] face_processor — Level 1 (Haar) detected — eyes:(239,218) nose:(293,260) [710ms]
2026-04-04 22:14:05,224 [INFO] face_processor — Level 1 (Haar) detected — eyes:(206,222) nose:(243,254) [608ms]
2026-04-04 22:14:05,855 [INFO] face_processor — Level 1 (Haar) detected — eyes:(192,206) nose:(237,246) [586ms]
2026-04-04 22:14:06,708 [INFO] face_processor — Level 1 (Haar) detected — eyes:(188,217) nose:(238,262) [611ms]
2026-04-04 22:14:07,370 [INFO] face_processor — Level 1 (Haar) detected — eyes:(178,221) nose:(222,264) [597ms]
2026-04-04 22:14:08,138 [INFO] face_processor — Level 1 (Haar) detected — eyes:(196,184) nose:(240,217) [693ms]
2026-04-04 22:14:10,742 [INFO] face_processor — Level 1 (Haar) detected — eyes:(93,124) nose:(117,149) [475ms]
2026-04-04 22:14:11,390 [INFO] face_processor — Level 1 (Haar) detected — eyes:(213,238) nose:(258,266) [593ms]
2026-04-04 22:14:11,960 [INFO] face_processor — Level 1 (Haar) detected — eyes:(168,180) nose:(215,216) [519ms]
2026-04-04 22:14:12,576 [INFO] face_processor — Level 1 (Haar) detected — eyes:(153,170) nose:(192,195) [547ms]
2026-04-04 22:14:13,105 [INFO] face_processor — Level 1 (Haar) detected — eyes:(159,186) nose:(203,220) [490ms]
2026-04-04 22:14:13,774 [INFO] face_processor — Level 1 (Haar) detected — eyes:(162,317) nose:(244,377) [632ms]
2026-04-04 22:14:14,394 [INFO] face_processor — Level 1 (Haar) detected — eyes:(222,141) nose:(257,164) [552ms]
2026-04-04 22:14:15,031 [INFO] face_processor — Level 1 (Haar) detected — eyes:(201,226) nose:(247,262) [586ms]
2026-04-04 22:14:15,711 [INFO] face_processor — Level 1 (Haar) detected — eyes:(203,228) nose:(240,254) [592ms]
2026-04-04 22:14:16,457 [INFO] face_processor — Level 1 (Haar) detected — eyes:(204,260) nose:(266,306) [667ms]
2026-04-04 22:14:17,049 [INFO] face_processor — Level 1 (Haar) detected — eyes:(186,213) nose:(226,246) [543ms]
2026-04-04 22:14:17,751 [INFO] face_processor — Level 1 (Haar) detected — eyes:(181,254) nose:(225,285) [641ms]
2026-04-04 22:14:18,355 [INFO] face_processor — Level 1 (Haar) detected — eyes:(167,178) nose:(200,209) [546ms]
2026-04-04 22:14:18,934 [INFO] face_processor — Level 1 (Haar) detected — eyes:(187,204) nose:(237,242) [538ms]
2026-04-04 22:14:19,576 [INFO] face_processor — Level 1 (Haar) detected — eyes:(146,156) nose:(180,185) [576ms]
2026-04-04 22:14:20,223 [INFO] face_processor — Level 1 (Haar) detected — eyes:(201,254) nose:(252,300) [584ms]
2026-04-04 22:14:20,833 [INFO] face_processor — Level 1 (Haar) detected — eyes:(190,220) nose:(245,258) [566ms]
2026-04-04 22:14:21,454 [INFO] face_processor — Level 1 (Haar) detected — eyes:(71,77) nose:(90,95) [576ms]
2026-04-04 22:14:22,032 [INFO] face_processor — Level 1 (Haar) detected — eyes:(137,205) nose:(183,244) [535ms]
2026-04-04 22:14:22,703 [INFO] face_processor — Level 1 (Haar) detected — eyes:(248,193) nose:(293,229) [623ms]
2026-04-04 22:14:23,526 [INFO] face_processor — Level 1 (Haar) detected — eyes:(252,272) nose:(318,326) [769ms]
2026-04-04 22:14:24,116 [INFO] face_processor — Level 1 (Haar) detected — eyes:(197,222) nose:(238,257) [542ms]
2026-04-04 22:14:24,733 [INFO] face_processor — Level 1 (Haar) detected — eyes:(143,139) nose:(175,168) [576ms]
2026-04-04 22:14:25,480 [INFO] face_processor — Level 1 (Haar) detected — eyes:(244,209) nose:(292,252) [690ms]
2026-04-04 22:14:26,068 [INFO] face_processor — Level 1 (Haar) detected — eyes:(201,225) nose:(236,262) [500ms]
2026-04-04 22:14:26,694 [INFO] face_processor — Level 1 (Haar) detected — eyes:(142,110) nose:(212,213) [555ms]
2026-04-04 22:14:27,310 [INFO] face_processor — Level 1 (Haar) detected — eyes:(277,194) nose:(321,229) [558ms]
2026-04-04 22:14:27,877 [INFO] face_processor — Level 1 (Haar) detected — eyes:(140,141) nose:(175,167) [516ms]
2026-04-04 22:14:28,367 [INFO] face_processor — Level 1 (Haar) detected — eyes:(110,120) nose:(137,142) [432ms]
2026-04-04 22:14:29,045 [INFO] face_processor — Level 1 (Haar) detected — eyes:(153,230) nose:(215,280) [602ms]
2026-04-04 22:14:29,778 [INFO] face_processor — Level 1 (Haar) detected — eyes:(260,201) nose:(325,258) [679ms]
2026-04-04 22:14:30,345 [INFO] face_processor — Level 1 (Haar) detected — eyes:(190,196) nose:(227,222) [520ms]
2026-04-04 22:14:31,256 [INFO] face_processor — Level 1 (Haar) detected — eyes:(0,0) nose:(256,245) [809ms]
2026-04-04 22:14:31,917 [INFO] face_processor — Level 1 (Haar) detected — eyes:(148,143) nose:(184,169) [616ms]
2026-04-04 22:14:32,543 [INFO] face_processor — Level 1 (Haar) detected — eyes:(184,216) nose:(229,249) [558ms]
2026-04-04 22:14:33,206 [INFO] face_processor — Level 1 (Haar) detected — eyes:(213,206) nose:(257,248) [607ms]
2026-04-04 22:14:33,850 [INFO] face_processor — Level 1 (Haar) detected — eyes:(236,240) nose:(297,281) [593ms]
2026-04-04 22:14:34,399 [INFO] face_processor — Level 1 (Haar) detected — eyes:(134,116) nose:(175,142) [505ms]
2026-04-04 22:14:34,966 [INFO] face_processor — Level 1 (Haar) detected — eyes:(199,192) nose:(239,225) [508ms]
2026-04-04 22:14:35,556 [INFO] face_processor — Level 1 (Haar) detected — eyes:(193,228) nose:(238,266) [542ms]
2026-04-04 22:14:36,078 [INFO] face_processor — Level 1 (Haar) detected — eyes:(157,249) nose:(136,269) [473ms]
2026-04-04 22:14:36,769 [INFO] face_processor — Level 1 (Haar) detected — eyes:(178,218) nose:(234,268) [616ms]
2026-04-04 22:14:37,481 [INFO] face_processor — Level 1 (Haar) detected — eyes:(202,209) nose:(264,241) [655ms]
2026-04-04 22:14:38,094 [INFO] face_processor — Level 1 (Haar) detected — eyes:(150,163) nose:(204,207) [555ms]
2026-04-04 22:14:38,665 [INFO] face_processor — Level 1 (Haar) detected — eyes:(192,245) nose:(242,289) [522ms]
2026-04-04 22:14:39,313 [INFO] face_processor — Level 1 (Haar) detected — eyes:(196,273) nose:(249,317) [600ms]
2026-04-04 22:14:39,983 [INFO] face_processor — Level 1 (Haar) detected — eyes:(192,238) nose:(240,282) [625ms]
2026-04-04 22:14:40,710 [INFO] face_processor — Level 1 (Haar) detected — eyes:(0,0) nose:(304,226) [659ms]
2026-04-04 22:14:41,321 [INFO] face_processor — Level 1 (Haar) detected — eyes:(189,175) nose:(229,206) [524ms]
2026-04-04 22:14:41,995 [INFO] face_processor — Level 1 (Haar) detected — eyes:(157,188) nose:(208,224) [544ms]
2026-04-04 22:14:42,623 [INFO] face_processor — Level 1 (Haar) detected — eyes:(109,119) nose:(136,146) [569ms]
2026-04-04 22:14:43,300 [INFO] face_processor — Level 1 (Haar) detected — eyes:(208,194) nose:(280,233) [622ms]
2026-04-04 22:14:43,920 [INFO] face_processor — Level 1 (Haar) detected — eyes:(194,232) nose:(246,270) [529ms]
2026-04-04 22:14:44,509 [INFO] face_processor — Level 1 (Haar) detected — eyes:(137,217) nose:(249,272) [512ms]
2026-04-04 22:14:45,135 [INFO] face_processor — Level 1 (Haar) detected — eyes:(195,219) nose:(259,259) [577ms]
2026-04-04 22:14:45,692 [INFO] face_processor — Level 1 (Haar) detected — eyes:(176,224) nose:(223,264) [514ms]
2026-04-04 22:14:46,216 [INFO] face_processor — Level 1 (Haar) detected — eyes:(0,0) nose:(236,147) [474ms]
2026-04-04 22:14:46,861 [INFO] face_processor — Level 1 (Haar) detected — eyes:(118,177) nose:(212,269) [590ms]
2026-04-04 22:14:47,463 [INFO] face_processor — Level 1 (Haar) detected — eyes:(100,237) nose:(149,282) [524ms]
2026-04-04 22:14:48,072 [INFO] face_processor — Level 1 (Haar) detected — eyes:(112,132) nose:(136,157) [560ms]
2026-04-04 22:14:48,694 [INFO] face_processor — Level 1 (Haar) detected — eyes:(190,169) nose:(196,205) [558ms]
2026-04-04 22:14:49,318 [INFO] face_processor — Level 1 (Haar) detected — eyes:(202,234) nose:(245,273) [547ms]
2026-04-04 22:14:49,870 [INFO] face_processor — Level 1 (Haar) detected — eyes:(109,201) nose:(144,233) [496ms]
2026-04-04 22:14:50,510 [INFO] face_processor — Level 1 (Haar) detected — eyes:(156,188) nose:(198,225) [572ms]
2026-04-04 22:14:51,402 [INFO] face_processor — Level 1 (Haar) detected — eyes:(186,225) nose:(249,273) [796ms]
2026-04-04 22:14:52,295 [INFO] face_processor — Level 1 (Haar) detected — eyes:(115,109) nose:(141,131) [702ms]
2026-04-04 22:14:53,628 [INFO] face_processor — Level 1 (Haar) detected — eyes:(158,160) nose:(205,194) [1252ms]
2026-04-04 22:14:54,476 [INFO] face_processor — Level 1 (Haar) detected — eyes:(143,127) nose:(172,153) [686ms]
2026-04-04 22:14:55,586 [INFO] face_processor — Level 1 (Haar) detected — eyes:(201,220) nose:(259,256) [1006ms]
2026-04-04 22:14:56,385 [INFO] face_processor — Level 1 (Haar) detected — eyes:(153,281) nose:(205,330) [674ms]
2026-04-04 22:14:57,234 [INFO] face_processor — Level 1 (Haar) detected — eyes:(193,208) nose:(241,246) [783ms]
2026-04-04 22:14:58,022 [INFO] face_processor — Level 1 (Haar) detected — eyes:(201,222) nose:(252,254) [718ms]
2026-04-04 22:14:58,931 [INFO] face_processor — Level 1 (Haar) detected — eyes:(262,220) nose:(321,261) [822ms]
2026-04-04 22:14:59,651 [INFO] face_processor — Level 1 (Haar) detected — eyes:(167,157) nose:(216,187) [650ms]
2026-04-04 22:15:00,356 [INFO] face_processor — Level 1 (Haar) detected — eyes:(166,181) nose:(205,219) [651ms]
2026-04-04 22:15:01,195 [INFO] face_processor — Level 1 (Haar) detected — eyes:(208,237) nose:(255,271) [721ms]
2026-04-04 22:15:01,736 [INFO] face_processor — Level 1 (Haar) detected — eyes:(225,254) nose:(249,293) [489ms]
2026-04-04 22:15:02,310 [INFO] face_processor — Level 1 (Haar) detected — eyes:(118,135) nose:(147,156) [528ms]
2026-04-04 22:15:02,969 [INFO] face_processor — Level 1 (Haar) detected — eyes:(180,217) nose:(216,252) [587ms]
2026-04-04 22:15:03,645 [INFO] face_processor — Level 1 (Haar) detected — eyes:(221,190) nose:(266,228) [621ms]
2026-04-04 22:15:04,458 [INFO] face_processor — Level 1 (Haar) detected — eyes:(153,249) nose:(188,276) [645ms]
2026-04-04 22:15:13,932 [INFO] face_processor — Level 3 (DNN-opencv) detected [1051ms]
2026-04-04 22:15:13,989 [INFO] main — identify-registered | best='25114529_Photo.jpg' cos=0.4242 pct=64.8% matched=False | 1109ms
2026-04-04 22:15:22,183 [INFO] face_processor — All detection levels failed — face required, rejecting
2026-04-04 22:15:29,463 [INFO] face_processor — All detection levels failed — face required, rejecting
2026-04-04 22:15:35,999 [INFO] face_processor — Level 3 (DNN-opencv) detected [782ms]
2026-04-04 22:15:36,053 [INFO] main — identify-registered | best='25106202_Photo.jpg' cos=0.4592 pct=66.1% matched=False | 836ms
2026-04-04 22:15:41,843 [INFO] face_processor — Level 3 (DNN-opencv) detected [1059ms]
2026-04-04 22:15:41,919 [INFO] main — identify-registered | best='25112722_Photo.jpg' cos=0.4339 pct=65.2% matched=False | 1136ms
2026-04-04 22:16:00,082 [INFO] face_processor — Level 1 (Haar) detected — eyes:(170,272) nose:(240,321) [1794ms]
2026-04-04 22:16:07,093 [INFO] face_processor — Level 3 (DNN-opencv) detected [989ms]
2026-04-04 22:16:07,149 [INFO] main — identify-registered | best='profile.jpeg' cos=0.6629 pct=73.2% matched=True | 1047ms
2026-04-04 22:16:21,393 [INFO] face_processor — Level 3 (DNN-opencv) detected [780ms]
2026-04-04 22:16:21,446 [INFO] main — identify-registered | best='profile.jpeg' cos=0.6629 pct=73.2% matched=True | 834ms
2026-04-04 22:16:25,444 [INFO] face_processor — Level 3 (DNN-opencv) detected [1006ms]
2026-04-04 22:16:25,503 [INFO] main — identify-registered | best='profile.jpeg' cos=0.5499 pct=69.2% matched=False | 1063ms
2026-04-04 22:16:30,226 [INFO] face_processor — Level 3 (DNN-opencv) detected [706ms]
2026-04-04 22:16:30,287 [INFO] main — identify-registered | best='25108072_Photo.jpg' cos=0.4979 pct=67.4% matched=False | 769ms
2026-04-04 22:16:35,898 [INFO] face_processor — Level 3 (DNN-opencv) detected [749ms]
2026-04-04 22:16:35,935 [INFO] main — identify-registered | best='profile.jpeg' cos=0.5125 pct=67.9% matched=False | 786ms
2026-04-04 22:16:40,646 [INFO] face_processor — Level 3 (DNN-opencv) detected [880ms]
2026-04-04 22:16:40,714 [INFO] main — identify-registered | best='profile.jpeg' cos=0.6423 pct=72.5% matched=True | 949ms
2026-04-04 22:17:37,342 [INFO] face_processor — Level 3 (DNN-opencv) detected [1853ms]
2026-04-04 22:17:37,510 [INFO] main — identify-registered | best='25103574_Photo.jpg' cos=0.9655 pct=83.8% matched=True | 2023ms
2026-04-04 22:17:44,820 [INFO] face_processor — Level 3 (DNN-opencv) detected [1987ms]
2026-04-04 22:17:44,993 [INFO] main — identify-registered | best='25107248_Photo.jpg' cos=0.8109 pct=78.4% matched=True | 2161ms
2026-04-04 22:17:54,593 [INFO] face_processor — Level 3 (DNN-opencv) detected [1897ms]
2026-04-04 22:17:54,817 [INFO] main — identify-registered | best='25108210_Photo.jpg' cos=0.4853 pct=67.0% matched=False | 2123ms
2026-04-04 22:18:01,922 [INFO] face_processor — All detection levels failed — face required, rejecting
2026-04-04 22:18:14,542 [INFO] face_processor — Level 3 (DNN-opencv) detected [1881ms]
2026-04-04 22:18:14,744 [INFO] main — identify-registered | best='25103574_Photo.jpg' cos=0.5692 pct=69.9% matched=False | 2084ms
2026-04-04 22:18:21,676 [INFO] face_processor — Level 3 (DNN-opencv) detected [2375ms]
2026-04-04 22:18:21,844 [INFO] main — identify-registered | best='profile.jpeg' cos=0.6354 pct=72.2% matched=False | 2545ms
2026-04-04 22:18:29,110 [INFO] face_processor — Level 3 (DNN-opencv) detected [2100ms]
2026-04-04 22:18:29,386 [INFO] main — identify-registered | best='25108067_Photo.jpg' cos=0.3794 pct=63.3% matched=False | 2375ms
2026-04-04 22:18:34,187 [INFO] face_processor — Level 3 (DNN-opencv) detected [1831ms]
2026-04-04 22:18:34,378 [INFO] main — identify-registered | best='profile.jpeg' cos=0.6512 pct=72.8% matched=True | 2023ms
2026-04-04 22:18:47,654 [INFO] face_processor — Level 3 (DNN-opencv) detected [1923ms]
2026-04-04 22:18:47,844 [INFO] main — identify-registered | best='25103574_Photo.jpg' cos=0.5668 pct=69.8% matched=False | 2113ms
2026-04-04 22:19:03,744 [INFO] face_processor — Level 3 (DNN-opencv) detected [2164ms]
2026-04-04 22:19:03,965 [INFO] main — identify-registered | best='25108072_Photo.jpg' cos=0.8529 pct=79.9% matched=True | 2385ms
2026-04-04 22:19:12,485 [INFO] face_processor — Level 3 (DNN-opencv) detected [2067ms]
2026-04-04 22:19:12,694 [INFO] main — identify-registered | best='profile.jpeg' cos=0.5740 pct=70.1% matched=False | 2278ms
2026-04-04 22:19:20,340 [INFO] face_processor — Level 3 (DNN-opencv) detected [1854ms]
2026-04-04 22:19:20,516 [INFO] main — identify-registered | best='profile.jpeg' cos=0.6465 pct=72.6% matched=True | 2032ms
2026-04-04 22:25:35,900 [INFO] database — DB 'face_capture_db' ready.
2026-04-04 22:25:36,626 [INFO] database — Original 4 tables synced in 'face_capture_db'.
2026-04-04 22:25:36,684 [INFO] database — New 4 tables verified/created in 'face_capture_db'.
2026-04-04 22:25:36,686 [INFO] face_processor — Pre-loading DeepFace model weights…
2026-04-04 22:25:36,686 [INFO] main — Model preload started in background — server is online immediately.
2026-04-04 22:26:14,244 [WARNING] tensorflow — From C:\Siva successful projects\Face capture\PyBackend\venv310\lib\site-packages\tf_keras\src\losses.py:2976: The name tf.losses.sparse_softmax_cross_entropy is deprecated. Please use tf.compat.v1.losses.sparse_softmax_cross_entropy instead.

2026-04-04 22:26:17,979 [INFO] face_processor — DeepFace loaded (model=ArcFace)
2026-04-04 22:26:31,833 [INFO] face_processor — DeepFace pre-load OK.
2026-04-04 22:26:31,835 [INFO] main — ✅ Model ready — all uploads will now be < 200 ms.
2026-04-04 22:26:54,001 [INFO] face_processor — Level 1 (Haar) detected — eyes:(218,260) nose:(294,314) [3779ms]
2026-04-04 22:26:56,098 [INFO] face_processor — Level 1 (Haar) detected — eyes:(159,193) nose:(200,224) [1610ms]
2026-04-04 22:26:57,632 [INFO] face_processor — Level 1 (Haar) detected — eyes:(56,47) nose:(94,95) [1425ms]
2026-04-04 22:26:59,560 [INFO] face_processor — Level 1 (Haar) detected — eyes:(212,212) nose:(252,240) [1834ms]
2026-04-04 22:27:01,596 [INFO] face_processor — Level 1 (Haar) detected — eyes:(208,177) nose:(250,216) [1932ms]
2026-04-04 22:27:03,903 [INFO] face_processor — Level 1 (Haar) detected — eyes:(198,233) nose:(246,274) [2082ms]
2026-04-04 22:27:12,525 [INFO] face_processor — Level 3 (DNN-opencv) strictly verified & detected [2411ms]
2026-04-04 22:27:12,660 [INFO] main — identify-registered | best='profile.jpeg' cos=0.6620 pct=73.2% matched=True | 2548ms
2026-04-04 22:27:21,539 [INFO] face_processor — All detection levels failed — face required, rejecting
2026-04-04 22:27:30,059 [INFO] face_processor — All detection levels failed — face required, rejecting
2026-04-04 22:27:39,715 [INFO] face_processor — All detection levels failed — face required, rejecting
2026-04-04 22:27:47,076 [INFO] face_processor — All detection levels failed — face required, rejecting
2026-04-04 22:27:59,546 [INFO] face_processor — Level 3 (DNN-opencv) strictly verified & detected [2503ms]
2026-04-04 22:27:59,675 [INFO] main — identify-registered | best='profile.jpeg' cos=0.6112 pct=71.4% matched=False | 2632ms
2026-04-04 22:28:04,085 [INFO] face_processor — All detection levels failed — face required, rejecting
2026-04-04 22:28:13,573 [INFO] face_processor — Level 3 (DNN-opencv) strictly verified & detected [1970ms]
2026-04-04 22:28:13,822 [INFO] main — identify-registered | best='25108067_Photo.jpg' cos=0.4993 pct=67.5% matched=False | 2218ms
2026-04-04 22:28:19,739 [INFO] face_processor — Level 3 (DNN-opencv) strictly verified & detected [1758ms]
2026-04-04 22:28:19,927 [INFO] main — identify-registered | best='25108067_Photo.jpg' cos=0.4766 pct=66.7% matched=False | 1947ms
2026-04-04 22:28:26,051 [INFO] face_processor — Level 3 (DNN-opencv) strictly verified & detected [2447ms]
2026-04-04 22:28:26,207 [INFO] main — identify-registered | best='25101256_Photo.jpg' cos=0.4784 pct=66.7% matched=False | 2602ms
2026-04-04 22:28:30,345 [INFO] face_processor — All detection levels failed — face required, rejecting
2026-04-04 22:28:41,125 [INFO] face_processor — Level 3 (DNN-opencv) strictly verified & detected [2044ms]
2026-04-04 22:28:41,293 [INFO] main — identify-registered | best='25108067_Photo.jpg' cos=0.5160 pct=68.1% matched=False | 2214ms
2026-04-04 22:28:48,240 [INFO] face_processor — Level 3 (DNN-opencv) strictly verified & detected [1936ms]
2026-04-04 22:28:48,381 [INFO] main — identify-registered | best='pass photo.jpeg' cos=0.4855 pct=67.0% matched=False | 2078ms
2026-04-04 22:29:03,020 [INFO] face_processor — All detection levels failed — face required, rejecting
2026-04-04 22:29:10,403 [INFO] face_processor — Level 4 (denoise/gamma opencv) strictly verified & detected [2354ms]
2026-04-04 22:29:10,539 [INFO] main — identify-registered | best='25103479_Photo.jpg' cos=0.5201 pct=68.2% matched=False | 2491ms
2026-04-04 22:29:17,091 [INFO] face_processor — All detection levels failed — face required, rejecting
2026-04-04 22:29:35,843 [INFO] face_processor — Level 3 (DNN-opencv) strictly verified & detected [1864ms]
2026-04-04 22:29:35,949 [INFO] main — identify-registered | best='profile.jpeg' cos=0.6560 pct=73.0% matched=True | 1972ms
2026-04-04 22:30:23,364 [INFO] face_processor — Level 3 (DNN-opencv) strictly verified & detected [1981ms]
2026-04-04 22:30:23,482 [INFO] main — identify-registered | best='profile.jpeg' cos=0.6276 pct=72.0% matched=False | 2100ms
2026-04-06 10:34:48,571 [INFO] database — DB 'face_capture_db' ready.
2026-04-06 10:34:48,819 [INFO] database — Original 4 tables synced in 'face_capture_db'.
2026-04-06 10:34:48,870 [INFO] database — New 4 tables verified/created in 'face_capture_db'.
2026-04-06 10:34:48,870 [INFO] face_processor — Pre-loading DeepFace model weights…
2026-04-06 10:34:48,870 [INFO] main — Model preload started in background — server is online immediately.
2026-04-06 10:37:23,574 [INFO] database — DB 'face_capture_db' ready.
2026-04-06 10:37:23,886 [INFO] database — Original 4 tables synced in 'face_capture_db'.
2026-04-06 10:37:24,044 [INFO] database — New 4 tables verified/created in 'face_capture_db'.
2026-04-06 10:37:24,044 [INFO] face_processor — Pre-loading DeepFace model weights…
2026-04-06 10:37:24,045 [INFO] main — Model preload started in background — server is online immediately.
2026-04-06 10:37:48,135 [WARNING] tensorflow — From C:\Siva successful projects\Face capture\PyBackend\venv310\lib\site-packages\tf_keras\src\losses.py:2976: The name tf.losses.sparse_softmax_cross_entropy is deprecated. Please use tf.compat.v1.losses.sparse_softmax_cross_entropy instead.

2026-04-06 10:37:52,178 [INFO] face_processor — DeepFace loaded (model=ArcFace)
2026-04-06 10:37:59,252 [INFO] face_processor — DeepFace pre-load OK.
2026-04-06 10:37:59,254 [INFO] main — ✅ Model ready — all uploads will now be < 200 ms.
2026-04-06 10:38:36,541 [INFO] face_processor — Level 1 (Haar) detected — eyes:(218,260) nose:(294,314) [1856ms]
2026-04-06 10:38:37,482 [INFO] face_processor — Level 1 (Haar) detected — eyes:(159,193) nose:(200,224) [638ms]
2026-04-06 10:38:37,984 [INFO] face_processor — Level 1 (Haar) detected — eyes:(56,47) nose:(94,95) [471ms]
2026-04-06 10:38:38,724 [INFO] face_processor — Level 1 (Haar) detected — eyes:(212,212) nose:(252,240) [708ms]
2026-04-06 10:38:39,546 [INFO] face_processor — Level 1 (Haar) detected — eyes:(208,177) nose:(250,216) [691ms]
2026-04-06 10:38:40,321 [INFO] face_processor — Level 1 (Haar) detected — eyes:(198,233) nose:(246,274) [743ms]
2026-04-06 10:38:40,883 [INFO] face_processor — Level 1 (Haar) detected — eyes:(216,214) nose:(255,251) [526ms]
2026-04-06 10:38:41,563 [INFO] face_processor — Level 1 (Haar) detected — eyes:(212,245) nose:(281,297) [637ms]
2026-04-06 10:38:42,170 [INFO] face_processor — Level 1 (Haar) detected — eyes:(142,174) nose:(183,201) [567ms]
2026-04-06 10:38:42,839 [INFO] face_processor — Level 1 (Haar) detected — eyes:(210,230) nose:(250,266) [632ms]
2026-04-06 10:38:43,376 [INFO] face_processor — Level 1 (Haar) detected — eyes:(224,245) nose:(285,280) [506ms]
2026-04-06 10:38:44,006 [INFO] face_processor — Level 1 (Haar) detected — eyes:(209,249) nose:(272,300) [602ms]
2026-04-06 10:38:44,626 [INFO] face_processor — Level 1 (Haar) detected — eyes:(194,264) nose:(257,310) [591ms]
2026-04-06 10:38:45,308 [INFO] face_processor — Level 1 (Haar) detected — eyes:(265,269) nose:(322,298) [649ms]
2026-04-06 10:38:46,074 [INFO] face_processor — Level 1 (Haar) detected — eyes:(182,194) nose:(230,233) [725ms]
2026-04-06 10:38:46,733 [INFO] face_processor — Level 1 (Haar) detected — eyes:(198,153) nose:(226,180) [603ms]
2026-04-06 10:38:47,267 [INFO] face_processor — Level 1 (Haar) detected — eyes:(112,98) nose:(178,182) [492ms]
2026-04-06 10:38:47,751 [INFO] face_processor — Level 1 (Haar) detected — eyes:(118,115) nose:(141,129) [439ms]
2026-04-06 10:38:48,341 [INFO] face_processor — Level 1 (Haar) detected — eyes:(212,212) nose:(257,240) [550ms]
2026-04-06 10:38:48,979 [INFO] face_processor — Level 1 (Haar) detected — eyes:(163,238) nose:(216,280) [601ms]
2026-04-06 10:38:49,618 [INFO] face_processor — Level 1 (Haar) detected — eyes:(200,199) nose:(249,235) [613ms]
2026-04-06 10:38:50,523 [INFO] face_processor — Level 1 (Haar) detected — eyes:(184,178) nose:(217,202) [765ms]
2026-04-06 10:38:51,234 [INFO] face_processor — Level 1 (Haar) detected — eyes:(180,240) nose:(225,284) [672ms]
2026-04-06 10:38:51,968 [INFO] face_processor — Level 1 (Haar) detected — eyes:(177,151) nose:(215,181) [686ms]
2026-04-06 10:38:52,608 [INFO] face_processor — Level 1 (Haar) detected — eyes:(197,190) nose:(244,224) [598ms]
2026-04-06 10:38:53,367 [INFO] face_processor — Level 1 (Haar) detected — eyes:(116,139) nose:(142,160) [722ms]
2026-04-06 10:38:54,154 [INFO] face_processor — Level 1 (Haar) detected — eyes:(208,229) nose:(253,269) [754ms]
2026-04-06 10:38:55,013 [INFO] face_processor — Level 1 (Haar) detected — eyes:(209,242) nose:(260,288) [830ms]
2026-04-06 10:38:55,730 [INFO] face_processor — Level 1 (Haar) detected — eyes:(207,237) nose:(252,278) [693ms]
2026-04-06 10:38:56,561 [INFO] face_processor — Level 1 (Haar) detected — eyes:(230,240) nose:(281,270) [807ms]
2026-04-06 10:38:57,185 [INFO] face_processor — Level 1 (Haar) detected — eyes:(165,136) nose:(208,180) [586ms]
2026-04-06 10:38:57,873 [INFO] face_processor — Level 1 (Haar) detected — eyes:(229,268) nose:(268,305) [650ms]
2026-04-06 10:38:58,509 [INFO] face_processor — Level 1 (Haar) detected — eyes:(157,168) nose:(193,201) [581ms]
2026-04-06 10:38:59,169 [INFO] face_processor — Level 1 (Haar) detected — eyes:(174,240) nose:(232,286) [623ms]
2026-04-06 10:38:59,708 [INFO] face_processor — Level 1 (Haar) detected — eyes:(123,127) nose:(155,152) [506ms]
2026-04-06 10:39:00,423 [INFO] face_processor — Level 1 (Haar) detected — eyes:(300,266) nose:(333,292) [684ms]
2026-04-06 10:39:00,952 [INFO] face_processor — Level 1 (Haar) detected — eyes:(141,184) nose:(184,221) [483ms]
2026-04-06 10:39:01,550 [INFO] face_processor — Level 1 (Haar) detected — eyes:(216,192) nose:(265,226) [556ms]
2026-04-06 10:39:02,087 [INFO] face_processor — Level 1 (Haar) detected — eyes:(172,205) nose:(221,242) [491ms]
2026-04-06 10:39:02,721 [INFO] face_processor — Level 1 (Haar) detected — eyes:(0,0) nose:(248,442) [599ms]
2026-04-06 10:39:03,356 [INFO] face_processor — Level 1 (Haar) detected — eyes:(181,282) nose:(242,337) [581ms]
2026-04-06 10:39:03,988 [INFO] face_processor — Level 1 (Haar) detected — eyes:(185,190) nose:(233,229) [574ms]
2026-04-06 10:39:04,758 [INFO] face_processor — Level 1 (Haar) detected — eyes:(168,253) nose:(224,296) [714ms]
2026-04-06 10:39:05,480 [INFO] face_processor — Level 1 (Haar) detected — eyes:(192,226) nose:(247,268) [633ms]
2026-04-06 10:39:06,262 [INFO] face_processor — Level 1 (Haar) detected — eyes:(174,220) nose:(229,261) [742ms]
2026-04-06 10:39:06,982 [INFO] face_processor — Level 1 (Haar) detected — eyes:(137,232) nose:(200,274) [666ms]
2026-04-06 10:39:07,576 [INFO] face_processor — Level 1 (Haar) detected — eyes:(103,152) nose:(141,181) [548ms]
2026-04-06 10:39:08,229 [INFO] face_processor — Level 1 (Haar) detected — eyes:(189,248) nose:(238,302) [577ms]
2026-04-06 10:39:08,867 [INFO] face_processor — Level 1 (Haar) detected — eyes:(208,249) nose:(251,276) [584ms]
2026-04-06 10:39:09,613 [INFO] face_processor — Level 1 (Haar) detected — eyes:(200,205) nose:(252,242) [701ms]
2026-04-06 10:39:10,190 [INFO] face_processor — Level 1 (Haar) detected — eyes:(213,189) nose:(245,220) [542ms]
2026-04-06 10:39:10,814 [INFO] face_processor — Level 1 (Haar) detected — eyes:(164,188) nose:(208,227) [570ms]
2026-04-06 10:39:11,466 [INFO] face_processor — Level 1 (Haar) detected — eyes:(170,168) nose:(210,197) [600ms]
2026-04-06 10:39:12,167 [INFO] face_processor — Level 1 (Haar) detected — eyes:(243,233) nose:(277,260) [655ms]
2026-04-06 10:39:12,845 [INFO] face_processor — Level 1 (Haar) detected — eyes:(181,174) nose:(229,210) [632ms]
2026-04-06 10:39:13,486 [INFO] face_processor — Level 1 (Haar) detected — eyes:(205,200) nose:(245,234) [603ms]
2026-04-06 10:39:14,257 [INFO] face_processor — Level 1 (Haar) detected — eyes:(213,212) nose:(260,252) [693ms]
2026-04-06 10:39:14,910 [INFO] face_processor — Level 1 (Haar) detected — eyes:(120,169) nose:(172,205) [577ms]
2026-04-06 10:39:15,544 [INFO] face_processor — Level 1 (Haar) detected — eyes:(313,237) nose:(256,284) [600ms]
2026-04-06 10:39:16,124 [INFO] face_processor — Level 1 (Haar) detected — eyes:(129,201) nose:(180,245) [545ms]
2026-04-06 10:39:16,753 [INFO] face_processor — Level 1 (Haar) detected — eyes:(162,202) nose:(212,233) [562ms]
2026-04-06 10:39:17,278 [INFO] face_processor — Level 1 (Haar) detected — eyes:(85,79) nose:(107,95) [476ms]
2026-04-06 10:39:18,046 [INFO] face_processor — Level 1 (Haar) detected — eyes:(168,226) nose:(230,277) [703ms]
2026-04-06 10:39:18,803 [INFO] face_processor — Level 1 (Haar) detected — eyes:(201,196) nose:(247,234) [702ms]
2026-04-06 10:39:19,491 [INFO] face_processor — Level 1 (Haar) detected — eyes:(170,154) nose:(205,181) [620ms]
2026-04-06 10:39:20,329 [INFO] face_processor — Level 1 (Haar) detected — eyes:(201,193) nose:(260,238) [790ms]
2026-04-06 10:39:21,149 [INFO] face_processor — Level 1 (Haar) detected — eyes:(162,158) nose:(195,190) [792ms]
2026-04-06 10:39:21,899 [INFO] face_processor — Level 1 (Haar) detected — eyes:(229,197) nose:(273,232) [696ms]
2026-04-06 10:39:22,703 [INFO] face_processor — Level 1 (Haar) detected — eyes:(210,245) nose:(286,305) [736ms]
2026-04-06 10:39:23,483 [INFO] face_processor — Level 1 (Haar) detected — eyes:(213,244) nose:(262,286) [726ms]
2026-04-06 10:39:24,236 [INFO] face_processor — Level 1 (Haar) detected — eyes:(150,165) nose:(191,206) [684ms]
2026-04-06 10:39:24,983 [INFO] face_processor — Level 1 (Haar) detected — eyes:(334,193) nose:(289,240) [697ms]
2026-04-06 10:39:25,597 [INFO] face_processor — Level 1 (Haar) detected — eyes:(107,127) nose:(136,148) [556ms]
2026-04-06 10:39:26,332 [INFO] face_processor — Level 1 (Haar) detected — eyes:(203,246) nose:(251,288) [689ms]
2026-04-06 10:39:26,963 [INFO] face_processor — Level 1 (Haar) detected — eyes:(242,202) nose:(294,240) [590ms]
2026-04-06 10:39:27,573 [INFO] face_processor — Level 1 (Haar) detected — eyes:(64,72) nose:(80,86) [568ms]
2026-04-06 10:39:28,347 [INFO] face_processor — Level 1 (Haar) detected — eyes:(197,269) nose:(264,326) [734ms]
2026-04-06 10:39:29,094 [INFO] face_processor — Level 1 (Haar) detected — eyes:(204,224) nose:(252,263) [692ms]
2026-04-06 10:39:29,903 [INFO] face_processor — Level 1 (Haar) detected — eyes:(174,245) nose:(289,302) [747ms]
2026-04-06 10:39:30,593 [INFO] face_processor — Level 1 (Haar) detected — eyes:(205,173) nose:(255,206) [652ms]
2026-04-06 10:39:31,023 [INFO] face_processor — Level 1 (Haar) detected — eyes:(114,122) nose:(139,142) [401ms]
2026-04-06 10:39:31,695 [INFO] face_processor — Level 1 (Haar) detected — eyes:(197,228) nose:(250,268) [614ms]
2026-04-06 10:39:32,229 [INFO] face_processor — Level 1 (Haar) detected — eyes:(127,120) nose:(157,147) [491ms]
2026-04-06 10:39:32,885 [INFO] face_processor — Level 1 (Haar) detected — eyes:(178,165) nose:(221,186) [588ms]
2026-04-06 10:39:33,497 [INFO] face_processor — Level 1 (Haar) detected — eyes:(169,194) nose:(211,220) [543ms]
2026-04-06 10:39:34,195 [INFO] face_processor — Level 1 (Haar) detected — eyes:(214,302) nose:(281,356) [648ms]
2026-04-06 10:39:34,863 [INFO] face_processor — Level 1 (Haar) detected — eyes:(180,209) nose:(231,254) [626ms]
2026-04-06 10:39:35,506 [INFO] face_processor — Level 1 (Haar) detected — eyes:(187,217) nose:(228,250) [597ms]
2026-04-06 10:39:36,336 [INFO] face_processor — Level 1 (Haar) detected — eyes:(177,274) nose:(220,313) [769ms]
2026-04-06 10:39:37,019 [INFO] face_processor — Level 1 (Haar) detected — eyes:(251,182) nose:(285,206) [634ms]
2026-04-06 10:39:37,727 [INFO] face_processor — Level 1 (Haar) detected — eyes:(186,238) nose:(225,269) [617ms]
2026-04-06 10:39:38,585 [INFO] face_processor — Level 1 (Haar) detected — eyes:(195,288) nose:(249,329) [791ms]
2026-04-06 10:39:39,513 [INFO] face_processor — Level 1 (Haar) detected — eyes:(79,120) nose:(116,141) [870ms]
2026-04-06 10:39:40,388 [INFO] face_processor — Level 1 (Haar) detected — eyes:(173,236) nose:(241,285) [785ms]
2026-04-06 10:39:41,117 [INFO] face_processor — Level 1 (Haar) detected — eyes:(80,70) nose:(100,84) [663ms]
2026-04-06 10:39:41,847 [INFO] face_processor — Level 1 (Haar) detected — eyes:(205,194) nose:(243,222) [668ms]
2026-04-06 10:39:42,748 [INFO] face_processor — Level 1 (Haar) detected — eyes:(0,0) nose:(247,220) [797ms]
2026-04-06 10:39:43,491 [INFO] face_processor — Level 1 (Haar) detected — eyes:(108,112) nose:(131,132) [659ms]
2026-04-06 10:39:44,251 [INFO] face_processor — Level 1 (Haar) detected — eyes:(161,179) nose:(204,213) [693ms]
2026-04-06 10:39:45,131 [INFO] face_processor — Level 1 (Haar) detected — eyes:(197,192) nose:(241,226) [791ms]
2026-04-06 10:39:45,848 [INFO] face_processor — Level 1 (Haar) detected — eyes:(108,103) nose:(132,123) [670ms]
2026-04-06 10:39:46,541 [INFO] face_processor — Level 1 (Haar) detected — eyes:(181,158) nose:(217,186) [635ms]
2026-04-06 10:39:47,269 [INFO] face_processor — Level 1 (Haar) detected — eyes:(184,194) nose:(234,224) [651ms]
2026-04-06 10:39:47,918 [INFO] face_processor — Level 1 (Haar) detected — eyes:(194,217) nose:(250,265) [580ms]
2026-04-06 10:39:48,590 [INFO] face_processor — Level 1 (Haar) detected — eyes:(125,163) nose:(181,199) [628ms]
2026-04-06 10:39:49,364 [INFO] face_processor — Level 1 (Haar) detected — eyes:(250,289) nose:(292,328) [697ms]
2026-04-06 10:39:50,082 [INFO] face_processor — Level 1 (Haar) detected — eyes:(248,151) nose:(250,189) [630ms]
2026-04-06 10:39:50,940 [INFO] face_processor — Level 1 (Haar) detected — eyes:(180,304) nose:(254,361) [795ms]
2026-04-06 10:39:51,665 [INFO] face_processor — Level 1 (Haar) detected — eyes:(169,273) nose:(229,328) [664ms]
2026-04-06 10:39:52,243 [INFO] face_processor — Level 1 (Haar) detected — eyes:(113,111) nose:(135,129) [518ms]
2026-04-06 10:39:52,991 [INFO] face_processor — Level 1 (Haar) detected — eyes:(156,179) nose:(201,211) [694ms]
2026-04-06 10:39:53,776 [INFO] face_processor — Level 1 (Haar) detected — eyes:(197,202) nose:(244,236) [716ms]
2026-04-06 10:39:54,536 [INFO] face_processor — Level 1 (Haar) detected — eyes:(189,226) nose:(233,260) [714ms]
2026-04-06 10:39:55,265 [INFO] face_processor — Level 1 (Haar) detected — eyes:(162,184) nose:(215,226) [667ms]
2026-04-06 10:39:55,862 [INFO] face_processor — Level 1 (Haar) detected — eyes:(151,151) nose:(182,194) [509ms]
2026-04-06 10:39:56,593 [INFO] face_processor — Level 1 (Haar) detected — eyes:(239,218) nose:(293,260) [676ms]
2026-04-06 10:39:57,240 [INFO] face_processor — Level 1 (Haar) detected — eyes:(206,222) nose:(243,254) [567ms]
2026-04-06 10:39:57,888 [INFO] face_processor — Level 1 (Haar) detected — eyes:(192,206) nose:(237,246) [590ms]
2026-04-06 10:39:58,558 [INFO] face_processor — Level 1 (Haar) detected — eyes:(188,217) nose:(238,262) [624ms]
2026-04-06 10:39:59,195 [INFO] face_processor — Level 1 (Haar) detected — eyes:(178,221) nose:(222,264) [587ms]
2026-04-06 10:39:59,799 [INFO] face_processor — Level 1 (Haar) detected — eyes:(196,184) nose:(240,217) [552ms]
2026-04-06 10:40:00,451 [INFO] face_processor — Level 1 (Haar) detected — eyes:(93,124) nose:(117,149) [579ms]
2026-04-06 10:40:01,081 [INFO] face_processor — Level 1 (Haar) detected — eyes:(213,238) nose:(258,266) [584ms]
2026-04-06 10:40:01,687 [INFO] face_processor — Level 1 (Haar) detected — eyes:(168,180) nose:(215,216) [553ms]
2026-04-06 10:40:02,307 [INFO] face_processor — Level 1 (Haar) detected — eyes:(153,170) nose:(192,195) [559ms]
2026-04-06 10:40:02,903 [INFO] face_processor — Level 1 (Haar) detected — eyes:(159,186) nose:(203,220) [548ms]
2026-04-06 10:40:03,646 [INFO] face_processor — Level 1 (Haar) detected — eyes:(162,317) nose:(244,377) [664ms]
2026-04-06 10:40:04,282 [INFO] face_processor — Level 1 (Haar) detected — eyes:(222,141) nose:(257,164) [579ms]
2026-04-06 10:40:04,917 [INFO] face_processor — Level 1 (Haar) detected — eyes:(201,226) nose:(247,262) [587ms]
2026-04-06 10:40:05,515 [INFO] face_processor — Level 1 (Haar) detected — eyes:(203,228) nose:(240,254) [537ms]
2026-04-06 10:40:06,230 [INFO] face_processor — Level 1 (Haar) detected — eyes:(204,260) nose:(266,306) [652ms]
2026-04-06 10:40:06,889 [INFO] face_processor — Level 1 (Haar) detected — eyes:(186,213) nose:(226,246) [574ms]
2026-04-06 10:40:07,613 [INFO] face_processor — Level 1 (Haar) detected — eyes:(181,254) nose:(225,285) [657ms]
2026-04-06 10:40:08,227 [INFO] face_processor — Level 1 (Haar) detected — eyes:(167,178) nose:(200,209) [553ms]
2026-04-06 10:40:08,822 [INFO] face_processor — Level 1 (Haar) detected — eyes:(187,204) nose:(237,242) [535ms]
2026-04-06 10:40:09,513 [INFO] face_processor — Level 1 (Haar) detected — eyes:(146,156) nose:(180,185) [631ms]
2026-04-06 10:40:10,168 [INFO] face_processor — Level 1 (Haar) detected — eyes:(201,254) nose:(252,300) [601ms]
2026-04-06 10:40:10,848 [INFO] face_processor — Level 1 (Haar) detected — eyes:(190,220) nose:(245,258) [621ms]
2026-04-06 10:40:11,532 [INFO] face_processor — Level 1 (Haar) detected — eyes:(71,77) nose:(90,95) [617ms]
2026-04-06 10:40:12,159 [INFO] face_processor — Level 1 (Haar) detected — eyes:(137,205) nose:(183,244) [578ms]
2026-04-06 10:40:12,904 [INFO] face_processor — Level 1 (Haar) detected — eyes:(248,193) nose:(293,229) [675ms]
2026-04-06 10:40:13,780 [INFO] face_processor — Level 1 (Haar) detected — eyes:(252,272) nose:(318,326) [796ms]
2026-04-06 10:40:14,508 [INFO] face_processor — Level 1 (Haar) detected — eyes:(197,222) nose:(238,257) [665ms]
2026-04-06 10:40:15,167 [INFO] face_processor — Level 1 (Haar) detected — eyes:(143,139) nose:(175,168) [594ms]
2026-04-06 10:40:15,943 [INFO] face_processor — Level 1 (Haar) detected — eyes:(244,209) nose:(292,252) [693ms]
2026-04-06 10:40:16,557 [INFO] face_processor — Level 1 (Haar) detected — eyes:(201,225) nose:(236,262) [550ms]
2026-04-06 10:40:17,158 [INFO] face_processor — Level 1 (Haar) detected — eyes:(142,110) nose:(212,213) [536ms]
2026-04-06 10:40:17,719 [INFO] face_processor — Level 1 (Haar) detected — eyes:(277,194) nose:(321,229) [495ms]
2026-04-06 10:40:18,346 [INFO] face_processor — Level 1 (Haar) detected — eyes:(140,141) nose:(175,167) [565ms]
2026-04-06 10:40:18,880 [INFO] face_processor — Level 1 (Haar) detected — eyes:(110,120) nose:(137,142) [434ms]
2026-04-06 10:40:19,534 [INFO] face_processor — Level 1 (Haar) detected — eyes:(153,230) nose:(215,280) [577ms]
2026-04-06 10:40:20,271 [INFO] face_processor — Level 1 (Haar) detected — eyes:(260,201) nose:(325,258) [674ms]
2026-04-06 10:40:20,880 [INFO] face_processor — Level 1 (Haar) detected — eyes:(190,196) nose:(227,222) [532ms]
2026-04-06 10:40:21,582 [INFO] face_processor — Level 1 (Haar) detected — eyes:(0,0) nose:(256,245) [632ms]
2026-04-06 10:40:22,351 [INFO] face_processor — Level 1 (Haar) detected — eyes:(148,143) nose:(184,169) [664ms]
2026-04-06 10:40:23,115 [INFO] face_processor — Level 1 (Haar) detected — eyes:(184,216) nose:(229,249) [688ms]
2026-04-06 10:40:23,934 [INFO] face_processor — Level 1 (Haar) detected — eyes:(213,206) nose:(257,248) [748ms]
2026-04-06 10:40:24,873 [INFO] face_processor — Level 1 (Haar) detected — eyes:(236,240) nose:(297,281) [859ms]
2026-04-06 10:40:25,603 [INFO] face_processor — Level 1 (Haar) detected — eyes:(134,116) nose:(175,142) [637ms]
2026-04-06 10:40:26,308 [INFO] face_processor — Level 1 (Haar) detected — eyes:(199,192) nose:(239,225) [616ms]
2026-04-06 10:40:27,074 [INFO] face_processor — Level 1 (Haar) detected — eyes:(193,228) nose:(238,266) [668ms]
2026-04-06 10:40:27,797 [INFO] face_processor — Level 1 (Haar) detected — eyes:(157,249) nose:(136,269) [605ms]
2026-04-06 10:40:28,731 [INFO] face_processor — Level 1 (Haar) detected — eyes:(178,218) nose:(234,268) [834ms]
2026-04-06 10:40:29,792 [INFO] face_processor — Level 1 (Haar) detected — eyes:(202,209) nose:(264,241) [917ms]
2026-04-06 10:40:30,614 [INFO] face_processor — Level 1 (Haar) detected — eyes:(150,163) nose:(204,207) [756ms]
2026-04-06 10:40:31,397 [INFO] face_processor — Level 1 (Haar) detected — eyes:(192,245) nose:(242,289) [707ms]
2026-04-06 10:40:32,216 [INFO] face_processor — Level 1 (Haar) detected — eyes:(196,273) nose:(249,317) [724ms]
2026-04-06 10:40:32,915 [INFO] face_processor — Level 1 (Haar) detected — eyes:(192,238) nose:(240,282) [631ms]
2026-04-06 10:40:33,761 [INFO] face_processor — Level 1 (Haar) detected — eyes:(0,0) nose:(304,226) [770ms]
2026-04-06 10:40:34,487 [INFO] face_processor — Level 1 (Haar) detected — eyes:(189,175) nose:(229,206) [664ms]
2026-04-06 10:40:35,155 [INFO] face_processor — Level 1 (Haar) detected — eyes:(157,188) nose:(208,224) [602ms]
2026-04-06 10:40:35,796 [INFO] face_processor — Level 1 (Haar) detected — eyes:(109,119) nose:(136,146) [549ms]
2026-04-06 10:40:36,631 [INFO] face_processor — Level 1 (Haar) detected — eyes:(208,194) nose:(280,233) [762ms]
2026-04-06 10:40:37,513 [INFO] face_processor — Level 1 (Haar) detected — eyes:(194,232) nose:(246,270) [825ms]
2026-04-06 10:40:38,360 [INFO] face_processor — Level 1 (Haar) detected — eyes:(137,217) nose:(249,272) [777ms]
2026-04-06 10:40:39,144 [INFO] face_processor — Level 1 (Haar) detected — eyes:(195,219) nose:(259,259) [731ms]
2026-04-06 10:40:39,992 [INFO] face_processor — Level 1 (Haar) detected — eyes:(176,224) nose:(223,264) [767ms]
2026-04-06 10:40:40,784 [INFO] face_processor — Level 1 (Haar) detected — eyes:(0,0) nose:(236,147) [667ms]
2026-04-06 10:40:41,524 [INFO] face_processor — Level 1 (Haar) detected — eyes:(118,177) nose:(212,269) [685ms]
2026-04-06 10:40:42,240 [INFO] face_processor — Level 1 (Haar) detected — eyes:(100,237) nose:(149,282) [614ms]
2026-04-06 10:40:43,039 [INFO] face_processor — Level 1 (Haar) detected — eyes:(112,132) nose:(136,157) [684ms]
2026-04-06 10:40:43,821 [INFO] face_processor — Level 1 (Haar) detected — eyes:(190,169) nose:(196,205) [687ms]
2026-04-06 10:40:44,716 [INFO] face_processor — Level 1 (Haar) detected — eyes:(202,234) nose:(245,273) [821ms]
2026-04-06 10:40:45,497 [INFO] face_processor — Level 1 (Haar) detected — eyes:(109,201) nose:(144,233) [687ms]
2026-04-06 10:40:46,354 [INFO] face_processor — Level 1 (Haar) detected — eyes:(156,188) nose:(198,225) [780ms]
2026-04-06 10:40:47,235 [INFO] face_processor — Level 1 (Haar) detected — eyes:(186,225) nose:(249,273) [777ms]
2026-04-06 10:40:47,900 [INFO] face_processor — Level 1 (Haar) detected — eyes:(115,109) nose:(141,131) [612ms]
2026-04-06 10:40:48,736 [INFO] face_processor — Level 1 (Haar) detected — eyes:(158,160) nose:(205,194) [756ms]
2026-04-06 10:40:49,633 [INFO] face_processor — Level 1 (Haar) detected — eyes:(143,127) nose:(172,153) [791ms]
2026-04-06 10:40:50,512 [INFO] face_processor — Level 1 (Haar) detected — eyes:(201,220) nose:(259,256) [789ms]
2026-04-06 10:40:51,416 [INFO] face_processor — Level 1 (Haar) detected — eyes:(153,281) nose:(205,330) [767ms]
2026-04-06 10:40:52,271 [INFO] face_processor — Level 1 (Haar) detected — eyes:(193,208) nose:(241,246) [714ms]
2026-04-06 10:40:53,120 [INFO] face_processor — Level 1 (Haar) detected — eyes:(201,222) nose:(252,254) [756ms]
2026-04-06 10:40:53,918 [INFO] face_processor — Level 1 (Haar) detected — eyes:(262,220) nose:(321,261) [713ms]
2026-04-06 10:40:54,917 [INFO] face_processor — Level 1 (Haar) detected — eyes:(167,157) nose:(216,187) [934ms]
2026-04-06 10:40:56,254 [INFO] face_processor — Level 1 (Haar) detected — eyes:(166,181) nose:(205,219) [1240ms]
2026-04-06 10:40:57,507 [INFO] face_processor — Level 1 (Haar) detected — eyes:(208,237) nose:(255,271) [1164ms]
2026-04-06 10:40:58,738 [INFO] face_processor — Level 1 (Haar) detected — eyes:(225,254) nose:(249,293) [1040ms]
2026-04-06 10:40:59,796 [INFO] face_processor — Level 1 (Haar) detected — eyes:(118,135) nose:(147,156) [959ms]
2026-04-06 10:41:00,687 [INFO] face_processor — Level 1 (Haar) detected — eyes:(180,217) nose:(216,252) [793ms]
2026-04-06 10:41:01,657 [INFO] face_processor — Level 1 (Haar) detected — eyes:(172,284) nose:(233,329) [833ms]
2026-04-06 10:41:02,653 [INFO] face_processor — Level 1 (Haar) detected — eyes:(153,249) nose:(188,276) [776ms]
2026-04-06 10:41:09,579 [INFO] face_processor — Level 3 (DNN-opencv) strictly verified & detected [983ms]
2026-04-06 10:41:09,636 [INFO] main — identify-registered | best='siva image.jpeg' cos=0.6861 pct=74.0% matched=True | 1045ms
2026-04-06 10:41:37,691 [INFO] face_processor — All detection levels failed — face required, rejecting
2026-04-06 10:41:48,276 [INFO] face_processor — All detection levels failed — face required, rejecting
2026-04-06 10:41:53,979 [INFO] face_processor — Level 3 (DNN-opencv) strictly verified & detected [1247ms]
2026-04-06 10:41:54,048 [INFO] main — identify-registered | best='siva image.jpeg' cos=0.6344 pct=72.2% matched=False | 1316ms
2026-04-06 10:41:59,686 [INFO] face_processor — Level 3 (DNN-opencv) strictly verified & detected [1178ms]
2026-04-06 10:41:59,802 [INFO] main — identify-registered | best='siva image.jpeg' cos=0.6246 pct=71.9% matched=False | 1303ms
2026-04-06 10:42:06,698 [INFO] face_processor — Level 3 (DNN-opencv) strictly verified & detected [1145ms]
2026-04-06 10:42:06,820 [INFO] main — identify-registered | best='siva image.jpeg' cos=0.6244 pct=71.9% matched=False | 1263ms
2026-04-06 10:42:12,169 [INFO] face_processor — Level 3 (DNN-opencv) strictly verified & detected [1368ms]
2026-04-06 10:42:12,308 [INFO] main — identify-registered | best='siva image.jpeg' cos=0.6916 pct=74.2% matched=True | 1511ms
2026-04-06 10:43:45,303 [INFO] face_processor — Level 3 (DNN-opencv) strictly verified & detected [1708ms]
2026-04-06 10:43:46,210 [INFO] face_processor — Level 3 (DNN-opencv) strictly verified & detected [907ms]
2026-04-06 10:44:16,862 [INFO] face_processor — Level 3 (DNN-opencv) strictly verified & detected [1075ms]
2026-04-06 10:44:17,057 [INFO] face_processor — All detection levels failed — face required, rejecting
2026-04-06 10:44:27,413 [INFO] face_processor — Level 3 (DNN-opencv) strictly verified & detected [833ms]
2026-04-06 10:44:27,997 [INFO] face_processor — Level 3 (DNN-opencv) strictly verified & detected [576ms]
2026-04-06 10:44:32,133 [INFO] face_processor — Level 3 (DNN-opencv) strictly verified & detected [783ms]
2026-04-06 10:44:32,817 [INFO] face_processor — Level 3 (DNN-opencv) strictly verified & detected [683ms]
2026-04-06 10:44:45,833 [INFO] face_processor — Level 3 (DNN-opencv) strictly verified & detected [804ms]
2026-04-06 10:44:46,497 [INFO] face_processor — Level 3 (DNN-opencv) strictly verified & detected [662ms]
2026-04-06 11:02:41,098 [INFO] database — DB 'face_capture_db' ready.
2026-04-06 11:02:42,256 [INFO] database — Original 4 tables synced in 'face_capture_db'.
2026-04-06 11:02:42,353 [INFO] database — New 4 tables verified/created in 'face_capture_db'.
2026-04-06 11:02:42,355 [INFO] face_processor — Pre-loading DeepFace model weights…
2026-04-06 11:02:42,355 [INFO] main — Model preload started in background — server is online immediately.
2026-04-06 11:03:11,344 [WARNING] tensorflow — From C:\Siva successful projects\Face capture\PyBackend\venv310\lib\site-packages\tf_keras\src\losses.py:2976: The name tf.losses.sparse_softmax_cross_entropy is deprecated. Please use tf.compat.v1.losses.sparse_softmax_cross_entropy instead.

2026-04-06 11:03:14,172 [INFO] face_processor — DeepFace loaded (model=ArcFace)
2026-04-06 11:03:22,047 [INFO] face_processor — DeepFace pre-load OK.
2026-04-06 11:03:22,047 [INFO] main — ✅ Model ready — all uploads will now be < 200 ms.
2026-04-06 11:04:11,200 [INFO] face_processor — Level 3 (DNN-opencv) strictly verified & detected [4312ms]
2026-04-06 11:04:17,695 [INFO] face_processor — Level 3 (DNN-opencv) strictly verified & detected [1080ms]
2026-04-06 11:04:23,091 [INFO] face_processor — Level 3 (DNN-opencv) strictly verified & detected [1001ms]
2026-04-06 11:07:08,476 [INFO] database — DB 'face_capture_db' ready.
2026-04-06 11:07:09,046 [INFO] database — Original 4 tables synced in 'face_capture_db'.
2026-04-06 11:07:09,136 [INFO] database — New 4 tables verified/created in 'face_capture_db'.
2026-04-06 11:07:09,138 [INFO] face_processor — Pre-loading DeepFace model weights…
2026-04-06 11:07:09,138 [INFO] main — Model preload started in background — server is online immediately.
2026-04-06 11:07:31,586 [WARNING] tensorflow — From C:\Siva successful projects\Face capture\PyBackend\venv310\lib\site-packages\tf_keras\src\losses.py:2976: The name tf.losses.sparse_softmax_cross_entropy is deprecated. Please use tf.compat.v1.losses.sparse_softmax_cross_entropy instead.

2026-04-06 11:07:33,340 [INFO] face_processor — DeepFace loaded (model=ArcFace)
2026-04-06 11:07:42,530 [INFO] face_processor — DeepFace pre-load OK.
2026-04-06 11:07:42,530 [INFO] main — ✅ Model ready — all uploads will now be < 200 ms.
2026-04-06 11:08:32,624 [INFO] face_processor — Level 1 (Haar) detected — eyes:(218,260) nose:(294,314) [3250ms]
2026-04-06 11:08:34,087 [INFO] face_processor — Level 1 (Haar) detected — eyes:(159,193) nose:(200,224) [868ms]
2026-04-06 11:08:34,733 [INFO] face_processor — Level 1 (Haar) detected — eyes:(56,47) nose:(94,95) [621ms]
2026-04-06 11:08:35,635 [INFO] face_processor — Level 1 (Haar) detected — eyes:(212,212) nose:(252,240) [871ms]
2026-04-06 11:08:36,762 [INFO] face_processor — Level 1 (Haar) detected — eyes:(208,177) nose:(250,216) [861ms]
2026-04-06 11:08:37,712 [INFO] face_processor — Level 1 (Haar) detected — eyes:(198,233) nose:(246,274) [904ms]
2026-04-06 11:08:38,514 [INFO] face_processor — Level 1 (Haar) detected — eyes:(216,214) nose:(255,251) [769ms]
2026-04-06 11:08:39,500 [INFO] face_processor — Level 1 (Haar) detected — eyes:(212,245) nose:(281,297) [932ms]
2026-04-06 11:08:40,361 [INFO] face_processor — Level 1 (Haar) detected — eyes:(142,174) nose:(183,201) [807ms]
2026-04-06 11:08:41,230 [INFO] face_processor — Level 1 (Haar) detected — eyes:(210,230) nose:(250,266) [786ms]
2026-04-06 11:08:42,001 [INFO] face_processor — Level 1 (Haar) detected — eyes:(224,245) nose:(285,280) [731ms]
2026-04-06 11:08:42,756 [INFO] face_processor — Level 1 (Haar) detected — eyes:(209,249) nose:(272,300) [713ms]
2026-04-06 11:08:43,538 [INFO] face_processor — Level 1 (Haar) detected — eyes:(194,264) nose:(257,310) [738ms]
2026-04-06 11:08:44,192 [INFO] face_processor — Level 1 (Haar) detected — eyes:(265,269) nose:(322,298) [612ms]
2026-04-06 11:08:44,820 [INFO] face_processor — Level 1 (Haar) detected — eyes:(182,194) nose:(230,233) [578ms]
2026-04-06 11:08:45,470 [INFO] face_processor — Level 1 (Haar) detected — eyes:(198,153) nose:(226,180) [614ms]
2026-04-06 11:08:46,253 [INFO] face_processor — Level 1 (Haar) detected — eyes:(112,98) nose:(178,182) [749ms]
2026-04-06 11:08:46,892 [INFO] face_processor — Level 1 (Haar) detected — eyes:(118,115) nose:(141,129) [583ms]
2026-04-06 11:08:47,526 [INFO] face_processor — Level 1 (Haar) detected — eyes:(212,212) nose:(257,240) [596ms]
2026-04-06 11:08:48,436 [INFO] face_processor — Level 1 (Haar) detected — eyes:(163,238) nose:(216,280) [860ms]
2026-04-06 11:08:49,142 [INFO] face_processor — Level 1 (Haar) detected — eyes:(200,199) nose:(249,235) [661ms]
2026-04-06 11:08:50,019 [INFO] face_processor — Level 1 (Haar) detected — eyes:(184,178) nose:(217,202) [837ms]
2026-04-06 11:08:50,830 [INFO] face_processor — Level 1 (Haar) detected — eyes:(180,240) nose:(225,284) [754ms]
2026-04-06 11:08:51,569 [INFO] face_processor — Level 1 (Haar) detected — eyes:(177,151) nose:(215,181) [696ms]
2026-04-06 11:08:52,353 [INFO] face_processor — Level 1 (Haar) detected — eyes:(197,190) nose:(244,224) [741ms]
2026-04-06 11:08:53,133 [INFO] face_processor — Level 1 (Haar) detected — eyes:(116,139) nose:(142,160) [729ms]
2026-04-06 11:08:53,830 [INFO] face_processor — Level 1 (Haar) detected — eyes:(208,229) nose:(253,269) [625ms]
2026-04-06 11:08:54,524 [INFO] face_processor — Level 1 (Haar) detected — eyes:(209,242) nose:(260,288) [654ms]
2026-04-06 11:08:55,366 [INFO] face_processor — Level 1 (Haar) detected — eyes:(207,237) nose:(252,278) [739ms]
2026-04-06 11:08:56,219 [INFO] face_processor — Level 1 (Haar) detected — eyes:(230,240) nose:(281,270) [818ms]
2026-04-06 11:08:56,932 [INFO] face_processor — Level 1 (Haar) detected — eyes:(165,136) nose:(208,180) [650ms]
2026-04-06 11:08:57,720 [INFO] face_processor — Level 1 (Haar) detected — eyes:(229,268) nose:(268,305) [735ms]
2026-04-06 11:08:58,371 [INFO] face_processor — Level 1 (Haar) detected — eyes:(157,168) nose:(193,201) [616ms]
2026-04-06 11:08:59,132 [INFO] face_processor — Level 1 (Haar) detected — eyes:(174,240) nose:(232,286) [696ms]
2026-04-06 11:08:59,853 [INFO] face_processor — Level 1 (Haar) detected — eyes:(123,127) nose:(155,152) [680ms]
2026-04-06 11:09:00,757 [INFO] face_processor — Level 1 (Haar) detected — eyes:(300,266) nose:(333,292) [846ms]
2026-04-06 11:09:01,467 [INFO] face_processor — Level 1 (Haar) detected — eyes:(141,184) nose:(184,221) [665ms]
2026-04-06 11:09:02,234 [INFO] face_processor — Level 1 (Haar) detected — eyes:(216,192) nose:(265,226) [718ms]
2026-04-06 11:09:02,941 [INFO] face_processor — Level 1 (Haar) detected — eyes:(172,205) nose:(221,242) [636ms]
2026-04-06 11:09:03,692 [INFO] face_processor — Level 1 (Haar) detected — eyes:(0,0) nose:(248,442) [705ms]
2026-04-06 11:09:04,704 [INFO] face_processor — Level 1 (Haar) detected — eyes:(181,282) nose:(242,337) [939ms]
2026-04-06 11:09:05,713 [INFO] face_processor — Level 1 (Haar) detected — eyes:(185,190) nose:(233,229) [962ms]
2026-04-06 11:09:06,492 [INFO] face_processor — Level 1 (Haar) detected — eyes:(168,253) nose:(224,296) [730ms]
2026-04-06 11:09:07,361 [INFO] face_processor — Level 1 (Haar) detected — eyes:(192,226) nose:(247,268) [820ms]
2026-04-06 11:09:08,293 [INFO] face_processor — Level 1 (Haar) detected — eyes:(174,220) nose:(229,261) [867ms]
2026-04-06 11:09:09,053 [INFO] face_processor — Level 1 (Haar) detected — eyes:(137,232) nose:(200,274) [706ms]
2026-04-06 11:09:09,663 [INFO] face_processor — Level 1 (Haar) detected — eyes:(103,152) nose:(141,181) [571ms]
2026-04-06 11:09:10,394 [INFO] face_processor — Level 1 (Haar) detected — eyes:(189,248) nose:(238,302) [658ms]
2026-04-06 11:09:11,169 [INFO] face_processor — Level 1 (Haar) detected — eyes:(208,249) nose:(251,276) [711ms]
2026-04-06 11:09:12,047 [INFO] face_processor — Level 1 (Haar) detected — eyes:(200,205) nose:(252,242) [810ms]
2026-04-06 11:09:12,846 [INFO] face_processor — Level 1 (Haar) detected — eyes:(213,189) nose:(245,220) [744ms]
2026-04-06 11:09:13,664 [INFO] face_processor — Level 1 (Haar) detected — eyes:(164,188) nose:(208,227) [757ms]
2026-04-06 11:09:14,354 [INFO] face_processor — Level 1 (Haar) detected — eyes:(170,168) nose:(210,197) [641ms]
2026-04-06 11:09:15,179 [INFO] face_processor — Level 1 (Haar) detected — eyes:(243,233) nose:(277,260) [751ms]
2026-04-06 11:09:15,923 [INFO] face_processor — Level 1 (Haar) detected — eyes:(181,174) nose:(229,210) [696ms]
2026-04-06 11:09:16,685 [INFO] face_processor — Level 1 (Haar) detected — eyes:(205,200) nose:(245,234) [708ms]
2026-04-06 11:09:17,520 [INFO] face_processor — Level 1 (Haar) detected — eyes:(213,212) nose:(260,252) [754ms]
2026-04-06 11:09:18,367 [INFO] face_processor — Level 1 (Haar) detected — eyes:(120,169) nose:(172,205) [804ms]
2026-04-06 11:09:19,055 [INFO] face_processor — Level 1 (Haar) detected — eyes:(313,237) nose:(256,284) [637ms]
2026-04-06 11:09:19,767 [INFO] face_processor — Level 1 (Haar) detected — eyes:(129,201) nose:(180,245) [656ms]
2026-04-06 11:09:20,614 [INFO] face_processor — Level 1 (Haar) detected — eyes:(162,202) nose:(212,233) [782ms]
2026-04-06 11:09:21,262 [INFO] face_processor — Level 1 (Haar) detected — eyes:(85,79) nose:(107,95) [604ms]
2026-04-06 11:09:22,070 [INFO] face_processor — Level 1 (Haar) detected — eyes:(168,226) nose:(230,277) [724ms]
2026-04-06 11:09:22,853 [INFO] face_processor — Level 1 (Haar) detected — eyes:(201,196) nose:(247,234) [748ms]
2026-04-06 11:09:23,557 [INFO] face_processor — Level 1 (Haar) detected — eyes:(170,154) nose:(205,181) [653ms]
2026-04-06 11:09:24,378 [INFO] face_processor — Level 1 (Haar) detected — eyes:(201,193) nose:(260,238) [763ms]
2026-04-06 11:09:25,124 [INFO] face_processor — Level 1 (Haar) detected — eyes:(162,158) nose:(195,190) [667ms]
2026-04-06 11:09:25,922 [INFO] face_processor — Level 1 (Haar) detected — eyes:(229,197) nose:(273,232) [727ms]
2026-04-06 11:09:26,572 [INFO] face_processor — Level 1 (Haar) detected — eyes:(210,245) nose:(286,305) [590ms]
2026-04-06 11:09:27,367 [INFO] face_processor — Level 1 (Haar) detected — eyes:(213,244) nose:(262,286) [746ms]
2026-04-06 11:09:28,220 [INFO] face_processor — Level 1 (Haar) detected — eyes:(150,165) nose:(191,206) [793ms]
2026-04-06 11:09:29,069 [INFO] face_processor — Level 1 (Haar) detected — eyes:(334,193) nose:(289,240) [794ms]
2026-04-06 11:09:29,698 [INFO] face_processor — Level 1 (Haar) detected — eyes:(107,127) nose:(136,148) [575ms]
2026-04-06 11:09:30,457 [INFO] face_processor — Level 1 (Haar) detected — eyes:(203,246) nose:(251,288) [701ms]
2026-04-06 11:09:31,214 [INFO] face_processor — Level 1 (Haar) detected — eyes:(242,202) nose:(294,240) [717ms]
2026-04-06 11:09:31,963 [INFO] face_processor — Level 1 (Haar) detected — eyes:(64,72) nose:(80,86) [682ms]
2026-04-06 11:09:32,847 [INFO] face_processor — Level 1 (Haar) detected — eyes:(197,269) nose:(264,326) [798ms]
2026-04-06 11:09:33,746 [INFO] face_processor — Level 1 (Haar) detected — eyes:(204,224) nose:(252,263) [830ms]
2026-04-06 11:09:34,557 [INFO] face_processor — Level 1 (Haar) detected — eyes:(174,245) nose:(289,302) [758ms]
2026-04-06 11:09:35,250 [INFO] face_processor — Level 1 (Haar) detected — eyes:(205,173) nose:(255,206) [655ms]
2026-04-06 11:09:35,933 [INFO] face_processor — Level 1 (Haar) detected — eyes:(114,122) nose:(139,142) [604ms]
2026-04-06 11:09:36,771 [INFO] face_processor — Level 1 (Haar) detected — eyes:(197,228) nose:(250,268) [696ms]
2026-04-06 11:09:37,471 [INFO] face_processor — Level 1 (Haar) detected — eyes:(127,120) nose:(157,147) [644ms]
2026-04-06 11:09:38,258 [INFO] face_processor — Level 1 (Haar) detected — eyes:(178,165) nose:(221,186) [742ms]
2026-04-06 11:09:39,143 [INFO] face_processor — Level 1 (Haar) detected — eyes:(169,194) nose:(211,220) [809ms]
2026-04-06 11:09:40,039 [INFO] face_processor — Level 1 (Haar) detected — eyes:(214,302) nose:(281,356) [845ms]
2026-04-06 11:09:40,794 [INFO] face_processor — Level 1 (Haar) detected — eyes:(180,209) nose:(231,254) [652ms]
2026-04-06 11:09:41,521 [INFO] face_processor — Level 1 (Haar) detected — eyes:(187,217) nose:(228,250) [649ms]
2026-04-06 11:09:42,100 [INFO] face_processor — Level 1 (Haar) detected — eyes:(177,274) nose:(220,313) [535ms]
2026-04-06 11:09:42,776 [INFO] face_processor — Level 1 (Haar) detected — eyes:(251,182) nose:(285,206) [630ms]
2026-04-06 11:09:43,459 [INFO] face_processor — Level 1 (Haar) detected — eyes:(186,238) nose:(225,269) [640ms]
2026-04-06 11:09:44,291 [INFO] face_processor — Level 1 (Haar) detected — eyes:(195,288) nose:(249,329) [772ms]
2026-04-06 11:09:45,018 [INFO] face_processor — Level 1 (Haar) detected — eyes:(79,120) nose:(116,141) [629ms]
2026-04-06 11:09:45,776 [INFO] face_processor — Level 1 (Haar) detected — eyes:(173,236) nose:(241,285) [668ms]
2026-04-06 11:09:46,357 [INFO] face_processor — Level 1 (Haar) detected — eyes:(80,70) nose:(100,84) [508ms]
2026-04-06 11:09:47,149 [INFO] face_processor — Level 1 (Haar) detected — eyes:(205,194) nose:(243,222) [685ms]
2026-04-06 11:09:47,920 [INFO] face_processor — Level 1 (Haar) detected — eyes:(0,0) nose:(247,220) [718ms]
2026-04-06 11:09:48,688 [INFO] face_processor — Level 1 (Haar) detected — eyes:(108,112) nose:(131,132) [610ms]
2026-04-06 11:09:49,354 [INFO] face_processor — Level 1 (Haar) detected — eyes:(161,179) nose:(204,213) [622ms]
2026-04-06 11:09:50,110 [INFO] face_processor — Level 1 (Haar) detected — eyes:(197,192) nose:(241,226) [689ms]
2026-04-06 11:09:50,641 [INFO] face_processor — Level 1 (Haar) detected — eyes:(108,103) nose:(132,123) [492ms]
2026-04-06 11:09:51,265 [INFO] face_processor — Level 1 (Haar) detected — eyes:(181,158) nose:(217,186) [569ms]
2026-04-06 11:09:51,886 [INFO] face_processor — Level 1 (Haar) detected — eyes:(184,194) nose:(234,224) [570ms]
2026-04-06 11:09:52,706 [INFO] face_processor — Level 1 (Haar) detected — eyes:(194,217) nose:(250,265) [752ms]
2026-04-06 11:09:53,497 [INFO] face_processor — Level 1 (Haar) detected — eyes:(125,163) nose:(181,199) [652ms]
2026-04-06 11:09:54,171 [INFO] face_processor — Level 1 (Haar) detected — eyes:(250,289) nose:(292,328) [592ms]
2026-04-06 11:09:55,061 [INFO] face_processor — Level 1 (Haar) detected — eyes:(248,151) nose:(250,189) [800ms]
2026-04-06 11:09:55,956 [INFO] face_processor — Level 1 (Haar) detected — eyes:(180,304) nose:(254,361) [836ms]
2026-04-06 11:09:56,887 [INFO] face_processor — Level 1 (Haar) detected — eyes:(169,273) nose:(229,328) [806ms]
2026-04-06 11:09:57,516 [INFO] face_processor — Level 1 (Haar) detected — eyes:(113,111) nose:(135,129) [522ms]
2026-04-06 11:09:58,171 [INFO] face_processor — Level 1 (Haar) detected — eyes:(156,179) nose:(201,211) [614ms]
2026-04-06 11:09:58,833 [INFO] face_processor — Level 1 (Haar) detected — eyes:(197,202) nose:(244,236) [616ms]
2026-04-06 11:09:59,467 [INFO] face_processor — Level 1 (Haar) detected — eyes:(189,226) nose:(233,260) [557ms]
2026-04-06 11:10:00,368 [INFO] face_processor — Level 1 (Haar) detected — eyes:(162,184) nose:(215,226) [830ms]
2026-04-06 11:10:01,138 [INFO] face_processor — Level 1 (Haar) detected — eyes:(151,151) nose:(182,194) [698ms]
2026-04-06 11:10:01,872 [INFO] face_processor — Level 1 (Haar) detected — eyes:(239,218) nose:(293,260) [682ms]
2026-04-06 11:10:02,705 [INFO] face_processor — Level 1 (Haar) detected — eyes:(206,222) nose:(243,254) [771ms]
2026-04-06 11:10:03,472 [INFO] face_processor — Level 1 (Haar) detected — eyes:(192,206) nose:(237,246) [704ms]
2026-04-06 11:10:04,215 [INFO] face_processor — Level 1 (Haar) detected — eyes:(188,217) nose:(238,262) [680ms]
2026-04-06 11:10:05,142 [INFO] face_processor — Level 1 (Haar) detected — eyes:(178,221) nose:(222,264) [870ms]
2026-04-06 11:10:05,999 [INFO] face_processor — Level 1 (Haar) detected — eyes:(196,184) nose:(240,217) [752ms]
2026-04-06 11:10:06,713 [INFO] face_processor — Level 1 (Haar) detected — eyes:(93,124) nose:(117,149) [623ms]
2026-04-06 11:10:07,467 [INFO] face_processor — Level 1 (Haar) detected — eyes:(213,238) nose:(258,266) [694ms]
2026-04-06 11:10:08,391 [INFO] face_processor — Level 1 (Haar) detected — eyes:(168,180) nose:(215,216) [873ms]
2026-04-06 11:10:09,237 [INFO] face_processor — Level 1 (Haar) detected — eyes:(153,170) nose:(192,195) [784ms]
2026-04-06 11:10:09,914 [INFO] face_processor — Level 1 (Haar) detected — eyes:(159,186) nose:(203,220) [609ms]
2026-04-06 11:10:10,772 [INFO] face_processor — Level 1 (Haar) detected — eyes:(162,317) nose:(244,377) [801ms]
2026-04-06 11:10:11,480 [INFO] face_processor — Level 1 (Haar) detected — eyes:(222,141) nose:(257,164) [663ms]
2026-04-06 11:10:12,307 [INFO] face_processor — Level 1 (Haar) detected — eyes:(201,226) nose:(247,262) [782ms]
2026-04-06 11:10:13,232 [INFO] face_processor — Level 1 (Haar) detected — eyes:(203,228) nose:(240,254) [842ms]
2026-04-06 11:10:14,292 [INFO] face_processor — Level 1 (Haar) detected — eyes:(204,260) nose:(266,306) [984ms]
2026-04-06 11:10:15,437 [INFO] face_processor — Level 1 (Haar) detected — eyes:(186,213) nose:(226,246) [1069ms]
2026-04-06 11:10:16,896 [INFO] face_processor — Level 1 (Haar) detected — eyes:(181,254) nose:(225,285) [1352ms]
2026-04-06 11:10:17,874 [INFO] face_processor — Level 1 (Haar) detected — eyes:(167,178) nose:(200,209) [839ms]
2026-04-06 11:10:18,670 [INFO] face_processor — Level 1 (Haar) detected — eyes:(187,204) nose:(237,242) [695ms]
2026-04-06 11:10:19,430 [INFO] face_processor — Level 1 (Haar) detected — eyes:(146,156) nose:(180,185) [704ms]
2026-04-06 11:10:20,322 [INFO] face_processor — Level 1 (Haar) detected — eyes:(201,254) nose:(252,300) [835ms]
2026-04-06 11:10:21,304 [INFO] face_processor — Level 1 (Haar) detected — eyes:(190,220) nose:(245,258) [894ms]
2026-04-06 11:10:22,050 [INFO] face_processor — Level 1 (Haar) detected — eyes:(71,77) nose:(90,95) [653ms]
2026-04-06 11:10:22,960 [INFO] face_processor — Level 1 (Haar) detected — eyes:(137,205) nose:(183,244) [824ms]
2026-04-06 11:10:24,061 [INFO] face_processor — Level 1 (Haar) detected — eyes:(248,193) nose:(293,229) [1012ms]
2026-04-06 11:10:25,036 [INFO] face_processor — Level 1 (Haar) detected — eyes:(252,272) nose:(318,326) [878ms]
2026-04-06 11:10:25,795 [INFO] face_processor — Level 1 (Haar) detected — eyes:(197,222) nose:(238,257) [669ms]
2026-04-06 11:10:26,629 [INFO] face_processor — Level 1 (Haar) detected — eyes:(143,139) nose:(175,168) [779ms]
2026-04-06 11:10:27,411 [INFO] face_processor — Level 1 (Haar) detected — eyes:(244,209) nose:(292,252) [720ms]
2026-04-06 11:10:28,302 [INFO] face_processor — Level 1 (Haar) detected — eyes:(201,225) nose:(236,262) [820ms]
2026-04-06 11:10:29,063 [INFO] face_processor — Level 1 (Haar) detected — eyes:(142,110) nose:(212,213) [693ms]
2026-04-06 11:10:29,729 [INFO] face_processor — Level 1 (Haar) detected — eyes:(277,194) nose:(321,229) [576ms]
2026-04-06 11:10:30,418 [INFO] face_processor — Level 1 (Haar) detected — eyes:(140,141) nose:(175,167) [622ms]
2026-04-06 11:10:30,982 [INFO] face_processor — Level 1 (Haar) detected — eyes:(110,120) nose:(137,142) [484ms]
2026-04-06 11:10:31,771 [INFO] face_processor — Level 1 (Haar) detected — eyes:(153,230) nose:(215,280) [704ms]
2026-04-06 11:10:32,716 [INFO] face_processor — Level 1 (Haar) detected — eyes:(260,201) nose:(325,258) [857ms]
2026-04-06 11:10:33,490 [INFO] face_processor — Level 1 (Haar) detected — eyes:(190,196) nose:(227,222) [711ms]
2026-04-06 11:10:34,314 [INFO] face_processor — Level 1 (Haar) detected — eyes:(0,0) nose:(256,245) [755ms]
2026-04-06 11:10:35,174 [INFO] face_processor — Level 1 (Haar) detected — eyes:(148,143) nose:(184,169) [776ms]
2026-04-06 11:10:35,921 [INFO] face_processor — Level 1 (Haar) detected — eyes:(184,216) nose:(229,249) [681ms]
2026-04-06 11:10:36,801 [INFO] face_processor — Level 1 (Haar) detected — eyes:(213,206) nose:(257,248) [789ms]
2026-04-06 11:10:37,819 [INFO] face_processor — Level 1 (Haar) detected — eyes:(236,240) nose:(297,281) [962ms]
2026-04-06 11:10:38,737 [INFO] face_processor — Level 1 (Haar) detected — eyes:(134,116) nose:(175,142) [777ms]
2026-04-06 11:10:39,669 [INFO] face_processor — Level 1 (Haar) detected — eyes:(199,192) nose:(239,225) [842ms]
2026-04-06 11:10:40,695 [INFO] face_processor — Level 1 (Haar) detected — eyes:(193,228) nose:(238,266) [906ms]
2026-04-06 11:10:41,498 [INFO] face_processor — Level 1 (Haar) detected — eyes:(157,249) nose:(136,269) [699ms]
2026-04-06 11:10:42,280 [INFO] face_processor — Level 1 (Haar) detected — eyes:(178,218) nose:(234,268) [723ms]
2026-04-06 11:10:42,902 [INFO] face_processor — Level 1 (Haar) detected — eyes:(202,209) nose:(264,241) [537ms]
2026-04-06 11:10:43,597 [INFO] face_processor — Level 1 (Haar) detected — eyes:(150,163) nose:(204,207) [636ms]
2026-04-06 11:10:44,281 [INFO] face_processor — Level 1 (Haar) detected — eyes:(192,245) nose:(242,289) [606ms]
2026-04-06 11:10:45,264 [INFO] face_processor — Level 1 (Haar) detected — eyes:(196,273) nose:(249,317) [895ms]
2026-04-06 11:10:46,117 [INFO] face_processor — Level 1 (Haar) detected — eyes:(192,238) nose:(240,282) [749ms]
2026-04-06 11:10:46,911 [INFO] face_processor — Level 1 (Haar) detected — eyes:(0,0) nose:(304,226) [660ms]
2026-04-06 11:10:47,648 [INFO] face_processor — Level 1 (Haar) detected — eyes:(189,175) nose:(229,206) [664ms]
2026-04-06 11:10:48,334 [INFO] face_processor — Level 1 (Haar) detected — eyes:(157,188) nose:(208,224) [594ms]
2026-04-06 11:10:48,851 [INFO] face_processor — Level 1 (Haar) detected — eyes:(109,119) nose:(136,146) [420ms]
2026-04-06 11:10:49,543 [INFO] face_processor — Level 1 (Haar) detected — eyes:(208,194) nose:(280,233) [640ms]
2026-04-06 11:10:50,287 [INFO] face_processor — Level 1 (Haar) detected — eyes:(194,232) nose:(246,270) [680ms]
2026-04-06 11:10:50,997 [INFO] face_processor — Level 1 (Haar) detected — eyes:(137,217) nose:(249,272) [653ms]
2026-04-06 11:10:51,703 [INFO] face_processor — Level 1 (Haar) detected — eyes:(195,219) nose:(259,259) [640ms]
2026-04-06 11:10:52,408 [INFO] face_processor — Level 1 (Haar) detected — eyes:(176,224) nose:(223,264) [643ms]
2026-04-06 11:10:53,211 [INFO] face_processor — Level 1 (Haar) detected — eyes:(0,0) nose:(236,147) [472ms]
2026-04-06 11:10:53,790 [INFO] face_processor — Level 1 (Haar) detected — eyes:(118,177) nose:(212,269) [501ms]
2026-04-06 11:10:54,294 [INFO] face_processor — Level 1 (Haar) detected — eyes:(100,237) nose:(149,282) [440ms]
2026-04-06 11:10:54,987 [INFO] face_processor — Level 1 (Haar) detected — eyes:(112,132) nose:(136,157) [570ms]
2026-04-06 11:10:55,591 [INFO] face_processor — Level 1 (Haar) detected — eyes:(190,169) nose:(196,205) [518ms]
2026-04-06 11:10:56,254 [INFO] face_processor — Level 1 (Haar) detected — eyes:(202,234) nose:(245,273) [604ms]
2026-04-06 11:10:56,971 [INFO] face_processor — Level 1 (Haar) detected — eyes:(109,201) nose:(144,233) [572ms]
2026-04-06 11:10:57,611 [INFO] face_processor — Level 1 (Haar) detected — eyes:(156,188) nose:(198,225) [557ms]
2026-04-06 11:10:58,277 [INFO] face_processor — Level 1 (Haar) detected — eyes:(186,225) nose:(249,273) [606ms]
2026-04-06 11:10:58,833 [INFO] face_processor — Level 1 (Haar) detected — eyes:(115,109) nose:(141,131) [486ms]
2026-04-06 11:10:59,480 [INFO] face_processor — Level 1 (Haar) detected — eyes:(158,160) nose:(205,194) [593ms]
2026-04-06 11:11:00,283 [INFO] face_processor — Level 1 (Haar) detected — eyes:(143,127) nose:(172,153) [719ms]
2026-04-06 11:11:00,919 [INFO] face_processor — Level 1 (Haar) detected — eyes:(201,220) nose:(259,256) [586ms]
2026-04-06 11:11:01,723 [INFO] face_processor — Level 1 (Haar) detected — eyes:(153,281) nose:(205,330) [632ms]
2026-04-06 11:11:02,424 [INFO] face_processor — Level 1 (Haar) detected — eyes:(193,208) nose:(241,246) [652ms]
2026-04-06 11:11:03,092 [INFO] face_processor — Level 1 (Haar) detected — eyes:(201,222) nose:(252,254) [566ms]
2026-04-06 11:11:03,744 [INFO] face_processor — Level 1 (Haar) detected — eyes:(262,220) nose:(321,261) [592ms]
2026-04-06 11:11:04,463 [INFO] face_processor — Level 1 (Haar) detected — eyes:(167,157) nose:(216,187) [660ms]
2026-04-06 11:11:05,121 [INFO] face_processor — Level 1 (Haar) detected — eyes:(166,181) nose:(205,219) [570ms]
2026-04-06 11:11:05,720 [INFO] face_processor — Level 1 (Haar) detected — eyes:(208,237) nose:(255,271) [557ms]
2026-04-06 11:11:06,324 [INFO] face_processor — Level 1 (Haar) detected — eyes:(225,254) nose:(249,293) [546ms]
2026-04-06 11:11:06,863 [INFO] face_processor — Level 1 (Haar) detected — eyes:(118,135) nose:(147,156) [483ms]
2026-04-06 11:11:07,523 [INFO] face_processor — Level 1 (Haar) detected — eyes:(180,217) nose:(216,252) [606ms]
2026-04-06 11:11:08,224 [INFO] face_processor — Level 1 (Haar) detected — eyes:(172,284) nose:(233,329) [644ms]
2026-04-06 11:11:08,825 [INFO] face_processor — Level 1 (Haar) detected — eyes:(153,249) nose:(188,276) [525ms]
2026-04-06 11:26:00,747 [INFO] face_processor — Level 3 (DNN-opencv) strictly verified & detected [6671ms]
2026-04-06 11:26:01,187 [INFO] main — identify-registered | best='siva image.jpeg' cos=0.6001 pct=71.0% matched=False | 7139ms
2026-04-06 11:26:08,699 [INFO] face_processor — All detection levels failed — face required, rejecting
2026-04-06 11:26:15,214 [INFO] face_processor — All detection levels failed — face required, rejecting
2026-04-06 11:29:09,445 [INFO] database — DB 'face_capture_db' ready.
2026-04-06 11:29:09,698 [INFO] database — Original 4 tables synced in 'face_capture_db'.
2026-04-06 11:29:09,735 [INFO] database — New 4 tables verified/created in 'face_capture_db'.
2026-04-06 11:29:09,747 [INFO] face_processor — Pre-loading DeepFace model weights…
2026-04-06 11:29:09,749 [INFO] main — Model preload started in background — server is online immediately.
2026-04-06 11:29:31,502 [WARNING] tensorflow — From C:\Siva successful projects\Face capture\PyBackend\venv310\lib\site-packages\tf_keras\src\losses.py:2976: The name tf.losses.sparse_softmax_cross_entropy is deprecated. Please use tf.compat.v1.losses.sparse_softmax_cross_entropy instead.

2026-04-06 11:29:33,845 [INFO] face_processor — DeepFace loaded (model=ArcFace)
2026-04-06 11:29:43,516 [INFO] face_processor — DeepFace pre-load OK.
2026-04-06 11:29:43,516 [INFO] main — ✅ Model ready — all uploads will now be < 200 ms.
2026-04-07 11:02:11,677 [INFO] database — DB 'face_capture_db' ready.
2026-04-07 11:02:12,058 [INFO] database — Original 4 tables synced in 'face_capture_db'.
2026-04-07 11:02:12,145 [INFO] database — New 4 tables verified/created in 'face_capture_db'.
2026-04-07 11:02:12,147 [INFO] face_processor — Pre-loading DeepFace model weights…
2026-04-07 11:02:12,147 [INFO] main — Model preload started in background — server is online immediately.
2026-04-07 11:02:58,053 [WARNING] tensorflow — From C:\Siva successful projects\Face capture\PyBackend\venv310\lib\site-packages\tf_keras\src\losses.py:2976: The name tf.losses.sparse_softmax_cross_entropy is deprecated. Please use tf.compat.v1.losses.sparse_softmax_cross_entropy instead.

2026-04-07 11:03:02,728 [INFO] face_processor — DeepFace loaded (model=ArcFace)
2026-04-07 11:03:20,543 [INFO] face_processor — DeepFace pre-load OK.
2026-04-07 11:03:20,552 [INFO] main — ✅ Model ready — all uploads will now be < 200 ms.
2026-04-07 11:03:49,299 [INFO] face_processor — All detection levels failed — face required, rejecting
2026-04-07 11:03:58,907 [INFO] face_processor — All detection levels failed — face required, rejecting
2026-04-07 11:04:05,351 [INFO] face_processor — Level 3 (DNN-opencv) detected [1764ms]
2026-04-07 11:04:05,551 [INFO] main — identify-registered | best='siva image.jpeg' cos=0.6564 pct=73.0% matched=True | 1968ms
2026-04-07 11:04:19,667 [INFO] face_processor — Level 3 (DNN-opencv) detected [2865ms]
2026-04-07 11:04:19,806 [INFO] main — identify-registered | best='siva image.jpeg' cos=0.6594 pct=73.1% matched=True | 3012ms
2026-04-07 11:10:22,496 [INFO] face_processor — Level 1 (Haar) detected — eyes:(218,260) nose:(294,314) [3320ms]
2026-04-07 11:10:24,204 [INFO] face_processor — Level 1 (Haar) detected — eyes:(159,193) nose:(200,224) [1621ms]
2026-04-07 11:10:25,508 [INFO] face_processor — Level 1 (Haar) detected — eyes:(56,47) nose:(94,95) [1252ms]
2026-04-07 11:10:27,163 [INFO] face_processor — Level 1 (Haar) detected — eyes:(212,212) nose:(252,240) [1603ms]
2026-04-07 11:10:28,879 [INFO] face_processor — Level 1 (Haar) detected — eyes:(208,177) nose:(250,216) [1652ms]
2026-04-07 11:10:30,768 [INFO] face_processor — Level 1 (Haar) detected — eyes:(198,233) nose:(246,274) [1819ms]
2026-04-07 11:10:32,637 [INFO] face_processor — Level 1 (Haar) detected — eyes:(216,214) nose:(255,251) [1803ms]
2026-04-07 11:10:35,071 [INFO] face_processor — Level 1 (Haar) detected — eyes:(212,245) nose:(281,297) [2323ms]
2026-04-07 11:10:36,858 [INFO] face_processor — Level 1 (Haar) detected — eyes:(142,174) nose:(183,201) [1729ms]
2026-04-07 11:10:38,770 [INFO] face_processor — Level 1 (Haar) detected — eyes:(210,230) nose:(250,266) [1839ms]
2026-04-07 11:10:40,408 [INFO] face_processor — Level 1 (Haar) detected — eyes:(224,245) nose:(285,280) [1591ms]
2026-04-07 11:10:42,464 [INFO] face_processor — Level 1 (Haar) detected — eyes:(209,249) nose:(272,300) [1933ms]
2026-04-07 11:10:44,829 [INFO] face_processor — Level 1 (Haar) detected — eyes:(194,264) nose:(257,310) [2314ms]
2026-04-07 11:10:46,743 [INFO] face_processor — Level 1 (Haar) detected — eyes:(265,269) nose:(322,298) [1857ms]
2026-04-07 11:10:48,837 [INFO] face_processor — Level 1 (Haar) detected — eyes:(182,194) nose:(230,233) [2035ms]
2026-04-07 11:10:50,475 [INFO] face_processor — Level 1 (Haar) detected — eyes:(198,153) nose:(226,180) [1560ms]
2026-04-07 11:10:52,056 [INFO] face_processor — Level 1 (Haar) detected — eyes:(112,98) nose:(178,182) [1508ms]
2026-04-07 11:10:53,607 [INFO] face_processor — Level 1 (Haar) detected — eyes:(118,115) nose:(141,129) [1503ms]
2026-04-07 11:10:55,579 [INFO] face_processor — Level 1 (Haar) detected — eyes:(212,212) nose:(257,240) [1912ms]
2026-04-07 11:10:57,797 [INFO] face_processor — Level 1 (Haar) detected — eyes:(163,238) nose:(216,280) [2091ms]
2026-04-07 11:10:59,553 [INFO] face_processor — Level 1 (Haar) detected — eyes:(200,199) nose:(249,235) [1657ms]
2026-04-07 11:11:01,457 [INFO] face_processor — Level 1 (Haar) detected — eyes:(184,178) nose:(217,202) [1811ms]
2026-04-07 11:11:03,575 [INFO] face_processor — Level 1 (Haar) detected — eyes:(180,240) nose:(225,284) [2052ms]
2026-04-07 11:11:05,480 [INFO] face_processor — Level 1 (Haar) detected — eyes:(177,151) nose:(215,181) [1799ms]
2026-04-07 11:11:07,673 [INFO] face_processor — Level 1 (Haar) detected — eyes:(197,190) nose:(244,224) [2133ms]
2026-04-07 11:11:09,345 [INFO] face_processor — Level 1 (Haar) detected — eyes:(116,139) nose:(142,160) [1584ms]
2026-04-07 11:11:11,312 [INFO] face_processor — Level 1 (Haar) detected — eyes:(208,229) nose:(253,269) [1881ms]
2026-04-07 11:11:12,467 [INFO] face_processor — Level 1 (Haar) detected — eyes:(209,242) nose:(260,288) [1080ms]
2026-04-07 11:11:13,886 [INFO] face_processor — Level 1 (Haar) detected — eyes:(207,237) nose:(252,278) [1273ms]
2026-04-07 11:11:15,689 [INFO] face_processor — Level 1 (Haar) detected — eyes:(230,240) nose:(281,270) [1760ms]
2026-04-07 11:11:17,628 [INFO] face_processor — Level 1 (Haar) detected — eyes:(165,136) nose:(208,180) [1831ms]
2026-04-07 11:11:19,877 [INFO] face_processor — Level 1 (Haar) detected — eyes:(229,268) nose:(268,305) [2065ms]
2026-04-07 11:11:21,782 [INFO] face_processor — Level 1 (Haar) detected — eyes:(157,168) nose:(193,201) [1828ms]
2026-04-07 11:11:23,852 [INFO] face_processor — Level 1 (Haar) detected — eyes:(174,240) nose:(232,286) [2028ms]
2026-04-07 11:11:25,186 [INFO] face_processor — Level 1 (Haar) detected — eyes:(123,127) nose:(155,152) [1250ms]
2026-04-07 11:11:27,217 [INFO] face_processor — Level 1 (Haar) detected — eyes:(300,266) nose:(333,292) [1941ms]
2026-04-07 11:11:29,141 [INFO] face_processor — Level 1 (Haar) detected — eyes:(141,184) nose:(184,221) [1818ms]
2026-04-07 11:11:31,206 [INFO] face_processor — Level 1 (Haar) detected — eyes:(216,192) nose:(265,226) [1929ms]
2026-04-07 11:11:33,262 [INFO] face_processor — Level 1 (Haar) detected — eyes:(172,205) nose:(221,242) [1952ms]
2026-04-07 11:11:35,681 [INFO] face_processor — Level 3 (DNN-opencv) detected [2710ms]
2026-04-07 11:11:36,847 [INFO] face_processor — Level 3 (DNN-opencv) detected [1168ms]
2026-04-07 11:11:38,565 [INFO] face_processor — Level 1 (Haar) detected — eyes:(0,0) nose:(248,442) [1648ms]
2026-04-07 11:11:40,657 [INFO] face_processor — Level 1 (Haar) detected — eyes:(181,282) nose:(242,337) [1978ms]
2026-04-07 11:11:42,680 [INFO] face_processor — Level 1 (Haar) detected — eyes:(185,190) nose:(233,229) [1878ms]
2026-04-07 11:11:44,670 [INFO] face_processor — Level 1 (Haar) detected — eyes:(168,253) nose:(224,296) [1897ms]
2026-04-07 11:11:46,556 [INFO] face_processor — Level 1 (Haar) detected — eyes:(192,226) nose:(247,268) [1804ms]
2026-04-07 11:11:48,686 [INFO] face_processor — Level 1 (Haar) detected — eyes:(174,220) nose:(229,261) [2012ms]
2026-04-07 11:11:50,625 [INFO] face_processor — Level 1 (Haar) detected — eyes:(137,232) nose:(200,274) [1879ms]
2026-04-07 11:11:52,734 [INFO] face_processor — Level 1 (Haar) detected — eyes:(103,152) nose:(141,181) [1970ms]
2026-04-07 11:17:42,244 [INFO] face_processor — Level 1 (Haar) detected — eyes:(218,260) nose:(294,314) [2120ms]
2026-04-07 11:17:43,988 [INFO] face_processor — Level 1 (Haar) detected — eyes:(159,193) nose:(200,224) [1676ms]
2026-04-07 11:17:45,475 [INFO] face_processor — Level 1 (Haar) detected — eyes:(56,47) nose:(94,95) [1405ms]
2026-04-07 11:17:47,396 [INFO] face_processor — Level 1 (Haar) detected — eyes:(212,212) nose:(252,240) [1827ms]
2026-04-07 11:17:49,122 [INFO] face_processor — Level 1 (Haar) detected — eyes:(208,177) nose:(250,216) [1653ms]
2026-04-07 11:17:51,080 [INFO] face_processor — Level 1 (Haar) detected — eyes:(198,233) nose:(246,274) [1890ms]
2026-04-07 11:17:53,019 [INFO] face_processor — Level 1 (Haar) detected — eyes:(216,214) nose:(255,251) [1885ms]
2026-04-07 11:17:55,168 [INFO] face_processor — Level 1 (Haar) detected — eyes:(212,245) nose:(281,297) [2080ms]
2026-04-07 11:17:56,980 [INFO] face_processor — Level 1 (Haar) detected — eyes:(142,174) nose:(183,201) [1694ms]
2026-04-07 11:17:58,814 [INFO] face_processor — Level 1 (Haar) detected — eyes:(210,230) nose:(250,266) [1754ms]
2026-04-07 11:18:00,676 [INFO] face_processor — Level 1 (Haar) detected — eyes:(224,245) nose:(285,280) [1775ms]
2026-04-07 11:18:02,507 [INFO] face_processor — Level 1 (Haar) detected — eyes:(209,249) nose:(272,300) [1784ms]
2026-04-07 11:18:04,537 [INFO] face_processor — Level 1 (Haar) detected — eyes:(194,264) nose:(257,310) [1962ms]
2026-04-07 11:18:06,283 [INFO] face_processor — Level 1 (Haar) detected — eyes:(265,269) nose:(322,298) [1699ms]
2026-04-07 11:18:08,181 [INFO] face_processor — Level 1 (Haar) detected — eyes:(182,194) nose:(230,233) [1810ms]
2026-04-07 11:18:09,842 [INFO] face_processor — Level 1 (Haar) detected — eyes:(198,153) nose:(226,180) [1551ms]
2026-04-07 11:18:11,520 [INFO] face_processor — Level 1 (Haar) detected — eyes:(112,98) nose:(178,182) [1617ms]
2026-04-07 11:18:12,983 [INFO] face_processor — Level 1 (Haar) detected — eyes:(118,115) nose:(141,129) [1395ms]
2026-04-07 11:18:14,537 [INFO] face_processor — Level 1 (Haar) detected — eyes:(212,212) nose:(257,240) [1506ms]
2026-04-07 11:18:16,619 [INFO] face_processor — Level 1 (Haar) detected — eyes:(163,238) nose:(216,280) [1982ms]
2026-04-07 11:18:18,354 [INFO] face_processor — Level 1 (Haar) detected — eyes:(200,199) nose:(249,235) [1607ms]
2026-04-07 11:18:20,224 [INFO] face_processor — Level 1 (Haar) detected — eyes:(184,178) nose:(217,202) [1811ms]
2026-04-07 11:18:22,076 [INFO] face_processor — Level 1 (Haar) detected — eyes:(180,240) nose:(225,284) [1769ms]
2026-04-07 11:18:23,883 [INFO] face_processor — Level 1 (Haar) detected — eyes:(177,151) nose:(215,181) [1668ms]
2026-04-07 11:18:25,742 [INFO] face_processor — Level 1 (Haar) detected — eyes:(197,190) nose:(244,224) [1795ms]
2026-04-07 11:18:27,620 [INFO] face_processor — Level 1 (Haar) detected — eyes:(116,139) nose:(142,160) [1771ms]
2026-04-07 11:18:29,563 [INFO] face_processor — Level 1 (Haar) detected — eyes:(208,229) nose:(253,269) [1862ms]
2026-04-07 11:18:31,426 [INFO] face_processor — Level 1 (Haar) detected — eyes:(209,242) nose:(260,288) [1788ms]
2026-04-07 11:18:33,063 [INFO] face_processor — Level 1 (Haar) detected — eyes:(207,237) nose:(252,278) [1579ms]
2026-04-07 11:18:35,221 [INFO] face_processor — Level 1 (Haar) detected — eyes:(230,240) nose:(281,270) [2073ms]
2026-04-07 11:18:36,853 [INFO] face_processor — Level 1 (Haar) detected — eyes:(165,136) nose:(208,180) [1553ms]
2026-04-07 11:18:38,952 [INFO] face_processor — Level 1 (Haar) detected — eyes:(229,268) nose:(268,305) [1996ms]
2026-04-07 11:18:40,736 [INFO] face_processor — Level 1 (Haar) detected — eyes:(157,168) nose:(193,201) [1713ms]
2026-04-07 11:18:42,603 [INFO] face_processor — Level 1 (Haar) detected — eyes:(174,240) nose:(232,286) [1795ms]
2026-04-07 11:18:44,062 [INFO] face_processor — Level 1 (Haar) detected — eyes:(123,127) nose:(155,152) [1403ms]
2026-04-07 11:18:45,853 [INFO] face_processor — Level 1 (Haar) detected — eyes:(300,266) nose:(333,292) [1714ms]
2026-04-07 11:18:47,508 [INFO] face_processor — Level 1 (Haar) detected — eyes:(141,184) nose:(184,221) [1548ms]
2026-04-07 11:18:49,630 [INFO] face_processor — Level 1 (Haar) detected — eyes:(216,192) nose:(265,226) [2057ms]
2026-04-07 11:18:51,531 [INFO] face_processor — Level 1 (Haar) detected — eyes:(172,205) nose:(221,242) [1804ms]
2026-04-07 11:18:53,456 [INFO] face_processor — Level 1 (Haar) detected — eyes:(0,0) nose:(248,442) [1812ms]
2026-04-07 11:18:55,608 [INFO] face_processor — Level 1 (Haar) detected — eyes:(181,282) nose:(242,337) [2071ms]
2026-04-07 11:18:57,574 [INFO] face_processor — Level 1 (Haar) detected — eyes:(185,190) nose:(233,229) [1837ms]
2026-04-07 11:18:59,782 [INFO] face_processor — Level 1 (Haar) detected — eyes:(168,253) nose:(224,296) [2090ms]
2026-04-07 11:19:02,008 [INFO] face_processor — Level 1 (Haar) detected — eyes:(192,226) nose:(247,268) [2082ms]
2026-04-07 11:19:04,054 [INFO] face_processor — Level 1 (Haar) detected — eyes:(174,220) nose:(229,261) [1962ms]
2026-04-07 11:19:05,845 [INFO] face_processor — Level 1 (Haar) detected — eyes:(137,232) nose:(200,274) [1723ms]
2026-04-07 11:19:07,446 [INFO] face_processor — Level 1 (Haar) detected — eyes:(103,152) nose:(141,181) [1492ms]
2026-04-07 11:19:09,094 [INFO] face_processor — Level 1 (Haar) detected — eyes:(189,248) nose:(238,302) [1583ms]
2026-04-07 11:19:10,924 [INFO] face_processor — Level 1 (Haar) detected — eyes:(208,249) nose:(251,276) [1741ms]
2026-04-07 11:19:12,917 [INFO] face_processor — Level 1 (Haar) detected — eyes:(200,205) nose:(252,242) [1834ms]
2026-04-07 11:19:14,541 [INFO] face_processor — Level 1 (Haar) detected — eyes:(213,189) nose:(245,220) [1552ms]
2026-04-07 11:19:16,411 [INFO] face_processor — Level 1 (Haar) detected — eyes:(164,188) nose:(208,227) [1755ms]
2026-04-07 11:19:18,173 [INFO] face_processor — Level 1 (Haar) detected — eyes:(170,168) nose:(210,197) [1662ms]
2026-04-07 11:19:19,856 [INFO] face_processor — Level 1 (Haar) detected — eyes:(243,233) nose:(277,260) [1565ms]
2026-04-07 11:19:22,060 [INFO] face_processor — Level 1 (Haar) detected — eyes:(181,174) nose:(229,210) [2093ms]
2026-04-07 11:19:23,939 [INFO] face_processor — Level 1 (Haar) detected — eyes:(205,200) nose:(245,234) [1743ms]
2026-04-07 11:19:25,977 [INFO] face_processor — Level 1 (Haar) detected — eyes:(213,212) nose:(260,252) [1965ms]
2026-04-07 11:19:27,775 [INFO] face_processor — Level 1 (Haar) detected — eyes:(120,169) nose:(172,205) [1684ms]
2026-04-07 11:19:29,547 [INFO] face_processor — Level 1 (Haar) detected — eyes:(313,237) nose:(256,284) [1665ms]
2026-04-07 11:19:31,673 [INFO] face_processor — Level 1 (Haar) detected — eyes:(129,201) nose:(180,245) [2047ms]
2026-04-07 11:19:33,967 [INFO] face_processor — Level 1 (Haar) detected — eyes:(162,202) nose:(212,233) [2191ms]
2026-04-07 11:19:35,886 [INFO] face_processor — Level 1 (Haar) detected — eyes:(85,79) nose:(107,95) [1659ms]
2026-04-07 11:19:38,187 [INFO] face_processor — Level 1 (Haar) detected — eyes:(168,226) nose:(230,277) [2160ms]
2026-04-07 11:19:39,978 [INFO] face_processor — Level 1 (Haar) detected — eyes:(201,196) nose:(247,234) [1686ms]
2026-04-07 11:19:41,783 [INFO] face_processor — Level 1 (Haar) detected — eyes:(170,154) nose:(205,181) [1704ms]
2026-04-07 11:19:44,011 [INFO] face_processor — Level 1 (Haar) detected — eyes:(201,193) nose:(260,238) [2095ms]
2026-04-07 11:19:46,240 [INFO] face_processor — Level 1 (Haar) detected — eyes:(162,158) nose:(195,190) [2095ms]
2026-04-07 11:19:48,313 [INFO] face_processor — Level 1 (Haar) detected — eyes:(229,197) nose:(273,232) [1966ms]
2026-04-07 11:19:50,244 [INFO] face_processor — Level 1 (Haar) detected — eyes:(210,245) nose:(286,305) [1827ms]
2026-04-07 11:19:52,151 [INFO] face_processor — Level 1 (Haar) detected — eyes:(213,244) nose:(262,286) [1793ms]
2026-04-07 11:19:54,032 [INFO] face_processor — Level 1 (Haar) detected — eyes:(150,165) nose:(191,206) [1778ms]
2026-04-07 11:19:55,922 [INFO] face_processor — Level 1 (Haar) detected — eyes:(334,193) nose:(289,240) [1798ms]
2026-04-07 11:19:57,695 [INFO] face_processor — Level 1 (Haar) detected — eyes:(107,127) nose:(136,148) [1627ms]
2026-04-07 11:19:59,551 [INFO] face_processor — Level 1 (Haar) detected — eyes:(203,246) nose:(251,288) [1730ms]
2026-04-07 11:20:01,450 [INFO] face_processor — Level 1 (Haar) detected — eyes:(242,202) nose:(294,240) [1808ms]
2026-04-07 11:20:02,974 [INFO] face_processor — Level 1 (Haar) detected — eyes:(64,72) nose:(80,86) [1424ms]
2026-04-07 11:20:04,958 [INFO] face_processor — Level 1 (Haar) detected — eyes:(197,269) nose:(264,326) [1889ms]
2026-04-07 11:20:06,894 [INFO] face_processor — Level 1 (Haar) detected — eyes:(204,224) nose:(252,263) [1824ms]
2026-04-07 11:20:09,137 [INFO] face_processor — Level 1 (Haar) detected — eyes:(174,245) nose:(289,302) [2160ms]
2026-04-07 11:20:11,155 [INFO] face_processor — Level 1 (Haar) detected — eyes:(205,173) nose:(255,206) [1777ms]
2026-04-07 11:20:12,625 [INFO] face_processor — Level 1 (Haar) detected — eyes:(114,122) nose:(139,142) [1396ms]
2026-04-07 11:20:14,468 [INFO] face_processor — Level 1 (Haar) detected — eyes:(197,228) nose:(250,268) [1741ms]
2026-04-07 11:20:16,079 [INFO] face_processor — Level 1 (Haar) detected — eyes:(127,120) nose:(157,147) [1524ms]
2026-04-07 11:20:17,859 [INFO] face_processor — Level 1 (Haar) detected — eyes:(178,165) nose:(221,186) [1682ms]
2026-04-07 11:20:19,830 [INFO] face_processor — Level 1 (Haar) detected — eyes:(169,194) nose:(211,220) [1874ms]
2026-04-07 11:20:21,727 [INFO] face_processor — Level 1 (Haar) detected — eyes:(214,302) nose:(281,356) [1791ms]
2026-04-07 11:20:23,596 [INFO] face_processor — Level 1 (Haar) detected — eyes:(180,209) nose:(231,254) [1772ms]
2026-04-07 11:20:25,459 [INFO] face_processor — Level 1 (Haar) detected — eyes:(187,217) nose:(228,250) [1761ms]
2026-04-07 11:20:27,173 [INFO] face_processor — Level 1 (Haar) detected — eyes:(177,274) nose:(220,313) [1609ms]
2026-04-07 11:20:28,967 [INFO] face_processor — Level 1 (Haar) detected — eyes:(251,182) nose:(285,206) [1656ms]
2026-04-07 11:20:31,032 [INFO] face_processor — Level 1 (Haar) detected — eyes:(186,238) nose:(225,269) [1951ms]
2026-04-07 11:20:32,834 [INFO] face_processor — Level 1 (Haar) detected — eyes:(195,288) nose:(249,329) [1696ms]
2026-04-07 11:20:34,228 [INFO] face_processor — Level 1 (Haar) detected — eyes:(79,120) nose:(116,141) [1281ms]
2026-04-07 11:20:36,200 [INFO] face_processor — Level 1 (Haar) detected — eyes:(173,236) nose:(241,285) [1874ms]
2026-04-07 11:20:37,525 [INFO] face_processor — Level 1 (Haar) detected — eyes:(80,70) nose:(100,84) [1200ms]
2026-04-07 11:20:39,269 [INFO] face_processor — Level 1 (Haar) detected — eyes:(205,194) nose:(243,222) [1625ms]
2026-04-07 11:20:41,141 [INFO] face_processor — Level 1 (Haar) detected — eyes:(0,0) nose:(247,220) [1739ms]
2026-04-07 11:20:42,748 [INFO] face_processor — Level 1 (Haar) detected — eyes:(108,112) nose:(131,132) [1454ms]
2026-04-07 11:20:44,515 [INFO] face_processor — Level 1 (Haar) detected — eyes:(161,179) nose:(204,213) [1647ms]
2026-04-07 11:20:46,450 [INFO] face_processor — Level 1 (Haar) detected — eyes:(197,192) nose:(241,226) [1847ms]
2026-04-07 11:20:48,052 [INFO] face_processor — Level 1 (Haar) detected — eyes:(108,103) nose:(132,123) [1489ms]
2026-04-07 11:20:49,719 [INFO] face_processor — Level 1 (Haar) detected — eyes:(181,158) nose:(217,186) [1553ms]
2026-04-07 11:20:51,439 [INFO] face_processor — Level 1 (Haar) detected — eyes:(184,194) nose:(234,224) [1603ms]
2026-04-07 11:20:53,509 [INFO] face_processor — Level 1 (Haar) detected — eyes:(194,217) nose:(250,265) [1989ms]
2026-04-07 11:20:55,345 [INFO] face_processor — Level 1 (Haar) detected — eyes:(125,163) nose:(181,199) [1734ms]
2026-04-07 11:20:56,865 [INFO] face_processor — Level 1 (Haar) detected — eyes:(250,289) nose:(292,328) [1386ms]
2026-04-07 11:20:58,356 [INFO] face_processor — Level 1 (Haar) detected — eyes:(248,151) nose:(250,189) [1416ms]
2026-04-07 11:21:00,292 [INFO] face_processor — Level 1 (Haar) detected — eyes:(180,304) nose:(254,361) [1845ms]
2026-04-07 11:21:01,886 [INFO] face_processor — Level 1 (Haar) detected — eyes:(169,273) nose:(229,328) [1488ms]
2026-04-07 11:21:03,118 [INFO] face_processor — Level 1 (Haar) detected — eyes:(113,111) nose:(135,129) [1136ms]
2026-04-07 11:21:05,090 [INFO] face_processor — Level 1 (Haar) detected — eyes:(156,179) nose:(201,211) [1832ms]
2026-04-07 11:21:06,745 [INFO] face_processor — Level 1 (Haar) detected — eyes:(197,202) nose:(244,236) [1553ms]
2026-04-07 11:21:08,480 [INFO] face_processor — Level 1 (Haar) detected — eyes:(189,226) nose:(233,260) [1623ms]
2026-04-07 11:21:10,385 [INFO] face_processor — Level 1 (Haar) detected — eyes:(162,184) nose:(215,226) [1787ms]
2026-04-07 11:21:12,013 [INFO] face_processor — Level 1 (Haar) detected — eyes:(151,151) nose:(182,194) [1529ms]
2026-04-07 11:21:14,029 [INFO] face_processor — Level 1 (Haar) detected — eyes:(239,218) nose:(293,260) [1908ms]
2026-04-07 11:21:16,056 [INFO] face_processor — Level 1 (Haar) detected — eyes:(206,222) nose:(243,254) [1914ms]
2026-04-07 11:21:17,899 [INFO] face_processor — Level 1 (Haar) detected — eyes:(192,206) nose:(237,246) [1730ms]
2026-04-07 11:21:19,571 [INFO] face_processor — Level 1 (Haar) detected — eyes:(188,217) nose:(238,262) [1580ms]
2026-04-07 11:21:21,214 [INFO] face_processor — Level 1 (Haar) detected — eyes:(178,221) nose:(222,264) [1521ms]
2026-04-07 11:21:22,970 [INFO] face_processor — Level 1 (Haar) detected — eyes:(196,184) nose:(240,217) [1657ms]
2026-04-07 11:21:24,333 [INFO] face_processor — Level 1 (Haar) detected — eyes:(93,124) nose:(117,149) [1253ms]
2026-04-07 11:21:26,030 [INFO] face_processor — Level 1 (Haar) detected — eyes:(213,238) nose:(258,266) [1603ms]
2026-04-07 11:21:27,868 [INFO] face_processor — Level 1 (Haar) detected — eyes:(168,180) nose:(215,216) [1692ms]
2026-04-07 11:21:29,435 [INFO] face_processor — Level 1 (Haar) detected — eyes:(153,170) nose:(192,195) [1479ms]
2026-04-07 11:21:30,925 [INFO] face_processor — Level 1 (Haar) detected — eyes:(159,186) nose:(203,220) [1379ms]
2026-04-07 11:21:32,799 [INFO] face_processor — Level 1 (Haar) detected — eyes:(162,317) nose:(244,377) [1764ms]
2026-04-07 11:21:34,456 [INFO] face_processor — Level 1 (Haar) detected — eyes:(222,141) nose:(257,164) [1541ms]
2026-04-07 11:21:36,079 [INFO] face_processor — Level 1 (Haar) detected — eyes:(201,226) nose:(247,262) [1502ms]
2026-04-07 11:21:37,855 [INFO] face_processor — Level 1 (Haar) detected — eyes:(203,228) nose:(240,254) [1674ms]
2026-04-07 11:21:39,696 [INFO] face_processor — Level 1 (Haar) detected — eyes:(204,260) nose:(266,306) [1720ms]
2026-04-07 11:21:41,262 [INFO] face_processor — Level 1 (Haar) detected — eyes:(186,213) nose:(226,246) [1434ms]
2026-04-07 11:21:43,029 [INFO] face_processor — Level 1 (Haar) detected — eyes:(181,254) nose:(225,285) [1668ms]
2026-04-07 11:26:31,452 [INFO] database — DB 'face_capture_db' ready.
2026-04-07 11:26:31,658 [INFO] database — Original 4 tables synced in 'face_capture_db'.
2026-04-07 11:26:31,763 [INFO] database — New 4 tables verified/created in 'face_capture_db'.
2026-04-07 11:26:31,763 [INFO] face_processor — Pre-loading DeepFace model weights…
2026-04-07 11:26:31,763 [INFO] main — Model preload started in background — server is online immediately.
2026-04-07 11:27:11,909 [WARNING] tensorflow — From C:\Siva successful projects\Face capture\PyBackend\venv310\lib\site-packages\tf_keras\src\losses.py:2976: The name tf.losses.sparse_softmax_cross_entropy is deprecated. Please use tf.compat.v1.losses.sparse_softmax_cross_entropy instead.

2026-04-07 11:27:15,924 [INFO] face_processor — DeepFace loaded (model=ArcFace)
2026-04-07 11:27:15,924 [INFO] face_processor — DeepFace loaded (model=ArcFace)
2026-04-07 11:27:31,225 [INFO] database — DB 'face_capture_db' ready.
2026-04-07 11:27:31,399 [INFO] database — Original 4 tables synced in 'face_capture_db'.
2026-04-07 11:27:31,463 [INFO] database — New 4 tables verified/created in 'face_capture_db'.
2026-04-07 11:27:31,463 [INFO] face_processor — Pre-loading DeepFace model weights…
2026-04-07 11:27:31,463 [INFO] main — Model preload started in background — server is online immediately.
2026-04-07 11:27:57,148 [WARNING] tensorflow — From C:\Siva successful projects\Face capture\PyBackend\venv310\lib\site-packages\tf_keras\src\losses.py:2976: The name tf.losses.sparse_softmax_cross_entropy is deprecated. Please use tf.compat.v1.losses.sparse_softmax_cross_entropy instead.

2026-04-07 11:27:59,285 [INFO] face_processor — DeepFace loaded (model=ArcFace)
2026-04-07 11:27:59,285 [INFO] face_processor — DeepFace loaded (model=ArcFace)
2026-04-07 11:28:21,470 [INFO] face_processor — DeepFace pre-load OK.
2026-04-07 11:28:21,470 [INFO] main — ✅ Model ready — all uploads will now be < 200 ms.
2026-04-07 11:28:21,479 [INFO] face_processor — Level 3 (DNN-opencv) detected [49181ms]
2026-04-07 11:28:22,847 [INFO] face_processor — Level 3 (DNN-opencv) detected [1368ms]
2026-04-07 11:28:43,863 [INFO] face_processor — Level 3 (DNN-opencv) detected [1265ms]
2026-04-07 11:28:45,808 [INFO] face_processor — Level 3 (DNN-opencv) detected [1948ms]
2026-04-07 11:29:47,792 [INFO] face_processor — Level 3 (DNN-opencv) detected [1966ms]
2026-04-07 11:29:48,154 [INFO] face_processor — All detection levels failed — face required, rejecting
2026-04-07 11:30:02,932 [INFO] face_processor — Level 3 (DNN-opencv) detected [1995ms]
2026-04-07 11:30:04,122 [INFO] face_processor — Level 3 (DNN-opencv) detected [1186ms]
2026-04-07 11:30:18,541 [INFO] face_processor — Level 3 (DNN-opencv) detected [2003ms]
2026-04-07 11:30:19,706 [INFO] face_processor — Level 3 (DNN-opencv) detected [1161ms]
2026-04-07 11:42:22,480 [INFO] database — DB 'face_capture_db' ready.
2026-04-07 11:42:22,677 [INFO] database — Original 4 tables synced in 'face_capture_db'.
2026-04-07 11:42:22,682 [INFO] database — Original 4 tables synced in 'face_capture_db'.
2026-04-07 11:42:22,758 [INFO] database — New 4 tables verified/created in 'face_capture_db'.
2026-04-07 11:42:22,758 [INFO] database — New 4 tables verified/created in 'face_capture_db'.
2026-04-07 11:42:22,761 [INFO] face_processor — Pre-loading DeepFace model weights…
2026-04-07 11:42:22,761 [INFO] main — Model preload started in background — server is online immediately.
2026-04-07 11:42:22,761 [INFO] face_processor — Pre-loading DeepFace model weights…
2026-04-07 11:42:22,761 [INFO] main — Model preload started in background — server is online immediately.
2026-04-07 12:02:21,328 [INFO] database — DB 'face_capture_db' ready.
2026-04-07 12:02:21,595 [INFO] database — Original 4 tables synced in 'face_capture_db'.
2026-04-07 12:02:21,676 [INFO] database — New 4 tables verified/created in 'face_capture_db'.
2026-04-07 12:02:21,676 [INFO] face_processor — Pre-loading DeepFace model weights…
2026-04-07 12:02:21,676 [INFO] main — Model preload started in background — server is online immediately.
2026-04-07 12:02:22,384 [INFO] database — DB 'face_capture_db' ready.
2026-04-07 12:02:22,400 [INFO] database — Original 4 tables synced in 'face_capture_db'.
2026-04-07 12:02:22,400 [INFO] database — New 4 tables verified/created in 'face_capture_db'.
2026-04-07 12:02:22,409 [INFO] face_processor — Pre-loading DeepFace model weights…
2026-04-07 12:02:22,409 [INFO] main — Model preload started in background — server is online immediately.
2026-04-07 12:02:29,169 [WARNING] tensorflow — From C:\Siva successful projects\Face capture\PyBackend\venv310\lib\site-packages\tf_keras\src\losses.py:2976: The name tf.losses.sparse_softmax_cross_entropy is deprecated. Please use tf.compat.v1.losses.sparse_softmax_cross_entropy instead.

2026-04-07 12:02:30,383 [INFO] face_processor — DeepFace loaded (model=ArcFace)
2026-04-07 12:02:33,398 [INFO] face_processor — DeepFace pre-load OK.
2026-04-07 12:02:33,398 [INFO] main — ✅ Model ready — all uploads will now be < 200 ms.
2026-04-07 12:33:40,713 [INFO] database — DB 'face_capture_db' ready.
2026-04-07 12:33:40,992 [INFO] database — Original 4 tables synced in 'face_capture_db'.
2026-04-07 12:33:41,093 [INFO] database — New 4 tables verified/created in 'face_capture_db'.
2026-04-07 12:33:41,100 [INFO] face_processor — Pre-loading DeepFace model weights…
2026-04-07 12:33:41,100 [INFO] main — Model preload started in background — server is online immediately.
2026-04-07 12:34:02,827 [WARNING] tensorflow — From C:\Siva successful projects\Face capture\PyBackend\venv310\lib\site-packages\tf_keras\src\losses.py:2976: The name tf.losses.sparse_softmax_cross_entropy is deprecated. Please use tf.compat.v1.losses.sparse_softmax_cross_entropy instead.

2026-04-07 12:34:05,352 [INFO] face_processor — DeepFace loaded (model=ArcFace)
2026-04-07 12:34:11,819 [INFO] face_processor — DeepFace pre-load OK.
2026-04-07 12:34:11,821 [INFO] main — ✅ Model ready — all uploads will now be < 200 ms.
2026-04-07 12:34:26,252 [INFO] face_processor — All detection levels failed — face required, rejecting
2026-04-07 12:34:33,296 [INFO] face_processor — Level 3 (DNN-opencv) detected [1809ms]
2026-04-07 12:34:33,364 [INFO] main — identify-registered | best='25108210_Photo.jpg' cos=0.4177 pct=64.6% matched=False | 1879ms
2026-04-07 12:34:47,818 [INFO] face_processor — Level 1 (Haar) detected — eyes:(161,145) nose:(196,169) [1090ms]
2026-04-07 12:34:55,640 [INFO] face_processor — Level 4 (denoise/gamma opencv) detected [2143ms]
2026-04-07 12:34:55,675 [INFO] main — identify-registered | best='25102512_Photo.jpg' cos=0.4613 pct=66.1% matched=False | 2179ms
2026-04-07 12:35:09,425 [INFO] face_processor — Level 1 (Haar) detected — eyes:(170,272) nose:(240,321) [1077ms]
2026-04-07 12:35:16,778 [INFO] face_processor — Level 3 (DNN-opencv) detected [2419ms]
2026-04-07 12:35:16,802 [INFO] main — identify-registered | best='profile.jpeg' cos=0.6805 pct=73.8% matched=True | 2449ms
2026-04-07 12:36:08,542 [INFO] face_processor — Level 3 (DNN-opencv) detected [951ms]
2026-04-07 12:36:09,491 [INFO] face_processor — Level 3 (DNN-opencv) detected [947ms]
2026-04-07 12:36:59,447 [INFO] face_processor — Level 3 (DNN-opencv) detected [603ms]
2026-04-07 12:37:00,421 [INFO] face_processor — Level 3 (DNN-opencv) detected [974ms]
2026-04-07 12:37:11,563 [INFO] face_processor — Level 3 (DNN-opencv) detected [691ms]
2026-04-07 12:37:12,231 [INFO] face_processor — Level 3 (DNN-opencv) detected [667ms]
2026-04-07 12:37:34,367 [INFO] face_processor — Level 3 (DNN-opencv) detected [934ms]
2026-04-07 12:37:35,462 [INFO] face_processor — Level 3 (DNN-opencv) detected [1098ms]
2026-04-07 12:38:00,448 [INFO] face_processor — Level 3 (DNN-opencv) detected [926ms]
2026-04-07 12:38:01,375 [INFO] face_processor — Level 3 (DNN-opencv) detected [927ms]
2026-04-07 12:38:12,497 [INFO] face_processor — Level 3 (DNN-opencv) detected [1137ms]
2026-04-07 12:38:13,355 [INFO] face_processor — Level 3 (DNN-opencv) detected [857ms]
2026-04-07 12:38:21,955 [INFO] face_processor — Level 3 (DNN-opencv) detected [1034ms]
2026-04-07 12:38:22,904 [INFO] face_processor — Level 3 (DNN-opencv) detected [949ms]
2026-04-07 12:38:40,761 [INFO] face_processor — Level 3 (DNN-opencv) detected [1048ms]
2026-04-07 12:38:41,744 [INFO] face_processor — Level 3 (DNN-opencv) detected [982ms]
2026-04-07 12:39:00,974 [INFO] face_processor — Level 3 (DNN-opencv) detected [1091ms]
2026-04-07 12:39:01,638 [INFO] face_processor — Level 3 (DNN-opencv) detected [666ms]
2026-04-07 12:39:10,467 [INFO] face_processor — Level 3 (DNN-opencv) detected [1205ms]
2026-04-07 12:39:11,117 [INFO] face_processor — Level 3 (DNN-opencv) detected [650ms]
2026-04-07 12:39:33,051 [INFO] face_processor — Level 3 (DNN-opencv) detected [948ms]
2026-04-07 12:39:33,924 [INFO] face_processor — Level 3 (DNN-opencv) detected [873ms]
2026-04-07 12:40:01,197 [INFO] face_processor — Level 3 (DNN-opencv) detected [1493ms]
2026-04-07 12:40:02,070 [INFO] face_processor — Level 3 (DNN-opencv) detected [870ms]
2026-04-07 12:40:17,612 [INFO] face_processor — Level 3 (DNN-opencv) detected [1633ms]
2026-04-07 12:40:17,743 [INFO] main — identify-registered | best='profile.jpeg' cos=0.5269 pct=68.4% matched=False | 1774ms
2026-04-07 12:40:23,234 [INFO] face_processor — Level 3 (DNN-opencv) detected [1480ms]
2026-04-07 12:40:23,284 [INFO] main — identify-registered | best='profile.jpeg' cos=0.6444 pct=72.6% matched=True | 1529ms
2026-04-07 12:40:57,520 [INFO] face_processor — All detection levels failed — face required, rejecting
2026-04-07 12:41:09,344 [INFO] face_processor — All detection levels failed — face required, rejecting
2026-04-07 12:41:11,006 [INFO] face_processor — All detection levels failed — face required, rejecting
2026-04-07 12:41:11,723 [INFO] face_processor — All detection levels failed — face required, rejecting
2026-04-07 12:41:12,508 [INFO] face_processor — All detection levels failed — face required, rejecting
2026-04-07 12:41:13,318 [INFO] face_processor — All detection levels failed — face required, rejecting
2026-04-07 12:41:14,108 [INFO] face_processor — All detection levels failed — face required, rejecting
2026-04-07 12:41:14,785 [INFO] face_processor — All detection levels failed — face required, rejecting
2026-04-07 12:41:15,495 [INFO] face_processor — All detection levels failed — face required, rejecting
2026-04-07 12:41:16,188 [INFO] face_processor — All detection levels failed — face required, rejecting
2026-04-07 12:41:16,877 [INFO] face_processor — All detection levels failed — face required, rejecting
2026-04-07 12:41:17,562 [INFO] face_processor — All detection levels failed — face required, rejecting
2026-04-07 12:41:18,232 [INFO] face_processor — All detection levels failed — face required, rejecting
2026-04-07 12:41:20,046 [INFO] face_processor — All detection levels failed — face required, rejecting
2026-04-07 12:41:20,882 [INFO] face_processor — All detection levels failed — face required, rejecting
2026-04-07 12:41:21,638 [INFO] face_processor — All detection levels failed — face required, rejecting
2026-04-07 12:41:22,388 [INFO] face_processor — All detection levels failed — face required, rejecting
2026-04-07 12:41:23,137 [INFO] face_processor — All detection levels failed — face required, rejecting
2026-04-07 12:41:23,932 [INFO] face_processor — All detection levels failed — face required, rejecting
2026-04-07 12:41:24,695 [INFO] face_processor — All detection levels failed — face required, rejecting
2026-04-07 12:41:25,433 [INFO] face_processor — All detection levels failed — face required, rejecting
2026-04-07 12:41:26,161 [INFO] face_processor — All detection levels failed — face required, rejecting
2026-04-07 12:41:26,849 [INFO] face_processor — All detection levels failed — face required, rejecting
2026-04-07 12:41:27,709 [INFO] face_processor — All detection levels failed — face required, rejecting
2026-04-07 12:41:28,442 [INFO] face_processor — All detection levels failed — face required, rejecting
2026-04-07 12:41:29,123 [INFO] face_processor — All detection levels failed — face required, rejecting
2026-04-07 12:41:29,791 [INFO] face_processor — All detection levels failed — face required, rejecting
2026-04-07 12:41:30,463 [INFO] face_processor — All detection levels failed — face required, rejecting
2026-04-07 12:41:31,205 [INFO] face_processor — All detection levels failed — face required, rejecting
2026-04-07 12:41:31,983 [INFO] face_processor — All detection levels failed — face required, rejecting
2026-04-07 12:41:32,665 [INFO] face_processor — All detection levels failed — face required, rejecting
2026-04-07 12:41:33,488 [INFO] face_processor — All detection levels failed — face required, rejecting
2026-04-07 12:41:34,227 [INFO] face_processor — All detection levels failed — face required, rejecting
2026-04-07 12:41:35,033 [INFO] face_processor — All detection levels failed — face required, rejecting
2026-04-07 12:41:35,780 [INFO] face_processor — All detection levels failed — face required, rejecting
2026-04-07 12:41:36,573 [INFO] face_processor — All detection levels failed — face required, rejecting
2026-04-08 15:24:48,841 [INFO] database — DB 'face_capture_db' ready.
2026-04-08 15:24:49,788 [INFO] database — Original 4 tables synced in 'face_capture_db'.
2026-04-08 15:24:49,950 [INFO] database — New 4 tables verified/created in 'face_capture_db'.
2026-04-08 15:24:49,952 [INFO] face_processor — Pre-loading DeepFace model weights…
2026-04-08 15:24:49,952 [INFO] main — Model preload started in background — server is online immediately.
2026-04-08 15:25:20,536 [WARNING] tensorflow — From C:\Siva successful projects\Face capture\PyBackend\venv310\lib\site-packages\tf_keras\src\losses.py:2976: The name tf.losses.sparse_softmax_cross_entropy is deprecated. Please use tf.compat.v1.losses.sparse_softmax_cross_entropy instead.

2026-04-08 15:25:26,797 [INFO] face_processor — DeepFace loaded (model=ArcFace)
2026-04-08 15:25:42,345 [INFO] face_processor — DeepFace pre-load OK.
2026-04-08 15:25:42,347 [INFO] main — ✅ Model ready — all uploads will now be < 200 ms.
2026-04-08 15:33:38,846 [INFO] database — DB 'face_capture_db' ready.
2026-04-08 15:33:39,037 [INFO] database — Original 4 tables synced in 'face_capture_db'.
2026-04-08 15:33:39,085 [INFO] database — New 4 tables verified/created in 'face_capture_db'.
2026-04-08 15:33:39,085 [INFO] face_processor — Pre-loading DeepFace model weights…
2026-04-08 15:33:39,085 [INFO] main — Model preload started in background — server is online immediately.
2026-04-08 15:43:45,467 [INFO] face_processor — Level 3 (DNN-opencv) detected [3936ms]
2026-04-08 15:43:46,218 [INFO] face_processor — Level 3 (DNN-opencv) detected [747ms]
